date,Rice
2005-01-01,14.799999999999999
2005-01-02,14.799999999999999
2005-01-03,14.799999999999999
2005-01-04,14.799999999999999
2005-01-05,14.799999999999999
2005-01-06,14.799999999999999
2005-01-07,14.799999999999999
2005-01-08,14.799999999999999
2005-01-09,14.75
2005-01-10,14.799999999999999
2005-01-11,14.799999999999999
2005-01-12,14.799999999999999
2005-01-13,14.799999999999999
2005-01-14,14.799999999999999
2005-01-15,14.799999999999999
2005-01-16,14.799999999999999
2005-01-17,14.799999999999999
2005-01-18,14.799999999999999
2005-01-19,14.799999999999999
2005-01-20,14.799999999999999
2005-01-21,14.799999999999999
2005-01-22,14.799999999999999
2005-01-23,14.799999999999999
2005-01-24,14.799999999999999
2005-01-25,14.799999999999999
2005-01-26,14.799999999999999
2005-01-27,14.799999999999999
2005-01-28,14.799999999999999
2005-01-29,14.799999999999999
2005-01-30,14.799999999999999
2005-01-31,14.799999999999999
2005-02-01,14.799999999999999
2005-02-02,14.799999999999999
2005-02-03,14.799999999999999
2005-02-04,14.799999999999999
2005-02-05,14.799999999999999
2005-02-06,14.799999999999999
2005-02-07,14.799999999999999
2005-02-08,14.799999999999999
2005-02-09,14.799999999999999
2005-02-10,14.799999999999999
2005-02-11,14.799999999999999
2005-02-12,14.799999999999999
2005-02-13,14.799999999999999
2005-02-14,14.799999999999999
2005-02-15,14.799999999999999
2005-02-16,14.799999999999999
2005-02-17,14.799999999999999
2005-02-18,14.799999999999999
2005-02-19,14.799999999999999
2005-02-20,14.799999999999999
2005-02-21,14.799999999999999
2005-02-22,14.799999999999999
2005-02-23,14.813333333333333
2005-02-24,14.826666666666666
2005-02-25,14.839999999999998
2005-02-26,14.853333333333333
2005-02-27,14.866666666666665
2005-02-28,14.866666666666665
2005-03-01,14.883333333333333
2005-03-02,14.9
2005-03-03,14.916666666666666
2005-03-04,14.933333333333332
2005-03-05,14.949999999999998
2005-03-06,14.966666666666667
2005-03-07,14.983333333333334
2005-03-08,15.0
2005-03-09,15.016666666666666
2005-03-10,15.033333333333331
2005-03-11,15.049999999999999
2005-03-12,15.057575757575757
2005-03-13,15.065151515151515
2005-03-14,15.072727272727272
2005-03-15,15.080303030303028
2005-03-16,15.087878787878788
2005-03-17,15.095454545454544
2005-03-18,15.105228105228107
2005-03-19,15.115001665001666
2005-03-20,15.124775224775226
2005-03-21,15.134548784548784
2005-03-22,15.144322344322346
2005-03-23,15.154095904095904
2005-03-24,15.163869463869466
2005-03-25,15.173643023643024
2005-03-26,15.183416583416582
2005-03-27,15.193190143190142
2005-03-28,15.202963702963705
2005-03-29,15.212737262737262
2005-03-30,15.222510822510822
2005-03-31,15.232284382284382
2005-04-01,15.242057942057942
2005-04-02,15.251831501831502
2005-04-03,15.254029304029304
2005-04-04,15.256227106227106
2005-04-05,15.258424908424908
2005-04-06,15.260622710622712
2005-04-07,15.262820512820511
2005-04-08,15.265018315018315
2005-04-09,15.267216117216117
2005-04-10,15.26941391941392
2005-04-11,15.271611721611722
2005-04-12,15.273809523809524
2005-04-13,15.276007326007326
2005-04-14,15.27820512820513
2005-04-15,15.28040293040293
2005-04-16,15.282600732600732
2005-04-17,15.284798534798535
2005-04-18,15.286996336996337
2005-04-19,15.289194139194139
2005-04-20,15.291391941391941
2005-04-21,15.293589743589743
2005-04-22,15.295787545787546
2005-04-23,15.297985347985348
2005-04-24,15.30018315018315
2005-04-25,15.302380952380952
2005-04-26,15.304578754578756
2005-04-27,15.306776556776557
2005-04-28,15.308974358974359
2005-04-29,15.311172161172161
2005-04-30,15.313369963369965
2005-05-01,14.982234432234433
2005-05-02,14.984432234432234
2005-05-03,14.986630036630038
2005-05-04,14.98882783882784
2005-05-05,14.907692307692308
2005-05-06,14.92100122100122
2005-05-07,14.934310134310136
2005-05-08,14.947619047619048
2005-05-09,14.960927960927961
2005-05-10,14.974236874236874
2005-05-11,14.98754578754579
2005-05-12,14.989743589743588
2005-05-13,15.191941391941393
2005-05-14,15.194139194139192
2005-05-15,15.196336996336996
2005-05-16,15.1985347985348
2005-05-17,15.200732600732602
2005-05-18,15.2029304029304
2005-05-19,15.205128205128204
2005-05-20,15.207326007326008
2005-05-21,15.20952380952381
2005-05-22,15.211721611721613
2005-05-23,15.213919413919413
2005-05-24,15.216117216117217
2005-05-25,15.21831501831502
2005-05-26,15.220512820512822
2005-05-27,15.222710622710622
2005-05-28,15.224908424908426
2005-05-29,15.227106227106226
2005-05-30,15.22930402930403
2005-05-31,15.23150183150183
2005-06-01,15.233699633699635
2005-06-02,15.235897435897437
2005-06-03,15.204761904761904
2005-06-04,15.213626373626374
2005-06-05,15.222490842490842
2005-06-06,15.23135531135531
2005-06-07,15.24021978021978
2005-06-08,15.249084249084248
2005-06-09,15.251282051282052
2005-06-10,15.301098901098902
2005-06-11,15.350915750915751
2005-06-12,15.400732600732601
2005-06-13,15.45054945054945
2005-06-14,15.5003663003663
2005-06-15,15.55018315018315
2005-06-16,15.6
2005-06-17,15.433333333333332
2005-06-18,15.433333333333332
2005-06-19,15.433333333333332
2005-06-20,15.433333333333332
2005-06-21,15.433333333333332
2005-06-22,15.433333333333332
2005-06-23,15.433333333333332
2005-06-24,15.433333333333332
2005-06-25,15.433333333333332
2005-06-26,15.53006993006993
2005-06-27,15.626806526806527
2005-06-28,15.705999263894
2005-06-29,15.785192000981473
2005-06-30,15.86438473806895
2005-07-01,15.943577475156424
2005-07-02,16.022770212243895
2005-07-03,16.10196294933137
2005-07-04,16.181155686418844
2005-07-05,16.26034842350632
2005-07-06,16.339541160593793
2005-07-07,16.37327935222672
2005-07-08,16.398245614035087
2005-07-09,16.371929824561402
2005-07-10,16.345614035087717
2005-07-11,16.319298245614036
2005-07-12,16.29298245614035
2005-07-13,16.266666666666666
2005-07-14,16.240350877192984
2005-07-15,16.2140350877193
2005-07-16,16.187719298245614
2005-07-17,16.178947368421053
2005-07-18,16.17017543859649
2005-07-19,16.16140350877193
2005-07-20,16.152631578947368
2005-07-21,16.143859649122806
2005-07-22,16.09619883040936
2005-07-23,16.048538011695907
2005-07-24,16.000877192982458
2005-07-25,15.953216374269005
2005-07-26,15.905555555555557
2005-07-27,16.033333333333335
2005-07-28,16.033333333333335
2005-07-29,16.0
2005-07-30,15.992424242424242
2005-07-31,15.984848484848484
2005-08-01,15.977272727272728
2005-08-02,15.969696969696969
2005-08-03,15.962121212121213
2005-08-04,15.965656565656564
2005-08-05,15.969191919191921
2005-08-06,15.97272727272727
2005-08-07,15.981818181818182
2005-08-08,15.99090909090909
2005-08-09,16.0
2005-08-10,16.016666666666666
2005-08-11,16.00897435897436
2005-08-12,16.00128205128205
2005-08-13,16.025407925407926
2005-08-14,16.0495337995338
2005-08-15,16.073659673659673
2005-08-16,16.09778554778555
2005-08-17,16.12191142191142
2005-08-18,16.146037296037296
2005-08-19,16.170163170163168
2005-08-20,16.194289044289047
2005-08-21,16.21841491841492
2005-08-22,16.242540792540794
2005-08-23,16.266666666666666
2005-08-24,15.700000000000001
2005-08-25,15.589999999999998
2005-08-26,15.58
2005-08-27,15.57
2005-08-28,15.56
2005-08-29,15.549999999999999
2005-08-30,15.54
2005-08-31,15.530000000000001
2005-09-01,15.520000000000001
2005-09-02,15.51
2005-09-03,15.5
2005-09-04,15.5
2005-09-05,15.5
2005-09-06,15.541666666666666
2005-09-07,15.583333333333334
2005-09-08,15.625
2005-09-09,15.666666666666666
2005-09-10,15.666666666666666
2005-09-11,15.666666666666666
2005-09-12,15.666666666666666
2005-09-13,15.666666666666666
2005-09-14,15.666666666666666
2005-09-15,15.666666666666666
2005-09-16,15.666666666666666
2005-09-17,15.655555555555557
2005-09-18,15.644444444444444
2005-09-19,15.633333333333333
2005-09-20,15.622222222222222
2005-09-21,15.611111111111109
2005-09-22,15.6
2005-09-23,15.588888888888889
2005-09-24,15.577777777777778
2005-09-25,15.566666666666668
2005-09-26,15.555555555555557
2005-09-27,15.544444444444444
2005-09-28,15.533333333333333
2005-09-29,15.522222222222224
2005-09-30,15.511111111111111
2005-10-01,15.5
2005-10-02,15.5
2005-10-03,15.5
2005-10-04,15.5
2005-10-05,15.5
2005-10-06,15.5
2005-10-07,15.5
2005-10-08,15.523809523809524
2005-10-09,15.547619047619046
2005-10-10,15.571428571428571
2005-10-11,15.595238095238095
2005-10-12,15.61904761904762
2005-10-13,15.642857142857144
2005-10-14,15.666666666666666
2005-10-15,15.666666666666666
2005-10-16,15.666666666666666
2005-10-17,15.666666666666666
2005-10-18,15.666666666666666
2005-10-19,15.666666666666666
2005-10-20,15.666666666666666
2005-10-21,15.666666666666666
2005-10-22,15.666666666666666
2005-10-23,15.666666666666666
2005-10-24,15.666666666666666
2005-10-25,15.666666666666666
2005-10-26,15.666666666666666
2005-10-27,15.666666666666666
2005-10-28,15.833333333333334
2005-10-29,15.866666666666667
2005-10-30,15.836363636363636
2005-10-31,15.772727272727272
2005-11-01,15.742424242424242
2005-11-02,15.712121212121213
2005-11-03,15.681818181818182
2005-11-04,15.65151515151515
2005-11-05,15.621212121212123
2005-11-06,15.590909090909092
2005-11-07,15.56060606060606
2005-11-08,15.530303030303031
2005-11-09,15.700000000000001
2005-11-10,15.81111111111111
2005-11-11,15.922222222222222
2005-11-12,16.033333333333335
2005-11-13,16.044444444444444
2005-11-14,16.055555555555557
2005-11-15,16.233333333333334
2005-11-16,16.233333333333334
2005-11-17,16.233333333333334
2005-11-18,16.2
2005-11-19,16.166666666666668
2005-11-20,16.233333333333334
2005-11-21,16.233333333333334
2005-11-22,16.366666666666667
2005-11-23,16.333333333333332
2005-11-24,16.333333333333332
2005-11-25,16.333333333333332
2005-11-26,16.333333333333332
2005-11-27,16.358333333333334
2005-11-28,16.383333333333333
2005-11-29,15.908333333333333
2005-11-30,15.933333333333332
2005-12-01,15.933333333333332
2005-12-02,15.933333333333332
2005-12-03,15.933333333333332
2005-12-04,15.933333333333332
2005-12-05,15.933333333333332
2005-12-06,15.933333333333332
2005-12-07,15.933333333333332
2005-12-08,15.933333333333332
2005-12-09,15.90952380952381
2005-12-10,15.885714285714286
2005-12-11,15.828571428571427
2005-12-12,15.804761904761904
2005-12-13,15.78095238095238
2005-12-14,15.223809523809527
2005-12-15,15.416666666666666
2005-12-16,15.450000000000001
2005-12-17,15.200000000000001
2005-12-18,15.200000000000001
2005-12-19,15.200000000000001
2005-12-20,15.666666666666666
2005-12-21,15.866666666666667
2005-12-22,15.88
2005-12-23,15.893333333333333
2005-12-24,15.906666666666666
2005-12-25,15.920000000000002
2005-12-26,15.933333333333332
2005-12-27,15.9
2005-12-28,15.893939393939396
2005-12-29,15.887878787878789
2005-12-30,15.881818181818181
2005-12-31,15.709090909090909
2006-01-01,15.703030303030303
2006-01-02,15.696969696969697
2006-01-03,15.690909090909093
2006-01-04,15.684848484848485
2006-01-05,15.67878787878788
2006-01-06,15.672727272727272
2006-01-07,14.333333333333334
2006-01-08,14.326666666666668
2006-01-09,14.32
2006-01-10,14.479999999999999
2006-01-11,14.473333333333334
2006-01-12,14.466666666666667
2006-01-13,14.459999999999999
2006-01-14,14.453333333333333
2006-01-15,14.502222222222223
2006-01-16,14.551111111111112
2006-01-17,14.6
2006-01-18,13.933333333333332
2006-01-19,14.066666666666668
2006-01-20,14.033333333333333
2006-01-21,14.166666666666666
2006-01-22,14.299999999999999
2006-01-23,14.433333333333332
2006-01-24,14.427777777777777
2006-01-25,14.588888888888889
2006-01-26,14.583333333333334
2006-01-27,14.583333333333334
2006-01-28,14.583333333333334
2006-01-29,14.597222222222223
2006-01-30,14.611111111111109
2006-01-31,14.569444444444443
2006-02-01,14.527777777777779
2006-02-02,14.486111111111109
2006-02-03,14.444444444444443
2006-02-04,14.388888888888891
2006-02-05,14.333333333333334
2006-02-06,14.277777777777777
2006-02-07,14.222222222222223
2006-02-08,14.166666666666666
2006-02-09,14.111111111111109
2006-02-10,14.055555555555557
2006-02-11,14.0
2006-02-12,13.944444444444443
2006-02-13,13.888888888888891
2006-02-14,13.833333333333334
2006-02-15,13.833333333333334
2006-02-16,13.833333333333334
2006-02-17,13.833333333333334
2006-02-18,13.833333333333334
2006-02-19,13.833333333333334
2006-02-20,13.833333333333334
2006-02-21,13.833333333333334
2006-02-22,13.833333333333334
2006-02-23,13.833333333333334
2006-02-24,13.922222222222222
2006-02-25,14.011111111111111
2006-02-26,14.1
2006-02-27,14.046666666666667
2006-02-28,13.993333333333334
2006-03-01,13.94
2006-03-02,13.886666666666665
2006-03-03,13.833333333333334
2006-03-04,13.833333333333334
2006-03-05,13.833333333333334
2006-03-06,13.5
2006-03-07,13.833333333333334
2006-03-08,13.833333333333334
2006-03-09,13.833333333333334
2006-03-10,13.833333333333334
2006-03-11,13.833333333333334
2006-03-12,13.833333333333334
2006-03-13,13.833333333333334
2006-03-14,13.833333333333334
2006-03-15,13.833333333333334
2006-03-16,13.799999999999999
2006-03-17,13.805555555555557
2006-03-18,13.811111111111112
2006-03-19,13.816666666666668
2006-03-20,13.822222222222223
2006-03-21,13.827777777777778
2006-03-22,13.833333333333334
2006-03-23,13.933333333333332
2006-03-24,13.916666666666666
2006-03-25,13.9
2006-03-26,13.883333333333333
2006-03-27,13.866666666666667
2006-03-28,13.85
2006-03-29,13.833333333333334
2006-03-30,13.833333333333334
2006-03-31,13.833333333333334
2006-04-01,14.166666666666666
2006-04-02,14.166666666666666
2006-04-03,14.166666666666666
2006-04-04,14.166666666666666
2006-04-05,14.166666666666666
2006-04-06,14.166666666666666
2006-04-07,14.166666666666666
2006-04-08,14.166666666666666
2006-04-09,14.166666666666666
2006-04-10,14.166666666666666
2006-04-11,14.166666666666666
2006-04-12,13.833333333333334
2006-04-13,11.1
2006-04-14,11.611111111111112
2006-04-15,12.122222222222222
2006-04-16,12.633333333333333
2006-04-17,13.144444444444446
2006-04-18,13.655555555555557
2006-04-19,14.166666666666666
2006-04-20,14.666666666666666
2006-04-21,14.666666666666666
2006-04-22,14.666666666666666
2006-04-23,14.666666666666666
2006-04-24,14.666666666666666
2006-04-25,14.666666666666666
2006-04-26,14.666666666666666
2006-04-27,14.666666666666666
2006-04-28,14.666666666666666
2006-04-29,14.666666666666666
2006-04-30,14.666666666666666
2006-05-01,14.666666666666666
2006-05-02,12.166666666666666
2006-05-03,14.666666666666666
2006-05-04,14.666666666666666
2006-05-05,14.666666666666666
2006-05-06,14.666666666666666
2006-05-07,14.666666666666666
2006-05-08,14.666666666666666
2006-05-09,14.666666666666666
2006-05-10,14.666666666666666
2006-05-11,14.666666666666666
2006-05-12,14.666666666666666
2006-05-13,14.666666666666666
2006-05-14,14.666666666666666
2006-05-15,14.666666666666666
2006-05-16,14.666666666666666
2006-05-17,14.666666666666666
2006-05-18,14.833333333333334
2006-05-19,14.833333333333334
2006-05-20,14.833333333333334
2006-05-21,14.833333333333334
2006-05-22,14.833333333333334
2006-05-23,14.833333333333334
2006-05-24,14.833333333333334
2006-05-25,14.833333333333334
2006-05-26,14.833333333333334
2006-05-27,14.833333333333334
2006-05-28,14.833333333333334
2006-05-29,14.833333333333334
2006-05-30,14.833333333333334
2006-05-31,14.833333333333334
2006-06-01,14.833333333333334
2006-06-02,14.833333333333334
2006-06-03,14.833333333333334
2006-06-04,14.833333333333334
2006-06-05,14.833333333333334
2006-06-06,14.833333333333334
2006-06-07,14.847619047619048
2006-06-08,14.861904761904762
2006-06-09,14.876190476190478
2006-06-10,14.957142857142856
2006-06-11,15.038095238095236
2006-06-12,15.11904761904762
2006-06-13,15.200000000000001
2006-06-14,15.266666666666666
2006-06-15,15.25
2006-06-16,15.269047619047619
2006-06-17,15.288095238095236
2006-06-18,15.307142857142857
2006-06-19,15.326190476190476
2006-06-20,15.345238095238097
2006-06-21,15.38095238095238
2006-06-22,15.416666666666666
2006-06-23,15.416666666666666
2006-06-24,14.0
2006-06-25,14.444444444444445
2006-06-26,14.888888888888891
2006-06-27,15.333333333333334
2006-06-28,15.333333333333334
2006-06-29,15.333333333333334
2006-06-30,15.0
2006-07-01,15.0
2006-07-02,15.0
2006-07-03,15.0
2006-07-04,15.0
2006-07-05,15.0
2006-07-06,15.0
2006-07-07,15.0
2006-07-08,15.001831501831502
2006-07-09,15.003663003663005
2006-07-10,14.672161172161173
2006-07-11,14.673992673992673
2006-07-12,14.675824175824175
2006-07-13,14.677655677655679
2006-07-14,14.279487179487178
2006-07-15,14.305128205128204
2006-07-16,14.33076923076923
2006-07-17,14.356410256410257
2006-07-18,14.382051282051284
2006-07-19,14.40769230769231
2006-07-20,14.433333333333332
2006-07-21,14.433333333333332
2006-07-22,14.5
2006-07-23,14.5
2006-07-24,14.5
2006-07-25,14.5
2006-07-26,14.5
2006-07-27,14.5
2006-07-28,14.5
2006-07-29,14.5
2006-07-30,14.5
2006-07-31,14.5
2006-08-01,14.5
2006-08-02,14.5
2006-08-03,14.5
2006-08-04,14.5
2006-08-05,14.566666666666668
2006-08-06,14.566666666666668
2006-08-07,14.583333333333334
2006-08-08,14.6
2006-08-09,14.5
2006-08-10,14.5
2006-08-11,14.5
2006-08-12,14.5
2006-08-13,14.5
2006-08-14,14.5
2006-08-15,14.5
2006-08-16,14.5
2006-08-17,14.5
2006-08-18,14.5
2006-08-19,14.5
2006-08-20,14.5
2006-08-21,14.5
2006-08-22,14.5
2006-08-23,14.5
2006-08-24,14.5
2006-08-25,14.5
2006-08-26,14.5
2006-08-27,14.553333333333333
2006-08-28,14.606666666666667
2006-08-29,14.660000000000002
2006-08-30,14.713333333333333
2006-08-31,14.766666666666666
2006-09-01,14.766666666666666
2006-09-02,14.766666666666666
2006-09-03,14.766666666666666
2006-09-04,14.766666666666666
2006-09-05,14.766666666666666
2006-09-06,14.933333333333332
2006-09-07,14.933333333333332
2006-09-08,14.5
2006-09-09,14.527777777777777
2006-09-10,14.555555555555557
2006-09-11,14.583333333333334
2006-09-12,14.611111111111109
2006-09-13,14.638888888888891
2006-09-14,14.666666666666666
2006-09-15,14.666666666666666
2006-09-16,14.666666666666666
2006-09-17,14.672463768115941
2006-09-18,14.678260869565216
2006-09-19,14.684057971014491
2006-09-20,14.68985507246377
2006-09-21,14.695652173913045
2006-09-22,14.70144927536232
2006-09-23,14.707246376811595
2006-09-24,14.71304347826087
2006-09-25,14.718840579710145
2006-09-26,14.72463768115942
2006-09-27,14.730434782608697
2006-09-28,14.760041407867496
2006-09-29,14.789648033126293
2006-09-30,14.819254658385093
2006-10-01,14.848861283643892
2006-10-02,14.878467908902692
2006-10-03,14.908074534161491
2006-10-04,14.937681159420288
2006-10-05,14.943478260869563
2006-10-06,14.949275362318842
2006-10-07,14.955072463768117
2006-10-08,14.960869565217392
2006-10-09,14.966666666666667
2006-10-10,14.972463768115942
2006-10-11,14.978260869565219
2006-10-12,14.984057971014492
2006-10-13,14.989855072463769
2006-10-14,14.995652173913044
2006-10-15,15.001449275362319
2006-10-16,15.007246376811594
2006-10-17,15.013043478260869
2006-10-18,15.018840579710144
2006-10-19,15.024637681159419
2006-10-20,15.030434782608696
2006-10-21,15.03623188405797
2006-10-22,15.042028985507246
2006-10-23,15.04782608695652
2006-10-24,15.053623188405796
2006-10-25,15.059420289855074
2006-10-26,15.06521739130435
2006-10-27,15.071014492753624
2006-10-28,15.0768115942029
2006-10-29,15.082608695652175
2006-10-30,15.08840579710145
2006-10-31,15.094202898550725
2006-11-01,15.1
2006-11-02,15.10952380952381
2006-11-03,15.11904761904762
2006-11-04,15.128571428571428
2006-11-05,15.138095238095238
2006-11-06,15.147619047619047
2006-11-07,15.157142857142858
2006-11-08,15.166666666666666
2006-11-09,15.166666666666666
2006-11-10,15.166666666666666
2006-11-11,15.166666666666666
2006-11-12,15.166666666666666
2006-11-13,15.166666666666666
2006-11-14,15.166666666666666
2006-11-15,15.166666666666666
2006-11-16,15.166666666666666
2006-11-17,15.166666666666666
2006-11-18,15.166666666666666
2006-11-19,15.159420289855072
2006-11-20,15.152173913043478
2006-11-21,15.144927536231885
2006-11-22,15.137681159420291
2006-11-23,15.132657004830918
2006-11-24,15.127632850241545
2006-11-25,15.122608695652175
2006-11-26,15.117584541062802
2006-11-27,15.112560386473428
2006-11-28,15.10753623188406
2006-11-29,15.102512077294685
2006-11-30,15.097487922705312
2006-12-01,15.092463768115941
2006-12-02,15.08743961352657
2006-12-03,15.082415458937199
2006-12-04,15.077391304347826
2006-12-05,15.072367149758454
2006-12-06,15.067342995169083
2006-12-07,15.062318840579712
2006-12-08,15.057294685990337
2006-12-09,15.052270531400966
2006-12-10,15.047246376811595
2006-12-11,15.042222222222222
2006-12-12,15.037198067632849
2006-12-13,15.03217391304348
2006-12-14,15.027149758454106
2006-12-15,15.022125603864735
2006-12-16,15.017101449275364
2006-12-17,15.012077294685989
2006-12-18,15.007053140096618
2006-12-19,15.002028985507247
2006-12-20,14.997004830917874
2006-12-21,14.991980676328502
2006-12-22,14.986956521739131
2006-12-23,14.968599033816426
2006-12-24,14.950241545893718
2006-12-25,14.931884057971017
2006-12-26,14.91352657004831
2006-12-27,14.895169082125603
2006-12-28,14.876811594202898
2006-12-29,14.869565217391305
2006-12-30,14.86231884057971
2006-12-31,14.855072463768115
2007-01-01,14.847826086956522
2007-01-02,14.840579710144928
2007-01-03,14.833333333333334
2007-01-04,14.833333333333334
2007-01-05,14.833333333333334
2007-01-06,14.833333333333334
2007-01-07,14.833333333333334
2007-01-08,14.833333333333334
2007-01-09,14.833333333333334
2007-01-10,14.833333333333334
2007-01-11,14.833333333333334
2007-01-12,15.0
2007-01-13,14.972222222222223
2007-01-14,14.944444444444443
2007-01-15,14.916666666666666
2007-01-16,14.888888888888891
2007-01-17,14.861111111111109
2007-01-18,14.833333333333334
2007-01-19,15.0
2007-01-20,14.833333333333334
2007-01-21,14.833333333333334
2007-01-22,14.833333333333334
2007-01-23,14.833333333333334
2007-01-24,14.833333333333334
2007-01-25,14.866666666666667
2007-01-26,14.9
2007-01-27,14.933333333333332
2007-01-28,14.966666666666667
2007-01-29,15.0
2007-01-30,15.033333333333333
2007-01-31,15.066666666666668
2007-02-01,15.1
2007-02-02,15.133333333333333
2007-02-03,15.166666666666666
2007-02-04,15.133333333333333
2007-02-05,15.1
2007-02-06,15.066666666666668
2007-02-07,15.033333333333333
2007-02-08,15.0
2007-02-09,14.966666666666667
2007-02-10,14.933333333333332
2007-02-11,14.9
2007-02-12,14.866666666666667
2007-02-13,14.833333333333334
2007-02-14,14.833333333333334
2007-02-15,14.833333333333334
2007-02-16,14.666666666666666
2007-02-17,14.5
2007-02-18,14.333333333333334
2007-02-19,14.166666666666666
2007-02-20,14.0
2007-02-21,14.0
2007-02-22,14.0
2007-02-23,14.0
2007-02-24,14.0
2007-02-25,14.0
2007-02-26,14.0
2007-02-27,14.0
2007-02-28,14.0
2007-03-01,14.0
2007-03-02,14.0
2007-03-03,14.0
2007-03-04,14.0
2007-03-05,14.0
2007-03-06,14.0
2007-03-07,14.0
2007-03-08,14.0
2007-03-09,14.0
2007-03-10,14.0
2007-03-11,14.0
2007-03-12,14.0
2007-03-13,14.0
2007-03-14,14.0
2007-03-15,14.0
2007-03-16,14.266666666666666
2007-03-17,14.266666666666666
2007-03-18,14.266666666666666
2007-03-19,14.266666666666666
2007-03-20,14.24888888888889
2007-03-21,14.23111111111111
2007-03-22,14.213333333333333
2007-03-23,14.195555555555556
2007-03-24,14.177777777777777
2007-03-25,14.160000000000002
2007-03-26,14.142222222222223
2007-03-27,14.124444444444444
2007-03-28,14.106666666666667
2007-03-29,14.088888888888889
2007-03-30,14.07111111111111
2007-03-31,14.053333333333333
2007-04-01,14.146666666666667
2007-04-02,14.24
2007-04-03,14.333333333333334
2007-04-04,14.333333333333334
2007-04-05,14.366666666666667
2007-04-06,14.433333333333332
2007-04-07,14.5
2007-04-08,14.566666666666668
2007-04-09,14.633333333333333
2007-04-10,14.700000000000001
2007-04-11,14.733333333333334
2007-04-12,14.4
2007-04-13,14.406666666666666
2007-04-14,14.413333333333332
2007-04-15,14.42
2007-04-16,14.426666666666668
2007-04-17,14.433333333333332
2007-04-18,14.428571428571429
2007-04-19,14.423809523809524
2007-04-20,14.419047619047618
2007-04-21,14.414285714285713
2007-04-22,14.40952380952381
2007-04-23,14.404761904761903
2007-04-24,14.4
2007-04-25,14.393798449612403
2007-04-26,14.387596899224805
2007-04-27,14.41472868217054
2007-04-28,14.408527131782947
2007-04-29,14.40232558139535
2007-04-30,14.396124031007753
2007-05-01,14.389922480620156
2007-05-02,14.383720930232558
2007-05-03,14.377519379844962
2007-05-04,14.371317829457363
2007-05-05,14.365116279069767
2007-05-06,14.358914728682171
2007-05-07,14.352713178294573
2007-05-08,14.346511627906978
2007-05-09,14.340310077519382
2007-05-10,14.334108527131782
2007-05-11,14.327906976744186
2007-05-12,14.321705426356587
2007-05-13,14.315503875968991
2007-05-14,14.309302325581394
2007-05-15,14.303100775193798
2007-05-16,14.296899224806202
2007-05-17,14.290697674418604
2007-05-18,14.284496124031008
2007-05-19,14.278294573643413
2007-05-20,14.272093023255815
2007-05-21,14.265891472868217
2007-05-22,14.25968992248062
2007-05-23,14.253488372093024
2007-05-24,14.247286821705424
2007-05-25,14.241085271317829
2007-05-26,14.234883720930233
2007-05-27,14.228682170542635
2007-05-28,14.22248062015504
2007-05-29,14.216279069767443
2007-05-30,14.543410852713178
2007-05-31,14.53720930232558
2007-06-01,14.531007751937985
2007-06-02,14.524806201550389
2007-06-03,14.518604651162791
2007-06-04,14.512403100775193
2007-06-05,14.506201550387596
2007-06-06,14.5
2007-06-07,14.5
2007-06-08,14.5
2007-06-09,14.495833333333332
2007-06-10,14.491666666666667
2007-06-11,14.487499999999999
2007-06-12,14.483333333333334
2007-06-13,14.479166666666666
2007-06-14,14.475
2007-06-15,14.470833333333333
2007-06-16,14.466666666666667
2007-06-17,14.511111111111111
2007-06-18,14.555555555555557
2007-06-19,14.6
2007-06-20,14.591666666666667
2007-06-21,14.583333333333334
2007-06-22,14.575000000000001
2007-06-23,14.566666666666668
2007-06-24,14.558333333333332
2007-06-25,14.549999999999999
2007-06-26,14.541666666666666
2007-06-27,14.533333333333333
2007-06-28,14.525
2007-06-29,14.516666666666666
2007-06-30,14.508333333333333
2007-07-01,14.5
2007-07-02,14.5
2007-07-03,14.5
2007-07-04,14.483333333333334
2007-07-05,14.466666666666667
2007-07-06,14.450000000000001
2007-07-07,14.433333333333332
2007-07-08,14.416666666666666
2007-07-09,14.4
2007-07-10,14.383333333333333
2007-07-11,14.366666666666667
2007-07-12,14.35
2007-07-13,14.333333333333334
2007-07-14,14.32
2007-07-15,14.306666666666667
2007-07-16,14.293333333333335
2007-07-17,14.280000000000001
2007-07-18,14.266666666666666
2007-07-19,14.266666666666666
2007-07-20,14.266666666666666
2007-07-21,14.266666666666666
2007-07-22,14.266666666666666
2007-07-23,14.266666666666666
2007-07-24,14.266666666666666
2007-07-25,14.275
2007-07-26,14.283333333333333
2007-07-27,14.291666666666666
2007-07-28,14.299999999999999
2007-07-29,14.308333333333332
2007-07-30,14.316666666666668
2007-07-31,14.325000000000001
2007-08-01,14.50925925925926
2007-08-02,14.45185185185185
2007-08-03,14.46111111111111
2007-08-04,14.47037037037037
2007-08-05,14.45185185185185
2007-08-06,14.433333333333332
2007-08-07,14.414814814814813
2007-08-08,14.396296296296297
2007-08-09,14.377777777777778
2007-08-10,14.359259259259261
2007-08-11,14.368518518518519
2007-08-12,14.377777777777778
2007-08-13,14.387037037037038
2007-08-14,14.396296296296299
2007-08-15,14.405555555555557
2007-08-16,14.414814814814813
2007-08-17,14.390740740740739
2007-08-18,14.424999999999999
2007-08-19,14.450000000000001
2007-08-20,14.475
2007-08-21,14.5
2007-08-22,14.5
2007-08-23,14.496666666666668
2007-08-24,14.493333333333334
2007-08-25,14.49
2007-08-26,14.486666666666666
2007-08-27,14.483333333333334
2007-08-28,14.479999999999999
2007-08-29,14.476666666666667
2007-08-30,14.473333333333334
2007-08-31,14.469999999999999
2007-09-01,14.466666666666667
2007-09-02,14.463333333333333
2007-09-03,14.46
2007-09-04,14.456666666666665
2007-09-05,14.453333333333333
2007-09-06,14.450000000000001
2007-09-07,14.446666666666667
2007-09-08,14.554444444444444
2007-09-09,14.662222222222221
2007-09-10,14.770000000000001
2007-09-11,14.766666666666666
2007-09-12,14.766666666666666
2007-09-13,14.633333333333333
2007-09-14,14.566666666666668
2007-09-15,14.572222222222223
2007-09-16,14.577777777777778
2007-09-17,14.583333333333334
2007-09-18,14.588888888888889
2007-09-19,14.594444444444443
2007-09-20,14.6
2007-09-21,14.427777777777777
2007-09-22,14.422222222222222
2007-09-23,14.416666666666666
2007-09-24,14.411111111111111
2007-09-25,14.405555555555557
2007-09-26,14.4
2007-09-27,14.411111111111111
2007-09-28,14.422222222222222
2007-09-29,14.488888888888889
2007-09-30,14.56111111111111
2007-10-01,14.633333333333333
2007-10-02,14.65
2007-10-03,14.666666666666666
2007-10-04,14.683333333333332
2007-10-05,14.700000000000001
2007-10-06,14.733333333333334
2007-10-07,14.733333333333334
2007-10-08,14.733333333333334
2007-10-09,14.733333333333334
2007-10-10,14.673333333333334
2007-10-11,13.780000000000001
2007-10-12,13.819999999999999
2007-10-13,13.935
2007-10-14,14.050000000000002
2007-10-15,14.165
2007-10-16,14.28
2007-10-17,14.286666666666667
2007-10-18,14.26
2007-10-19,14.22982456140351
2007-10-20,14.199649122807017
2007-10-21,14.169473684210525
2007-10-22,14.139298245614036
2007-10-23,14.109122807017544
2007-10-24,14.078947368421053
2007-10-25,14.048771929824563
2007-10-26,14.018596491228072
2007-10-27,13.98842105263158
2007-10-28,13.958245614035087
2007-10-29,13.928070175438597
2007-10-30,13.897894736842105
2007-10-31,13.867719298245612
2007-11-01,13.837543859649122
2007-11-02,13.80736842105263
2007-11-03,13.77719298245614
2007-11-04,13.773684210526314
2007-11-05,13.77017543859649
2007-11-06,13.766666666666666
2007-11-07,13.770000000000001
2007-11-08,13.773333333333333
2007-11-09,13.920256410256409
2007-11-10,14.067179487179487
2007-11-11,14.214102564102566
2007-11-12,14.361025641025641
2007-11-13,14.507948717948716
2007-11-14,14.58820512820513
2007-11-15,14.668461538461537
2007-11-16,14.748717948717948
2007-11-17,14.825641025641024
2007-11-18,14.891452991452992
2007-11-19,14.957264957264956
2007-11-20,15.023076923076923
2007-11-21,15.1
2007-11-22,15.1
2007-11-23,15.1
2007-11-24,15.066666666666668
2007-11-25,15.066666666666668
2007-11-26,15.066666666666668
2007-11-27,15.066666666666668
2007-11-28,15.066666666666668
2007-11-29,15.066666666666668
2007-11-30,15.066666666666668
2007-12-01,14.833333333333334
2007-12-02,14.833333333333334
2007-12-03,14.833333333333334
2007-12-04,14.833333333333334
2007-12-05,14.833333333333334
2007-12-06,14.9
2007-12-07,14.9
2007-12-08,14.9
2007-12-09,14.9
2007-12-10,14.9
2007-12-11,14.9
2007-12-12,14.911111111111111
2007-12-13,14.922222222222222
2007-12-14,14.933333333333332
2007-12-15,15.266666666666666
2007-12-16,15.377777777777778
2007-12-17,15.488888888888889
2007-12-18,15.6
2007-12-19,15.633333333333333
2007-12-20,15.6
2007-12-21,15.585714285714287
2007-12-22,15.571428571428571
2007-12-23,15.557142857142857
2007-12-24,15.542857142857143
2007-12-25,15.52857142857143
2007-12-26,15.514285714285714
2007-12-27,15.5
2007-12-28,15.529166666666667
2007-12-29,15.558333333333332
2007-12-30,15.5875
2007-12-31,15.616666666666667
2008-01-01,15.645833333333334
2008-01-02,15.674999999999999
2008-01-03,15.6625
2008-01-04,15.65
2008-01-05,15.608333333333334
2008-01-06,15.566666666666668
2008-01-07,15.525
2008-01-08,15.35
2008-01-09,15.308333333333332
2008-01-10,15.433333333333332
2008-01-11,15.358333333333334
2008-01-12,15.316666666666668
2008-01-13,15.275
2008-01-14,15.233333333333334
2008-01-15,15.191666666666668
2008-01-16,15.15
2008-01-17,15.141666666666666
2008-01-18,15.066666666666668
2008-01-19,15.066666666666668
2008-01-20,15.077777777777778
2008-01-21,15.088888888888889
2008-01-22,15.1
2008-01-23,15.066666666666668
2008-01-24,15.1
2008-01-25,15.1
2008-01-26,15.1
2008-01-27,15.1
2008-01-28,15.1
2008-01-29,15.0
2008-01-30,15.066666666666668
2008-01-31,15.1
2008-02-01,15.266666666666666
2008-02-02,15.233333333333334
2008-02-03,15.244444444444445
2008-02-04,15.255555555555555
2008-02-05,15.266666666666666
2008-02-06,15.233333333333334
2008-02-07,15.166666666666666
2008-02-08,15.233333333333334
2008-02-09,15.266666666666666
2008-02-10,15.266666666666666
2008-02-11,15.266666666666666
2008-02-12,15.166666666666666
2008-02-13,15.233333333333334
2008-02-14,15.1
2008-02-15,15.066666666666668
2008-02-16,15.1
2008-02-17,15.1
2008-02-18,15.1
2008-02-19,15.1
2008-02-20,15.066666666666668
2008-02-21,15.077777777777778
2008-02-22,15.122222222222222
2008-02-23,15.166666666666666
2008-02-24,15.200000000000001
2008-02-25,15.233333333333334
2008-02-26,15.266666666666666
2008-02-27,15.566666666666668
2008-02-28,15.6
2008-02-29,15.6
2008-03-01,15.6
2008-03-02,15.6
2008-03-03,15.6
2008-03-04,15.6
2008-03-05,15.566666666666668
2008-03-06,15.511111111111111
2008-03-07,15.488888888888889
2008-03-08,15.475
2008-03-09,15.46111111111111
2008-03-10,15.447222222222223
2008-03-11,15.433333333333332
2008-03-12,15.4
2008-03-13,15.433333333333332
2008-03-14,15.433333333333332
2008-03-15,15.433333333333332
2008-03-16,15.433333333333332
2008-03-17,15.433333333333332
2008-03-18,15.433333333333332
2008-03-19,15.433333333333332
2008-03-20,15.441666666666668
2008-03-21,15.450000000000001
2008-03-22,15.458333333333334
2008-03-23,15.466666666666667
2008-03-24,15.475
2008-03-25,15.483333333333334
2008-03-26,15.491666666666667
2008-03-27,15.5
2008-03-28,15.5
2008-03-29,15.5
2008-03-30,15.355555555555554
2008-03-31,15.21111111111111
2008-04-01,15.066666666666668
2008-04-02,15.1
2008-04-03,15.066666666666668
2008-04-04,15.033333333333333
2008-04-05,15.046666666666667
2008-04-06,15.06
2008-04-07,15.073333333333332
2008-04-08,15.086666666666668
2008-04-09,15.1
2008-04-10,14.9
2008-04-11,15.433333333333332
2008-04-12,15.446666666666667
2008-04-13,15.459999999999999
2008-04-14,15.473333333333334
2008-04-15,15.486666666666666
2008-04-16,15.5
2008-04-17,15.6
2008-04-18,15.566666666666668
2008-04-19,15.566666666666668
2008-04-20,15.566666666666668
2008-04-21,15.5
2008-04-22,15.555555555555557
2008-04-23,15.472222222222221
2008-04-24,15.388888888888891
2008-04-25,15.25
2008-04-26,15.361111111111109
2008-04-27,15.222222222222223
2008-04-28,15.416666666666666
2008-04-29,15.511111111111111
2008-04-30,15.53888888888889
2008-05-01,15.5
2008-05-02,15.5
2008-05-03,15.537037037037036
2008-05-04,15.496296296296295
2008-05-05,15.455555555555554
2008-05-06,15.414814814814813
2008-05-07,15.45185185185185
2008-05-08,15.511111111111111
2008-05-09,15.57037037037037
2008-05-10,15.629629629629632
2008-05-11,15.644444444444446
2008-05-12,15.622222222222222
2008-05-13,15.587179487179489
2008-05-14,15.741025641025644
2008-05-15,15.728205128205127
2008-05-16,15.715384615384616
2008-05-17,15.66923076923077
2008-05-18,15.523076923076923
2008-05-19,15.510256410256412
2008-05-20,15.630769230769232
2008-05-21,15.617948717948716
2008-05-22,15.571794871794872
2008-05-23,15.558974358974359
2008-05-24,15.546153846153848
2008-05-25,15.533333333333333
2008-05-26,15.52051282051282
2008-05-27,15.874358974358975
2008-05-28,15.861538461538464
2008-05-29,15.848717948717947
2008-05-30,15.835897435897436
2008-05-31,15.789743589743589
2008-06-01,15.465811965811966
2008-06-02,15.764102564102563
2008-06-03,16.06239316239316
2008-06-04,17.305128205128202
2008-06-05,17.29230769230769
2008-06-06,17.279487179487177
2008-06-07,17.266666666666666
2008-06-08,17.155555555555555
2008-06-09,17.01111111111111
2008-06-10,16.933333333333334
2008-06-11,17.099999999999998
2008-06-12,16.733333333333334
2008-06-13,16.787499999999998
2008-06-14,16.808333333333334
2008-06-15,16.729166666666668
2008-06-16,16.683333333333334
2008-06-17,16.9375
2008-06-18,16.791666666666668
2008-06-19,16.8125
2008-06-20,16.833333333333332
2008-06-21,16.6875
2008-06-22,16.819444444444443
2008-06-23,16.95138888888889
2008-06-24,17.027777777777775
2008-06-25,16.993055555555557
2008-06-26,16.958333333333332
2008-06-27,17.045833333333334
2008-06-28,17.066666666666666
2008-06-29,17.441666666666666
2008-06-30,17.75
2008-07-01,18.525000000000002
2008-07-02,18.866666666666667
2008-07-03,18.900000000000002
2008-07-04,18.677777777777777
2008-07-05,18.45555555555556
2008-07-06,18.122222222222224
2008-07-07,18.277777777777775
2008-07-08,18.233333333333334
2008-07-09,17.900000000000002
2008-07-10,17.833333333333332
2008-07-11,18.5
2008-07-12,18.5
2008-07-13,18.5
2008-07-14,18.833333333333332
2008-07-15,18.333333333333332
2008-07-16,18.333333333333332
2008-07-17,18.666666666666668
2008-07-18,18.666666666666668
2008-07-19,18.666666666666668
2008-07-20,18.883333333333333
2008-07-21,19.099999999999998
2008-07-22,19.316666666666666
2008-07-23,19.644444444444442
2008-07-24,19.755555555555556
2008-07-25,19.833333333333332
2008-07-26,19.833333333333332
2008-07-27,20.055367231638417
2008-07-28,20.277401129943502
2008-07-29,20.499435028248588
2008-07-30,20.48813559322034
2008-07-31,20.610169491525422
2008-08-01,20.732203389830506
2008-08-02,20.854237288135593
2008-08-03,20.865160075329566
2008-08-04,20.87608286252354
2008-08-05,20.887005649717516
2008-08-06,20.875706214689266
2008-08-07,20.864406779661017
2008-08-08,20.853107344632768
2008-08-09,20.841807909604523
2008-08-10,20.94161958568738
2008-08-11,21.20809792843691
2008-08-12,20.97457627118644
2008-08-13,20.96327683615819
2008-08-14,21.685310734463275
2008-08-15,21.674011299435026
2008-08-16,21.596045197740114
2008-08-17,21.606967984934087
2008-08-18,21.617890772128064
2008-08-19,21.628813559322037
2008-08-20,21.617514124293788
2008-08-21,21.06177024482109
2008-08-22,20.5060263653484
2008-08-23,19.950282485875704
2008-08-24,19.938983050847458
2008-08-25,19.92768361581921
2008-08-26,19.816384180790962
2008-08-27,19.87175141242938
2008-08-28,19.89378531073446
2008-08-29,20.282485875706215
2008-08-30,20.271186440677965
2008-08-31,20.259887005649716
2008-09-01,20.0819209039548
2008-09-02,19.070621468926554
2008-09-03,19.059322033898304
2008-09-04,19.04802259887006
2008-09-05,19.203389830508474
2008-09-06,19.192090395480225
2008-09-07,19.1749086075108
2008-09-08,19.157726819541377
2008-09-09,19.14054503157195
2008-09-10,19.12336324360253
2008-09-11,19.106181455633095
2008-09-12,19.088999667663675
2008-09-13,19.071817879694247
2008-09-14,19.054636091724827
2008-09-15,19.0374543037554
2008-09-16,19.02027251578598
2008-09-17,19.00309072781655
2008-09-18,18.985908939847125
2008-09-19,18.968727151877697
2008-09-20,18.951545363908274
2008-09-21,18.93436357593885
2008-09-22,18.91718178796943
2008-09-23,18.900000000000002
2008-09-24,18.923809523809524
2008-09-25,18.947619047619046
2008-09-26,18.97142857142857
2008-09-27,19.04708994708995
2008-09-28,19.122751322751323
2008-09-29,19.1984126984127
2008-09-30,19.274074074074075
2008-10-01,19.349735449735448
2008-10-02,19.425396825396827
2008-10-03,19.501058201058203
2008-10-04,19.57671957671958
2008-10-05,19.652380952380955
2008-10-06,19.72804232804233
2008-10-07,19.8037037037037
2008-10-08,19.879365079365076
2008-10-09,19.955026455026456
2008-10-10,20.030687830687828
2008-10-11,20.106349206349208
2008-10-12,20.182010582010584
2008-10-13,20.25767195767196
2008-10-14,20.333333333333332
2008-10-15,20.423809523809524
2008-10-16,23.114285714285714
2008-10-17,22.626984126984127
2008-10-18,22.139682539682543
2008-10-19,21.652380952380952
2008-10-20,21.165079365079364
2008-10-21,20.677777777777777
2008-10-22,20.205882352941178
2008-10-23,20.090196078431372
2008-10-24,20.107843137254903
2008-10-25,20.12549019607843
2008-10-26,20.126470588235296
2008-10-27,20.127450980392155
2008-10-28,20.12843137254902
2008-10-29,20.129411764705882
2008-10-30,20.130392156862744
2008-10-31,20.13137254901961
2008-11-01,20.132352941176475
2008-11-02,20.133333333333333
2008-11-03,20.134313725490202
2008-11-04,20.13529411764706
2008-11-05,20.136274509803926
2008-11-06,20.137254901960787
2008-11-07,20.154901960784315
2008-11-08,20.172549019607843
2008-11-09,20.190196078431374
2008-11-10,20.2078431372549
2008-11-11,20.22549019607843
2008-11-12,20.243137254901963
2008-11-13,20.236974789915966
2008-11-14,20.230812324929975
2008-11-15,20.22464985994398
2008-11-16,20.218487394957982
2008-11-17,20.212324929971988
2008-11-18,20.206162464985994
2008-11-19,20.2
2008-11-20,20.19383753501401
2008-11-21,20.187675070028014
2008-11-22,20.18151260504202
2008-11-23,20.175350140056022
2008-11-24,20.169187675070024
2008-11-25,20.163025210084033
2008-11-26,20.333986928104576
2008-11-27,20.528758169934644
2008-11-28,20.723529411764705
2008-11-29,20.857189542483656
2008-11-30,20.990849673202614
2008-12-01,21.12450980392157
2008-12-02,21.258169934640524
2008-12-03,21.391830065359475
2008-12-04,21.525490196078433
2008-12-05,21.659150326797384
2008-12-06,21.79281045751634
2008-12-07,21.926470588235293
2008-12-08,22.060130718954245
2008-12-09,22.193790849673203
2008-12-10,22.327450980392154
2008-12-11,22.461111111111112
2008-12-12,22.555555555555554
2008-12-13,22.733333333333334
2008-12-14,22.91111111111111
2008-12-15,23.08888888888889
2008-12-16,23.266666666666666
2008-12-17,23.266666666666666
2008-12-18,23.266666666666666
2008-12-19,23.233333333333334
2008-12-20,23.233333333333334
2008-12-21,23.111111111111114
2008-12-22,22.98888888888889
2008-12-23,22.866666666666664
2008-12-24,22.866666666666664
2008-12-25,22.866666666666664
2008-12-26,22.866666666666664
2008-12-27,22.866666666666664
2008-12-28,22.87777777777778
2008-12-29,22.888888888888886
2008-12-30,22.900000000000002
2008-12-31,22.900000000000002
2009-01-01,22.900000000000002
2009-01-02,22.933333333333334
2009-01-03,22.933333333333334
2009-01-04,23.144444444444446
2009-01-05,23.355555555555554
2009-01-06,23.566666666666666
2009-01-07,23.566666666666666
2009-01-08,23.566666666666666
2009-01-09,23.566666666666666
2009-01-10,23.566666666666666
2009-01-11,23.566666666666666
2009-01-12,23.566666666666666
2009-01-13,23.566666666666666
2009-01-14,23.566666666666666
2009-01-15,23.566666666666666
2009-01-16,23.566666666666666
2009-01-17,23.5
2009-01-18,23.388888888888886
2009-01-19,23.277777777777782
2009-01-20,23.166666666666668
2009-01-21,25.900000000000002
2009-01-22,23.233333333333334
2009-01-23,23.233333333333334
2009-01-24,23.233333333333334
2009-01-25,23.233333333333334
2009-01-26,23.233333333333334
2009-01-27,23.233333333333334
2009-01-28,23.233333333333334
2009-01-29,23.0
2009-01-30,23.0
2009-01-31,23.0
2009-02-01,23.0
2009-02-02,23.0
2009-02-03,23.0
2009-02-04,23.0
2009-02-05,23.0
2009-02-06,23.0
2009-02-07,23.0
2009-02-08,23.0
2009-02-09,23.099999999999998
2009-02-10,23.933333333333334
2009-02-11,23.933333333333334
2009-02-12,23.933333333333334
2009-02-13,23.933333333333334
2009-02-14,23.933333333333334
2009-02-15,23.933333333333334
2009-02-16,23.933333333333334
2009-02-17,23.833333333333332
2009-02-18,23.833333333333332
2009-02-19,23.46666666666667
2009-02-20,23.5
2009-02-21,22.233333333333334
2009-02-22,22.51111111111111
2009-02-23,22.788888888888888
2009-02-24,23.766666666666666
2009-02-25,23.833333333333332
2009-02-26,23.833333333333332
2009-02-27,23.833333333333332
2009-02-28,23.833333333333332
2009-03-01,23.8
2009-03-02,23.766666666666666
2009-03-03,23.733333333333334
2009-03-04,23.7
2009-03-05,23.666666666666668
2009-03-06,23.5
2009-03-07,23.53333333333333
2009-03-08,23.255555555555556
2009-03-09,23.01111111111111
2009-03-10,22.933333333333334
2009-03-11,22.933333333333334
2009-03-12,22.833333333333332
2009-03-13,22.8
2009-03-14,23.016666666666666
2009-03-15,23.266666666666666
2009-03-16,23.849999999999998
2009-03-17,23.53333333333333
2009-03-18,23.53333333333333
2009-03-19,24.7
2009-03-20,24.5
2009-03-21,24.633333333333336
2009-03-22,24.633333333333336
2009-03-23,24.566666666666666
2009-03-24,25.599999999999998
2009-03-25,25.599999999999998
2009-03-26,25.633333333333336
2009-03-27,25.666666666666668
2009-03-28,26.0
2009-03-29,26.0
2009-03-30,23.516666666666666
2009-03-31,22.2
2009-04-01,23.933333333333334
2009-04-02,25.53333333333333
2009-04-03,24.21666666666667
2009-04-04,25.599999999999998
2009-04-05,25.599999999999998
2009-04-06,23.866666666666664
2009-04-07,24.900000000000002
2009-04-08,24.900000000000002
2009-04-09,24.933333333333334
2009-04-10,24.95714285714286
2009-04-11,24.980952380952385
2009-04-12,25.004761904761907
2009-04-13,24.995238095238093
2009-04-14,24.35238095238095
2009-04-15,24.04285714285714
2009-04-16,24.03333333333333
2009-04-17,24.03333333333333
2009-04-18,24.066666666666666
2009-04-19,24.400000000000002
2009-04-20,24.42222222222222
2009-04-21,26.544444444444448
2009-04-22,26.599999999999998
2009-04-23,26.599999999999998
2009-04-24,26.566666666666666
2009-04-25,26.566666666666666
2009-04-26,26.53333333333333
2009-04-27,26.733333333333334
2009-04-28,25.96666666666667
2009-04-29,26.03333333333333
2009-04-30,26.099999999999998
2009-05-01,26.099999999999998
2009-05-02,26.099999999999998
2009-05-03,26.099999999999998
2009-05-04,26.266666666666666
2009-05-05,26.566666666666666
2009-05-06,26.566666666666666
2009-05-07,26.566666666666666
2009-05-08,26.53333333333333
2009-05-09,26.53333333333333
2009-05-10,26.42222222222222
2009-05-11,26.311111111111114
2009-05-12,24.566666666666666
2009-05-13,24.566666666666666
2009-05-14,24.46666666666667
2009-05-15,24.5
2009-05-16,23.5
2009-05-17,23.5
2009-05-18,22.5
2009-05-19,22.5
2009-05-20,22.5
2009-05-21,26.5
2009-05-22,20.5
2009-05-23,23.166666666666668
2009-05-24,23.166666666666668
2009-05-25,23.233333333333334
2009-05-26,24.233333333333334
2009-05-27,24.266666666666666
2009-05-28,24.266666666666666
2009-05-29,24.266666666666666
2009-05-30,24.233333333333334
2009-05-31,24.166666666666668
2009-06-01,23.733333333333334
2009-06-02,23.666666666666668
2009-06-03,23.666666666666668
2009-06-04,23.666666666666668
2009-06-05,23.666666666666668
2009-06-06,23.666666666666668
2009-06-07,17.666666666666668
2009-06-08,23.833333333333332
2009-06-09,23.166666666666668
2009-06-10,23.166666666666668
2009-06-11,23.166666666666668
2009-06-12,23.233333333333334
2009-06-13,23.233333333333334
2009-06-14,23.233333333333334
2009-06-15,23.2
2009-06-16,24.166666666666668
2009-06-17,24.233333333333334
2009-06-18,24.166666666666668
2009-06-19,24.166666666666668
2009-06-20,24.166666666666668
2009-06-21,24.166666666666668
2009-06-22,24.166666666666668
2009-06-23,24.166666666666668
2009-06-24,24.066666666666666
2009-06-25,24.166666666666668
2009-06-26,24.166666666666668
2009-06-27,24.166666666666668
2009-06-28,24.166666666666668
2009-06-29,24.266666666666666
2009-06-30,24.233333333333334
2009-07-01,24.266666666666666
2009-07-02,24.266666666666666
2009-07-03,24.266666666666666
2009-07-04,24.3
2009-07-05,24.3
2009-07-06,24.266666666666666
2009-07-07,24.2
2009-07-08,24.166666666666668
2009-07-09,24.233333333333334
2009-07-10,24.166666666666668
2009-07-11,24.166666666666668
2009-07-12,21.166666666666668
2009-07-13,24.166666666666668
2009-07-14,23.866666666666664
2009-07-15,23.8
2009-07-16,23.833333333333332
2009-07-17,23.833333333333332
2009-07-18,23.833333333333332
2009-07-19,23.455555555555552
2009-07-20,23.01111111111111
2009-07-21,22.900000000000002
2009-07-22,22.900000000000002
2009-07-23,22.900000000000002
2009-07-24,22.900000000000002
2009-07-25,22.900000000000002
2009-07-26,22.900000000000002
2009-07-27,22.900000000000002
2009-07-28,24.233333333333334
2009-07-29,24.233333333333334
2009-07-30,24.233333333333334
2009-07-31,24.233333333333334
2009-08-01,24.233333333333334
2009-08-02,24.233333333333334
2009-08-03,24.233333333333334
2009-08-04,24.166666666666668
2009-08-05,24.166666666666668
2009-08-06,24.233333333333334
2009-08-07,24.2
2009-08-08,24.166666666666668
2009-08-09,24.166666666666668
2009-08-10,24.166666666666668
2009-08-11,24.566666666666666
2009-08-12,24.599999999999998
2009-08-13,24.5
2009-08-14,24.5
2009-08-15,24.5
2009-08-16,24.5
2009-08-17,24.666666666666668
2009-08-18,24.666666666666668
2009-08-19,24.666666666666668
2009-08-20,24.666666666666668
2009-08-21,20.666666666666668
2009-08-22,24.666666666666668
2009-08-23,24.641666666666666
2009-08-24,24.616666666666664
2009-08-25,24.59166666666667
2009-08-26,24.566666666666666
2009-08-27,24.566666666666666
2009-08-28,24.5
2009-08-29,24.5
2009-08-30,24.5
2009-08-31,24.5
2009-09-01,24.5
2009-09-02,24.566666666666666
2009-09-03,24.5
2009-09-04,24.5
2009-09-05,24.566666666666666
2009-09-06,24.62222222222222
2009-09-07,24.677777777777777
2009-09-08,24.733333333333334
2009-09-09,24.666666666666668
2009-09-10,24.733333333333334
2009-09-11,24.666666666666668
2009-09-12,24.733333333333334
2009-09-13,24.733333333333334
2009-09-14,24.833333333333332
2009-09-15,26.566666666666666
2009-09-16,26.566666666666666
2009-09-17,26.566666666666666
2009-09-18,26.566666666666666
2009-09-19,26.566666666666666
2009-09-20,26.566666666666666
2009-09-21,26.566666666666666
2009-09-22,25.900000000000002
2009-09-23,25.900000000000002
2009-09-24,25.866666666666664
2009-09-25,25.833333333333332
2009-09-26,25.833333333333332
2009-09-27,25.900000000000002
2009-09-28,24.166666666666668
2009-09-29,25.900000000000002
2009-09-30,25.833333333333332
2009-10-01,25.900000000000002
2009-10-02,25.866666666666664
2009-10-03,25.900000000000002
2009-10-04,25.900000000000002
2009-10-05,25.900000000000002
2009-10-06,25.900000000000002
2009-10-07,25.900000000000002
2009-10-08,25.833333333333332
2009-10-09,25.900000000000002
2009-10-10,25.900000000000002
2009-10-11,25.900000000000002
2009-10-12,25.866666666666664
2009-10-13,26.566666666666666
2009-10-14,26.5
2009-10-15,26.53333333333333
2009-10-16,26.566666666666666
2009-10-17,26.566666666666666
2009-10-18,26.566666666666666
2009-10-19,26.5
2009-10-20,26.166666666666668
2009-10-21,26.233333333333334
2009-10-22,26.166666666666668
2009-10-23,26.233333333333334
2009-10-24,26.5
2009-10-25,26.611111111111114
2009-10-26,26.722222222222218
2009-10-27,26.5
2009-10-28,26.566666666666666
2009-10-29,25.900000000000002
2009-10-30,26.53333333333333
2009-10-31,26.5
2009-11-01,26.5
2009-11-02,26.5
2009-11-03,26.733333333333334
2009-11-04,26.733333333333334
2009-11-05,26.766666666666666
2009-11-06,27.066666666666666
2009-11-07,26.733333333333334
2009-11-08,26.844444444444445
2009-11-09,26.955555555555552
2009-11-10,27.066666666666666
2009-11-11,26.733333333333334
2009-11-12,26.733333333333334
2009-11-13,27.066666666666666
2009-11-14,27.066666666666666
2009-11-15,27.066666666666666
2009-11-16,27.066666666666666
2009-11-17,27.566666666666666
2009-11-18,27.566666666666666
2009-11-19,27.388888888888886
2009-11-20,27.344444444444445
2009-11-21,27.233333333333334
2009-11-22,27.166666666666668
2009-11-23,27.166666666666668
2009-11-24,27.733333333333334
2009-11-25,27.733333333333334
2009-11-26,27.766666666666666
2009-11-27,27.766666666666666
2009-11-28,27.400000000000002
2009-11-29,27.566666666666666
2009-11-30,27.14074074074074
2009-12-01,26.14814814814815
2009-12-02,25.888888888888886
2009-12-03,25.62962962962963
2009-12-04,25.37037037037037
2009-12-05,25.111111111111114
2009-12-06,24.85185185185185
2009-12-07,24.65925925925926
2009-12-08,24.066666666666666
2009-12-09,24.0
2009-12-10,24.066666666666666
2009-12-11,24.066666666666666
2009-12-12,24.066666666666666
2009-12-13,24.177777777777777
2009-12-14,24.28888888888889
2009-12-15,24.400000000000002
2009-12-16,24.444444444444443
2009-12-17,24.555555555555557
2009-12-18,24.666666666666668
2009-12-19,24.777777777777775
2009-12-20,24.92222222222222
2009-12-21,25.0
2009-12-22,25.111111111111114
2009-12-23,25.222222222222218
2009-12-24,25.333333333333332
2009-12-25,25.51111111111111
2009-12-26,25.48888888888889
2009-12-27,25.5
2009-12-28,25.777777777777782
2009-12-29,25.98888888888889
2009-12-30,26.133333333333336
2009-12-31,26.37777777777778
2010-01-01,26.555555555555557
2010-01-02,26.666666666666668
2010-01-03,26.777777777777782
2010-01-04,26.88888888888889
2010-01-05,27.0
2010-01-06,27.0
2010-01-07,27.066666666666666
2010-01-08,27.0
2010-01-09,27.03333333333333
2010-01-10,27.366666666666664
2010-01-11,27.666666666666668
2010-01-12,28.333333333333332
2010-01-13,27.333333333333332
2010-01-14,27.333333333333332
2010-01-15,27.0
2010-01-16,27.0
2010-01-17,27.0
2010-01-18,27.066666666666666
2010-01-19,27.0
2010-01-20,27.066666666666666
2010-01-21,27.066666666666666
2010-01-22,27.0
2010-01-23,27.0
2010-01-24,27.0
2010-01-25,27.066666666666666
2010-01-26,27.066666666666666
2010-01-27,27.066666666666666
2010-01-28,27.0
2010-01-29,27.0
2010-01-30,27.0
2010-01-31,27.0
2010-02-01,27.0
2010-02-02,27.066666666666666
2010-02-03,26.333333333333332
2010-02-04,26.3
2010-02-05,26.333333333333332
2010-02-06,26.400000000000002
2010-02-07,26.386666666666667
2010-02-08,26.373333333333335
2010-02-09,26.36
2010-02-10,26.346666666666664
2010-02-11,26.333333333333332
2010-02-12,26.333333333333332
2010-02-13,26.333333333333332
2010-02-14,26.333333333333332
2010-02-15,26.333333333333332
2010-02-16,26.333333333333332
2010-02-17,26.400000000000002
2010-02-18,26.37142857142857
2010-02-19,26.34285714285714
2010-02-20,26.314285714285717
2010-02-21,25.952380952380953
2010-02-22,25.590476190476192
2010-02-23,25.228571428571428
2010-02-24,24.866666666666664
2010-02-25,24.83809523809524
2010-02-26,26.142857142857142
2010-02-27,26.058730158730157
2010-02-28,25.974603174603175
2010-03-01,25.890476190476193
2010-03-02,25.806349206349207
2010-03-03,25.722222222222218
2010-03-04,25.666666666666668
2010-03-05,25.666666666666668
2010-03-06,25.666666666666668
2010-03-07,25.666666666666668
2010-03-08,25.666666666666668
2010-03-09,25.666666666666668
2010-03-10,25.666666666666668
2010-03-11,25.611111111111114
2010-03-12,25.555555555555554
2010-03-13,25.516666666666666
2010-03-14,25.477777777777778
2010-03-15,25.438888888888886
2010-03-16,25.400000000000002
2010-03-17,25.416666666666668
2010-03-18,25.433333333333334
2010-03-19,25.433333333333334
2010-03-20,28.0
2010-03-21,27.111111111111114
2010-03-22,27.555555555555554
2010-03-23,26.666666666666668
2010-03-24,26.666666666666668
2010-03-25,26.666666666666668
2010-03-26,26.666666666666668
2010-03-27,26.733333333333334
2010-03-28,26.622222222222224
2010-03-29,26.51111111111111
2010-03-30,26.400000000000002
2010-03-31,26.400000000000002
2010-04-01,26.400000000000002
2010-04-02,26.388888888888886
2010-04-03,26.37777777777778
2010-04-04,26.366666666666664
2010-04-05,26.355555555555554
2010-04-06,26.344444444444445
2010-04-07,26.333333333333332
2010-04-08,26.0
2010-04-09,25.666666666666668
2010-04-10,25.333333333333332
2010-04-11,25.333333333333332
2010-04-12,25.333333333333332
2010-04-13,25.0
2010-04-14,25.022222222222222
2010-04-15,25.044444444444448
2010-04-16,25.066666666666666
2010-04-17,25.0
2010-04-18,25.444444444444446
2010-04-19,25.888888888888886
2010-04-20,26.333333333333332
2010-04-21,26.400000000000002
2010-04-22,26.333333333333332
2010-04-23,26.400000000000002
2010-04-24,26.333333333333332
2010-04-25,26.055555555555554
2010-04-26,25.777777777777782
2010-04-27,25.5
2010-04-28,25.166666666666668
2010-04-29,25.333333333333332
2010-04-30,25.333333333333332
2010-05-01,25.333333333333332
2010-05-02,25.333333333333332
2010-05-03,25.333333333333332
2010-05-04,25.333333333333332
2010-05-05,25.333333333333332
2010-05-06,25.333333333333332
2010-05-07,25.333333333333332
2010-05-08,25.333333333333332
2010-05-09,25.333333333333332
2010-05-10,25.333333333333332
2010-05-11,25.333333333333332
2010-05-12,25.366666666666664
2010-05-13,25.233333333333334
2010-05-14,25.333333333333332
2010-05-15,25.400000000000002
2010-05-16,25.400000000000002
2010-05-17,25.333333333333332
2010-05-18,25.333333333333332
2010-05-19,25.333333333333332
2010-05-20,25.333333333333332
2010-05-21,25.333333333333332
2010-05-22,25.333333333333332
2010-05-23,25.333333333333332
2010-05-24,25.333333333333332
2010-05-25,25.333333333333332
2010-05-26,25.333333333333332
2010-05-27,25.333333333333332
2010-05-28,25.333333333333332
2010-05-29,25.333333333333332
2010-05-30,25.333333333333332
2010-05-31,25.333333333333332
2010-06-01,25.333333333333332
2010-06-02,25.333333333333332
2010-06-03,25.333333333333332
2010-06-04,25.294444444444448
2010-06-05,25.255555555555556
2010-06-06,25.21666666666667
2010-06-07,25.177777777777777
2010-06-08,25.138888888888886
2010-06-09,25.099999999999998
2010-06-10,25.066666666666666
2010-06-11,25.0
2010-06-12,25.055555555555554
2010-06-13,25.111111111111114
2010-06-14,25.166666666666668
2010-06-15,25.222222222222218
2010-06-16,25.277777777777782
2010-06-17,25.333333333333332
2010-06-18,25.2
2010-06-19,25.066666666666666
2010-06-20,24.933333333333334
2010-06-21,24.8
2010-06-22,24.666666666666668
2010-06-23,24.766666666666666
2010-06-24,24.766666666666666
2010-06-25,24.766666666666666
2010-06-26,24.766666666666666
2010-06-27,25.061111111111114
2010-06-28,25.355555555555554
2010-06-29,25.650000000000002
2010-06-30,25.733333333333334
2010-07-01,25.766666666666666
2010-07-02,25.733333333333334
2010-07-03,25.666666666666668
2010-07-04,25.7
2010-07-05,25.733333333333334
2010-07-06,25.766666666666666
2010-07-07,25.400000000000002
2010-07-08,25.333333333333332
2010-07-09,25.400000000000002
2010-07-10,25.34166666666667
2010-07-11,25.28333333333333
2010-07-12,25.224999999999998
2010-07-13,25.166666666666668
2010-07-14,25.166666666666668
2010-07-15,25.333333333333332
2010-07-16,25.400000000000002
2010-07-17,25.333333333333332
2010-07-18,25.061111111111114
2010-07-19,24.788888888888888
2010-07-20,24.516666666666666
2010-07-21,24.5
2010-07-22,25.066666666666666
2010-07-23,25.0
2010-07-24,25.233333333333334
2010-07-25,25.388888888888886
2010-07-26,25.37777777777778
2010-07-27,25.366666666666664
2010-07-28,24.066666666666666
2010-07-29,24.0
2010-07-30,24.5
2010-07-31,24.566666666666666
2010-08-01,24.62222222222222
2010-08-02,24.677777777777777
2010-08-03,24.733333333333334
2010-08-04,24.7
2010-08-05,25.0
2010-08-06,25.066666666666666
2010-08-07,24.7
2010-08-08,24.522222222222222
2010-08-09,24.344444444444445
2010-08-10,24.166666666666668
2010-08-11,24.0
2010-08-12,24.015151515151516
2010-08-13,24.03030303030303
2010-08-14,23.962121212121215
2010-08-15,23.893939393939394
2010-08-16,23.825757575757578
2010-08-17,24.424242424242426
2010-08-18,24.506060606060604
2010-08-19,24.454545454545453
2010-08-20,24.46969696969697
2010-08-21,24.55151515151515
2010-08-22,24.566666666666666
2010-08-23,24.581818181818182
2010-08-24,24.596969696969698
2010-08-25,24.612121212121213
2010-08-26,24.560606060606062
2010-08-27,24.575757575757578
2010-08-28,24.590909090909093
2010-08-29,24.606060606060606
2010-08-30,24.62121212121212
2010-08-31,24.703030303030303
2010-09-01,24.71818181818182
2010-09-02,24.733333333333334
2010-09-03,24.733333333333334
2010-09-04,24.733333333333334
2010-09-05,24.74722222222222
2010-09-06,24.76111111111111
2010-09-07,24.775000000000002
2010-09-08,24.722222222222218
2010-09-09,24.736111111111114
2010-09-10,24.75
2010-09-11,24.763888888888886
2010-09-12,24.777777777777782
2010-09-13,24.625
2010-09-14,24.805555555555554
2010-09-15,24.88611111111111
2010-09-16,24.900000000000002
2010-09-17,24.913888888888888
2010-09-18,24.927777777777777
2010-09-19,24.941666666666666
2010-09-20,24.955555555555552
2010-09-21,24.969444444444445
2010-09-22,25.183333333333334
2010-09-23,24.96388888888889
2010-09-24,25.01111111111111
2010-09-25,25.125
2010-09-26,22.905555555555555
2010-09-27,22.819444444444446
2010-09-28,22.5
2010-09-29,22.599999999999998
2010-09-30,22.833333333333332
2010-10-01,21.866666666666664
2010-10-02,21.7
2010-10-03,21.53333333333333
2010-10-04,21.366666666666664
2010-10-05,21.2
2010-10-06,21.2
2010-10-07,23.53333333333333
2010-10-08,23.53333333333333
2010-10-09,21.2
2010-10-10,21.2
2010-10-11,21.2
2010-10-12,21.900000000000002
2010-10-13,21.900000000000002
2010-10-14,21.900000000000002
2010-10-15,21.866666666666664
2010-10-16,21.833333333333332
2010-10-17,21.8
2010-10-18,21.766666666666666
2010-10-19,21.733333333333334
2010-10-20,21.7
2010-10-21,21.666666666666668
2010-10-22,21.633333333333336
2010-10-23,21.599999999999998
2010-10-24,21.566666666666666
2010-10-25,21.366666666666664
2010-10-26,21.333333333333332
2010-10-27,21.46666666666667
2010-10-28,21.433333333333334
2010-10-29,21.400000000000002
2010-10-30,21.366666666666664
2010-10-31,21.333333333333332
2010-11-01,21.633333333333336
2010-11-02,21.599999999999998
2010-11-03,21.066666666666666
2010-11-04,21.033333333333335
2010-11-05,21.066666666666666
2010-11-06,21.066666666666666
2010-11-07,21.066666666666666
2010-11-08,21.066666666666666
2010-11-09,21.0
2010-11-10,21.066666666666666
2010-11-11,20.333333333333332
2010-11-12,21.0
2010-11-13,21.0
2010-11-14,21.0
2010-11-15,21.0
2010-11-16,21.0
2010-11-17,20.333333333333332
2010-11-18,20.333333333333332
2010-11-19,20.333333333333332
2010-11-20,20.333333333333332
2010-11-21,20.333333333333332
2010-11-22,20.333333333333332
2010-11-23,20.333333333333332
2010-11-24,21.0
2010-11-25,21.066666666666666
2010-11-26,21.066666666666666
2010-11-27,21.0
2010-11-28,21.0
2010-11-29,21.733333333333334
2010-11-30,21.733333333333334
2010-12-01,21.733333333333334
2010-12-02,21.733333333333334
2010-12-03,21.666666666666668
2010-12-04,21.666666666666668
2010-12-05,21.666666666666668
2010-12-06,21.0
2010-12-07,21.666666666666668
2010-12-08,21.666666666666668
2010-12-09,21.833333333333332
2010-12-10,21.833333333333332
2010-12-11,21.833333333333332
2010-12-12,21.833333333333332
2010-12-13,21.900000000000002
2010-12-14,21.766666666666666
2010-12-15,21.766666666666666
2010-12-16,21.766666666666666
2010-12-17,21.766666666666666
2010-12-18,21.766666666666666
2010-12-19,21.766666666666666
2010-12-20,21.766666666666666
2010-12-21,22.0
2010-12-22,22.0
2010-12-23,22.0
2010-12-24,21.5
2010-12-25,21.5
2010-12-26,21.5
2010-12-27,21.5
2010-12-28,22.166666666666668
2010-12-29,22.166666666666668
2010-12-30,22.0
2010-12-31,22.166666666666668
2011-01-01,22.0
2011-01-02,21.833333333333332
2011-01-03,21.900000000000002
2011-01-04,21.900000000000002
2011-01-05,21.900000000000002
2011-01-06,21.900000000000002
2011-01-07,21.733333333333334
2011-01-08,21.733333333333334
2011-01-09,21.733333333333334
2011-01-10,21.733333333333334
2011-01-11,21.900000000000002
2011-01-12,21.900000000000002
2011-01-13,21.733333333333334
2011-01-14,21.566666666666666
2011-01-15,21.400000000000002
2011-01-16,21.233333333333334
2011-01-17,21.066666666666666
2011-01-18,20.533333333333335
2011-01-19,20.366666666666667
2011-01-20,20.166666666666668
2011-01-21,20.766666666666666
2011-01-22,20.733333333333334
2011-01-23,20.733333333333334
2011-01-24,20.766666666666666
2011-01-25,20.233333333333334
2011-01-26,20.233333333333334
2011-01-27,20.166666666666668
2011-01-28,20.233333333333334
2011-01-29,20.233333333333334
2011-01-30,20.233333333333334
2011-01-31,20.233333333333334
2011-02-01,20.566666666666666
2011-02-02,20.5
2011-02-03,20.566666666666666
2011-02-04,20.5
2011-02-05,20.5
2011-02-06,20.5
2011-02-07,20.574074074074073
2011-02-08,20.314814814814813
2011-02-09,20.38888888888889
2011-02-10,20.52962962962963
2011-02-11,20.537037037037038
2011-02-12,20.61111111111111
2011-02-13,20.685185185185187
2011-02-14,20.759259259259263
2011-02-15,20.833333333333332
2011-02-16,20.907407407407405
2011-02-17,21.014814814814816
2011-02-18,21.055555555555554
2011-02-19,21.12962962962963
2011-02-20,21.22037037037037
2011-02-21,21.311111111111114
2011-02-22,21.40185185185185
2011-02-23,21.492592592592597
2011-02-24,21.5
2011-02-25,21.566666666666666
2011-02-26,21.5
2011-02-27,21.5
2011-02-28,21.5
2011-03-01,21.5
2011-03-02,21.5
2011-03-03,21.5
2011-03-04,21.5
2011-03-05,21.5
2011-03-06,21.5
2011-03-07,21.5
2011-03-08,21.5
2011-03-09,21.5
2011-03-10,21.5
2011-03-11,21.5
2011-03-12,21.5
2011-03-13,21.5
2011-03-14,21.5
2011-03-15,21.5
2011-03-16,21.5
2011-03-17,21.5
2011-03-18,21.5
2011-03-19,21.5
2011-03-20,21.5
2011-03-21,21.833333333333332
2011-03-22,21.833333333333332
2011-03-23,21.5
2011-03-24,21.5
2011-03-25,21.5
2011-03-26,21.53333333333333
2011-03-27,21.5
2011-03-28,21.5
2011-03-29,21.5
2011-03-30,21.5
2011-03-31,21.5
2011-04-01,21.5
2011-04-02,21.5
2011-04-03,21.166666666666668
2011-04-04,21.5
2011-04-05,21.5
2011-04-06,21.5
2011-04-07,21.5
2011-04-08,21.5
2011-04-09,21.5
2011-04-10,21.5
2011-04-11,21.5
2011-04-12,21.5
2011-04-13,21.5
2011-04-14,21.5
2011-04-15,21.5
2011-04-16,21.5
2011-04-17,21.5
2011-04-18,21.5
2011-04-19,21.5
2011-04-20,21.5
2011-04-21,21.5
2011-04-22,21.5
2011-04-23,21.5
2011-04-24,21.5
2011-04-25,21.5
2011-04-26,21.166666666666668
2011-04-27,21.166666666666668
2011-04-28,20.866666666666667
2011-04-29,21.2
2011-04-30,20.900000000000002
2011-05-01,21.233333333333334
2011-05-02,21.53333333333333
2011-05-03,21.166666666666668
2011-05-04,21.166666666666668
2011-05-05,21.5
2011-05-06,21.5
2011-05-07,21.5
2011-05-08,21.5
2011-05-09,21.5
2011-05-10,18.166666666666668
2011-05-11,21.5
2011-05-12,21.5
2011-05-13,21.5
2011-05-14,21.5
2011-05-15,21.5
2011-05-16,21.5
2011-05-17,21.5
2011-05-18,21.5
2011-05-19,21.5
2011-05-20,21.166666666666668
2011-05-21,21.5
2011-05-22,21.666666666666668
2011-05-23,21.666666666666668
2011-05-24,21.833333333333332
2011-05-25,21.833333333333332
2011-05-26,21.833333333333332
2011-05-27,21.5
2011-05-28,21.833333333333332
2011-05-29,21.833333333333332
2011-05-30,21.862318840579707
2011-05-31,21.89130434782609
2011-06-01,21.920289855072465
2011-06-02,21.94927536231884
2011-06-03,21.97826086956522
2011-06-04,22.007246376811594
2011-06-05,21.969565217391306
2011-06-06,21.99855072463768
2011-06-07,22.027536231884056
2011-06-08,22.056521739130435
2011-06-09,22.752173913043478
2011-06-10,22.181159420289855
2011-06-11,21.943478260869565
2011-06-12,21.839130434782607
2011-06-13,22.268115942028984
2011-06-14,22.230434782608697
2011-06-15,22.32608695652174
2011-06-16,22.02173913043478
2011-06-17,22.384057971014496
2011-06-18,22.41304347826087
2011-06-19,22.442028985507246
2011-06-20,22.471014492753625
2011-06-21,22.5
2011-06-22,22.433333333333334
2011-06-23,22.566666666666666
2011-06-24,22.5
2011-06-25,22.5
2011-06-26,22.166666666666668
2011-06-27,22.5
2011-06-28,22.433333333333334
2011-06-29,22.35972222222222
2011-06-30,22.152777777777775
2011-07-01,22.179166666666664
2011-07-02,22.17222222222222
2011-07-03,22.131944444444446
2011-07-04,22.125
2011-07-05,22.118055555555554
2011-07-06,22.444444444444446
2011-07-07,22.504166666666666
2011-07-08,22.430555555555554
2011-07-09,22.423611111111114
2011-07-10,22.483333333333334
2011-07-11,22.476388888888888
2011-07-12,21.802777777777777
2011-07-13,21.7625
2011-07-14,21.788888888888888
2011-07-15,21.748611111111114
2011-07-16,23.741666666666664
2011-07-17,23.768055555555552
2011-07-18,23.694444444444446
2011-07-19,21.754166666666666
2011-07-20,21.74722222222222
2011-07-21,21.740277777777777
2011-07-22,21.666666666666668
2011-07-23,21.726388888888888
2011-07-24,21.652777777777782
2011-07-25,21.712500000000002
2011-07-26,21.705555555555552
2011-07-27,21.631944444444446
2011-07-28,21.691666666666666
2011-07-29,21.68472222222222
2011-07-30,21.611111111111114
2011-07-31,21.604166666666668
2011-08-01,21.663888888888888
2011-08-02,21.256944444444446
2011-08-03,21.316666666666666
2011-08-04,21.30972222222222
2011-08-05,21.313888888888886
2011-08-06,21.318055555555556
2011-08-07,21.322222222222223
2011-08-08,21.248611111111114
2011-08-09,21.275000000000002
2011-08-10,21.268055555555552
2011-08-11,21.194444444444446
2011-08-12,21.354166666666668
2011-08-13,21.347222222222218
2011-08-14,21.206944444444446
2011-08-15,21.233333333333334
2011-08-16,21.259722222222223
2011-08-17,21.38611111111111
2011-08-18,21.379166666666666
2011-08-19,21.472222222222218
2011-08-20,21.19861111111111
2011-08-21,21.191666666666666
2011-08-22,21.18472222222222
2011-08-23,21.444444444444446
2011-08-24,21.504166666666666
2011-08-25,21.49722222222222
2011-08-26,20.84027777777778
2011-08-27,21.150000000000002
2011-08-28,21.143055555555552
2011-08-29,21.169444444444448
2011-08-30,20.962500000000002
2011-08-31,20.955555555555552
2011-09-01,20.94861111111111
2011-09-02,20.875
2011-09-03,20.93472222222222
2011-09-04,20.927777777777777
2011-09-05,20.8875
2011-09-06,20.280555555555555
2011-09-07,21.14027777777778
2011-09-08,21.033333333333335
2011-09-09,20.893055555555552
2011-09-10,20.88611111111111
2011-09-11,20.879166666666666
2011-09-12,20.905555555555555
2011-09-13,20.931944444444444
2011-09-14,20.891666666666666
2011-09-15,20.851388888888888
2011-09-16,21.044444444444448
2011-09-17,21.037499999999998
2011-09-18,21.030555555555555
2011-09-19,20.990277777777777
2011-09-20,20.983333333333334
2011-09-21,21.009722222222223
2011-09-22,21.00277777777778
2011-09-23,21.129166666666666
2011-09-24,21.055555555555554
2011-09-25,21.04861111111111
2011-09-26,21.008333333333333
2011-09-27,21.001388888888886
2011-09-28,20.82777777777778
2011-09-29,20.9875
2011-09-30,21.080555555555552
2011-10-01,21.040277777777778
2011-10-02,20.033333333333335
2011-10-03,21.0
2011-10-04,21.0
2011-10-05,21.033333333333335
2011-10-06,20.033333333333335
2011-10-07,21.0
2011-10-08,21.0
2011-10-09,21.0
2011-10-10,21.055555555555554
2011-10-11,21.044444444444448
2011-10-12,21.133333333333336
2011-10-13,21.08888888888889
2011-10-14,20.61111111111111
2011-10-15,20.733333333333334
2011-10-16,20.58888888888889
2011-10-17,20.744444444444444
2011-10-18,20.766666666666666
2011-10-19,20.788888888888888
2011-10-20,20.844444444444445
2011-10-21,21.333333333333332
2011-10-22,21.355555555555554
2011-10-23,21.377777777777776
2011-10-24,21.366666666666664
2011-10-25,21.366666666666664
2011-10-26,21.366666666666664
2011-10-27,21.333333333333332
2011-10-28,21.3
2011-10-29,21.333333333333332
2011-10-30,21.333333333333332
2011-10-31,21.599999999999998
2011-11-01,21.599999999999998
2011-11-02,21.599999999999998
2011-11-03,21.566666666666666
2011-11-04,21.599999999999998
2011-11-05,21.166666666666668
2011-11-06,21.166666666666668
2011-11-07,21.166666666666668
2011-11-08,21.333333333333332
2011-11-09,21.400000000000002
2011-11-10,21.333333333333332
2011-11-11,21.400000000000002
2011-11-12,21.400000000000002
2011-11-13,21.400000000000002
2011-11-14,21.366666666666664
2011-11-15,21.333333333333332
2011-11-16,21.033333333333335
2011-11-17,21.5
2011-11-18,21.5
2011-11-19,21.472222222222218
2011-11-20,21.444444444444446
2011-11-21,21.416666666666668
2011-11-22,21.42222222222222
2011-11-23,21.361111111111114
2011-11-24,21.366666666666664
2011-11-25,21.033333333333335
2011-11-26,21.066666666666666
2011-11-27,21.033333333333335
2011-11-28,21.033333333333335
2011-11-29,21.0
2011-11-30,21.066666666666666
2011-12-01,20.833333333333332
2011-12-02,20.900000000000002
2011-12-03,20.900000000000002
2011-12-04,20.900000000000002
2011-12-05,20.866666666666667
2011-12-06,20.866666666666667
2011-12-07,20.833333333333332
2011-12-08,20.8
2011-12-09,20.5
2011-12-10,20.833333333333332
2011-12-11,20.72222222222222
2011-12-12,20.677777777777777
2011-12-13,20.533333333333335
2011-12-14,20.900000000000002
2011-12-15,20.900000000000002
2011-12-16,21.166666666666668
2011-12-17,21.2
2011-12-18,21.2
2011-12-19,21.166666666666668
2011-12-20,21.08888888888889
2011-12-21,20.944444444444446
2011-12-22,20.900000000000002
2011-12-23,19.833333333333332
2011-12-24,20.866666666666667
2011-12-25,20.866666666666667
2011-12-26,20.833333333333332
2011-12-27,20.866666666666667
2011-12-28,20.833333333333332
2011-12-29,20.900000000000002
2011-12-30,20.866666666666667
2011-12-31,20.833333333333332
2012-01-01,20.833333333333332
2012-01-02,20.833333333333332
2012-01-03,21.033333333333335
2012-01-04,20.833333333333332
2012-01-05,20.833333333333332
2012-01-06,20.5
2012-01-07,20.466666666666665
2012-01-08,20.466666666666665
2012-01-09,20.566666666666666
2012-01-10,20.566666666666666
2012-01-11,20.533333333333335
2012-01-12,20.566666666666666
2012-01-13,20.5
2012-01-14,20.5
2012-01-15,20.833333333333332
2012-01-16,20.8
2012-01-17,20.833333333333332
2012-01-18,20.833333333333332
2012-01-19,19.900000000000002
2012-01-20,19.833333333333332
2012-01-21,19.866666666666667
2012-01-22,19.866666666666667
2012-01-23,19.866666666666667
2012-01-24,19.833333333333332
2012-01-25,19.8
2012-01-26,19.8
2012-01-27,20.166666666666668
2012-01-28,20.133333333333333
2012-01-29,20.133333333333333
2012-01-30,20.166666666666668
2012-01-31,20.166666666666668
2012-02-01,20.133333333333333
2012-02-02,20.166666666666668
2012-02-03,20.133333333333333
2012-02-04,20.066666666666666
2012-02-05,20.066666666666666
2012-02-06,20.066666666666666
2012-02-07,20.066666666666666
2012-02-08,20.066666666666666
2012-02-09,20.099999999999998
2012-02-10,20.433333333333334
2012-02-11,20.433333333333334
2012-02-12,20.433333333333334
2012-02-13,20.433333333333334
2012-02-14,20.400000000000002
2012-02-15,20.433333333333334
2012-02-16,20.400000000000002
2012-02-17,20.833333333333332
2012-02-18,20.833333333333332
2012-02-19,20.88888888888889
2012-02-20,20.944444444444443
2012-02-21,20.966666666666665
2012-02-22,21.055555555555554
2012-02-23,21.07777777777778
2012-02-24,21.166666666666668
2012-02-25,21.099999999999998
2012-02-26,21.099999999999998
2012-02-27,21.099999999999998
2012-02-28,21.166666666666668
2012-02-29,21.133333333333333
2012-03-01,21.166666666666668
2012-03-02,21.133333333333333
2012-03-03,21.133333333333333
2012-03-04,21.833333333333332
2012-03-05,21.900000000000002
2012-03-06,21.866666666666664
2012-03-07,21.833333333333332
2012-03-08,21.8
2012-03-09,22.5
2012-03-10,22.5
2012-03-11,22.5
2012-03-12,22.46666666666667
2012-03-13,22.433333333333334
2012-03-14,22.46666666666667
2012-03-15,22.433333333333334
2012-03-16,22.5
2012-03-17,22.433333333333334
2012-03-18,22.433333333333334
2012-03-19,22.46666666666667
2012-03-20,22.5
2012-03-21,23.46666666666667
2012-03-22,23.5
2012-03-23,23.166666666666668
2012-03-24,23.166666666666668
2012-03-25,23.166666666666668
2012-03-26,23.133333333333336
2012-03-27,23.133333333333336
2012-03-28,23.166666666666668
2012-03-29,23.2
2012-03-30,23.566666666666666
2012-03-31,23.53333333333333
2012-04-01,23.2
2012-04-02,23.166666666666668
2012-04-03,23.133333333333336
2012-04-04,23.133333333333336
2012-04-05,23.133333333333336
2012-04-06,23.133333333333336
2012-04-07,22.833333333333332
2012-04-08,22.833333333333332
2012-04-09,22.866666666666664
2012-04-10,22.833333333333332
2012-04-11,22.95
2012-04-12,23.0
2012-04-13,23.583333333333332
2012-04-14,23.666666666666668
2012-04-15,23.666666666666668
2012-04-16,23.733333333333334
2012-04-17,23.766666666666666
2012-04-18,23.8
2012-04-19,23.8
2012-04-20,24.166666666666668
2012-04-21,24.2
2012-04-22,24.2
2012-04-23,24.166666666666668
2012-04-24,24.133333333333336
2012-04-25,24.2
2012-04-26,24.166666666666668
2012-04-27,24.5
2012-04-28,24.400000000000002
2012-04-29,24.400000000000002
2012-04-30,24.46666666666667
2012-05-01,24.5
2012-05-02,24.5
2012-05-03,24.46666666666667
2012-05-04,24.166666666666668
2012-05-05,24.133333333333336
2012-05-06,24.133333333333336
2012-05-07,24.133333333333336
2012-05-08,24.2
2012-05-09,24.166666666666668
2012-05-10,24.133333333333336
2012-05-11,23.166666666666668
2012-05-12,23.166666666666668
2012-05-13,23.166666666666668
2012-05-14,23.2
2012-05-15,23.266666666666666
2012-05-16,23.233333333333334
2012-05-17,23.166666666666668
2012-05-18,24.666666666666668
2012-05-19,24.7
2012-05-20,24.7
2012-05-21,24.633333333333336
2012-05-22,24.7
2012-05-23,24.666666666666668
2012-05-24,24.644444444444446
2012-05-25,23.255555555555556
2012-05-26,23.166666666666668
2012-05-27,23.166666666666668
2012-05-28,23.166666666666668
2012-05-29,23.166666666666668
2012-05-30,23.133333333333336
2012-05-31,23.344444444444445
2012-06-01,23.08888888888889
2012-06-02,23.166666666666668
2012-06-03,23.166666666666668
2012-06-04,23.2
2012-06-05,23.2
2012-06-06,23.099999999999998
2012-06-07,23.2
2012-06-08,23.53333333333333
2012-06-09,23.566666666666666
2012-06-10,23.599999999999998
2012-06-11,23.633333333333336
2012-06-12,23.666666666666668
2012-06-13,23.633333333333336
2012-06-14,23.666666666666668
2012-06-15,23.666666666666668
2012-06-16,23.633333333333336
2012-06-17,23.633333333333336
2012-06-18,23.666666666666668
2012-06-19,23.733333333333334
2012-06-20,23.766666666666666
2012-06-21,23.688888888888886
2012-06-22,24.444444444444446
2012-06-23,24.46666666666667
2012-06-24,24.46666666666667
2012-06-25,24.5
2012-06-26,24.48888888888889
2012-06-27,24.477777777777778
2012-06-28,24.46666666666667
2012-06-29,25.866666666666664
2012-06-30,25.833333333333332
2012-07-01,25.833333333333332
2012-07-02,25.8
2012-07-03,25.866666666666664
2012-07-04,25.866666666666664
2012-07-05,25.855555555555554
2012-07-06,25.944444444444446
2012-07-07,25.96666666666667
2012-07-08,25.96666666666667
2012-07-09,23.666666666666668
2012-07-10,26.03333333333333
2012-07-11,26.0
2012-07-12,27.066666666666666
2012-07-13,25.833333333333332
2012-07-14,25.166666666666668
2012-07-15,25.166666666666668
2012-07-16,25.166666666666668
2012-07-17,25.866666666666664
2012-07-18,25.433333333333334
2012-07-19,25.46666666666667
2012-07-20,26.166666666666668
2012-07-21,26.133333333333336
2012-07-22,26.133333333333336
2012-07-23,26.166666666666668
2012-07-24,26.2
2012-07-25,26.2
2012-07-26,26.166666666666668
2012-07-27,26.5
2012-07-28,26.53333333333333
2012-07-29,26.53333333333333
2012-07-30,26.53333333333333
2012-07-31,26.566666666666666
2012-08-01,26.53333333333333
2012-08-02,26.46666666666667
2012-08-03,26.5
2012-08-04,26.566666666666666
2012-08-05,26.566666666666666
2012-08-06,26.53333333333333
2012-08-07,26.566666666666666
2012-08-08,26.766666666666666
2012-08-09,26.666666666666668
2012-08-10,26.666666666666668
2012-08-11,31.0
2012-08-12,26.666666666666668
2012-08-13,26.733333333333334
2012-08-14,26.7
2012-08-15,26.666666666666668
2012-08-16,26.633333333333336
2012-08-17,26.666666666666668
2012-08-18,26.7
2012-08-19,26.7
2012-08-20,26.7
2012-08-21,26.633333333333336
2012-08-22,26.666666666666668
2012-08-23,26.666666666666668
2012-08-24,26.633333333333336
2012-08-25,26.611111111111114
2012-08-26,26.555555555555554
2012-08-27,26.5
2012-08-28,26.46666666666667
2012-08-29,26.46666666666667
2012-08-30,26.5
2012-08-31,27.166666666666668
2012-09-01,27.2
2012-09-02,27.2
2012-09-03,27.166666666666668
2012-09-04,27.2
2012-09-05,27.166666666666668
2012-09-06,27.2
2012-09-07,26.5
2012-09-08,26.5
2012-09-09,26.5
2012-09-10,26.733333333333334
2012-09-11,26.733333333333334
2012-09-12,26.7
2012-09-13,26.633333333333336
2012-09-14,27.333333333333332
2012-09-15,27.400000000000002
2012-09-16,27.366666666666664
2012-09-17,27.344444444444445
2012-09-18,27.322222222222223
2012-09-19,27.3
2012-09-20,27.3
2012-09-21,27.333333333333332
2012-09-22,27.366666666666664
2012-09-23,27.366666666666664
2012-09-24,27.333333333333332
2012-09-25,27.366666666666664
2012-09-26,27.333333333333332
2012-09-27,27.366666666666664
2012-09-28,27.366666666666664
2012-09-29,27.3
2012-09-30,27.3
2012-10-01,27.666666666666668
2012-10-02,27.666666666666668
2012-10-03,27.7
2012-10-04,27.666666666666668
2012-10-05,28.366666666666664
2012-10-06,28.333333333333332
2012-10-07,28.388888888888886
2012-10-08,28.444444444444446
2012-10-09,28.53333333333333
2012-10-10,28.5
2012-10-11,28.53333333333333
2012-10-12,27.766666666666666
2012-10-13,27.766666666666666
2012-10-14,27.766666666666666
2012-10-15,27.8
2012-10-16,27.766666666666666
2012-10-17,27.8
2012-10-18,27.833333333333332
2012-10-19,28.166666666666668
2012-10-20,28.133333333333336
2012-10-21,28.133333333333336
2012-10-22,28.133333333333336
2012-10-23,27.46666666666667
2012-10-24,28.2
2012-10-25,28.166666666666668
2012-10-26,27.866666666666664
2012-10-27,27.866666666666664
2012-10-28,27.866666666666664
2012-10-29,27.833333333333332
2012-10-30,27.866666666666664
2012-10-31,28.0
2012-11-01,27.900000000000002
2012-11-02,27.900000000000002
2012-11-03,27.933333333333334
2012-11-04,27.933333333333334
2012-11-05,28.03333333333333
2012-11-06,27.96666666666667
2012-11-07,28.0
2012-11-08,28.03333333333333
2012-11-09,28.0
2012-11-10,28.0
2012-11-11,28.0
2012-11-12,28.03333333333333
2012-11-13,28.03333333333333
2012-11-14,27.46666666666667
2012-11-15,27.5
2012-11-16,27.53333333333333
2012-11-17,28.8
2012-11-18,28.8
2012-11-19,28.733333333333334
2012-11-20,28.8
2012-11-21,28.866666666666664
2012-11-22,28.933333333333337
2012-11-23,27.899999999999995
2012-11-24,27.96666666666667
2012-11-25,28.0
2012-11-26,28.03333333333333
2012-11-27,28.066666666666666
2012-11-28,28.144444444444446
2012-11-29,28.222222222222218
2012-11-30,28.3
2012-12-01,28.400000000000002
2012-12-02,28.333333333333332
2012-12-03,29.066666666666666
2012-12-04,29.0
2012-12-05,29.03333333333333
2012-12-06,29.066666666666666
2012-12-07,28.96666666666667
2012-12-08,29.0
2012-12-09,29.03333333333333
2012-12-10,29.133333333333336
2012-12-11,29.099999999999998
2012-12-12,29.166666666666668
2012-12-13,29.133333333333336
2012-12-14,29.5
2012-12-15,29.433333333333334
2012-12-16,29.433333333333334
2012-12-17,29.399999999999995
2012-12-18,29.433333333333334
2012-12-19,29.46666666666667
2012-12-20,29.5
2012-12-21,29.766666666666666
2012-12-22,29.766666666666666
2012-12-23,29.599999999999998
2012-12-24,29.8
2012-12-25,29.8
2012-12-26,29.733333333333334
2012-12-27,29.666666666666668
2012-12-28,29.7
2012-12-29,29.733333333333334
2012-12-30,29.733333333333334
2012-12-31,29.7
2013-01-01,29.7
2013-01-02,29.233333333333334
2013-01-03,29.166666666666668
2013-01-04,29.233333333333334
2013-01-05,29.2
2013-01-06,29.2
2013-01-07,29.166666666666668
2013-01-08,29.2
2013-01-09,29.233333333333334
2013-01-10,28.96666666666667
2013-01-11,29.3
2013-01-12,29.3
2013-01-13,29.3
2013-01-14,29.3
2013-01-15,29.333333333333332
2013-01-16,29.400000000000002
2013-01-17,29.322222222222223
2013-01-18,29.04444444444444
2013-01-19,29.0
2013-01-20,29.0
2013-01-21,29.066666666666666
2013-01-22,29.03333333333333
2013-01-23,29.066666666666666
2013-01-24,29.066666666666666
2013-01-25,30.666666666666668
2013-01-26,30.400000000000002
2013-01-27,30.51111111111111
2013-01-28,30.555555555555554
2013-01-29,31.7
2013-01-30,31.733333333333334
2013-01-31,31.7
2013-02-01,31.633333333333336
2013-02-02,31.644444444444446
2013-02-03,31.655555555555555
2013-02-04,31.666666666666668
2013-02-05,31.733333333333334
2013-02-06,31.7
2013-02-07,31.733333333333334
2013-02-08,30.333333333333332
2013-02-09,27.333333333333332
2013-02-10,30.333333333333332
2013-02-11,30.366666666666664
2013-02-12,30.3
2013-02-13,30.400000000000002
2013-02-14,30.7
2013-02-15,30.400000000000002
2013-02-16,30.366666666666664
2013-02-17,30.7
2013-02-18,30.733333333333334
2013-02-19,30.433333333333334
2013-02-20,30.433333333333334
2013-02-21,30.366666666666664
2013-02-22,29.96666666666667
2013-02-23,30.0
2013-02-24,30.400000000000002
2013-02-25,30.03333333333333
2013-02-26,30.099999999999998
2013-02-27,30.366666666666664
2013-02-28,30.655555555555555
2013-03-01,30.744444444444444
2013-03-02,31.0
2013-03-03,30.833333333333332
2013-03-04,30.7
2013-03-05,30.46666666666667
2013-03-06,30.5
2013-03-07,30.53333333333333
2013-03-08,30.866666666666664
2013-03-09,30.866666666666664
2013-03-10,30.866666666666664
2013-03-11,32.166666666666664
2013-03-12,32.13333333333333
2013-03-13,32.13333333333333
2013-03-14,32.13333333333333
2013-03-15,31.833333333333332
2013-03-16,31.8
2013-03-17,31.704761904761906
2013-03-18,31.67619047619047
2013-03-19,31.514285714285716
2013-03-20,31.41904761904762
2013-03-21,31.423809523809528
2013-03-22,31.56190476190476
2013-03-23,31.5
2013-03-24,31.5
2013-03-25,31.400000000000002
2013-03-26,31.266666666666666
2013-03-27,31.099999999999998
2013-03-28,31.0
2013-03-29,30.833333333333332
2013-03-30,30.666666666666668
2013-03-31,30.866666666666664
2013-04-01,30.766666666666666
2013-04-02,30.8
2013-04-03,30.766666666666666
2013-04-04,30.8
2013-04-05,31.0
2013-04-06,31.066666666666666
2013-04-07,31.166666666666668
2013-04-08,31.333333333333332
2013-04-09,31.266666666666666
2013-04-10,31.333333333333332
2013-04-11,31.166666666666668
2013-04-12,31.233333333333334
2013-04-13,31.233333333333334
2013-04-14,31.233333333333334
2013-04-15,31.266666666666666
2013-04-16,31.3
2013-04-17,31.099999999999998
2013-04-18,31.21111111111111
2013-04-19,31.322222222222223
2013-04-20,31.433333333333334
2013-04-21,31.433333333333334
2013-04-22,31.46666666666667
2013-04-23,31.5
2013-04-24,31.566666666666666
2013-04-25,31.400000000000002
2013-04-26,31.133333333333336
2013-04-27,31.666666666666668
2013-04-28,31.666666666666668
2013-04-29,31.666666666666668
2013-04-30,31.266666666666666
2013-05-01,32.56666666666667
2013-05-02,31.666666666666668
2013-05-03,33.333333333333336
2013-05-04,33.4
2013-05-05,33.4
2013-05-06,33.300000000000004
2013-05-07,33.333333333333336
2013-05-08,33.36666666666667
2013-05-09,33.266666666666666
2013-05-10,32.56666666666667
2013-05-11,31.633333333333336
2013-05-12,32.56666666666667
2013-05-13,32.666666666666664
2013-05-14,33.4
2013-05-15,33.4
2013-05-16,33.36666666666667
2013-05-17,34.035294117647055
2013-05-18,34.13725490196078
2013-05-19,34.17254901960785
2013-05-20,34.17450980392157
2013-05-21,34.10980392156863
2013-05-22,34.17843137254902
2013-05-23,34.247058823529414
2013-05-24,33.24901960784314
2013-05-25,33.35098039215686
2013-05-26,33.386274509803926
2013-05-27,33.38823529411764
2013-05-28,33.45686274509804
2013-05-29,33.52549019607843
2013-05-30,33.52745098039215
2013-05-31,32.496078431372545
2013-06-01,32.498039215686276
2013-06-02,32.53333333333333
2013-06-03,32.53333333333333
2013-06-04,32.53333333333333
2013-06-05,32.53333333333333
2013-06-06,32.5
2013-06-07,33.86666666666667
2013-06-08,33.86666666666667
2013-06-09,33.86666666666667
2013-06-10,34.300000000000004
2013-06-11,34.233333333333334
2013-06-12,34.266666666666666
2013-06-13,34.333333333333336
2013-06-14,32.9
2013-06-15,34.03333333333333
2013-06-16,34.03333333333333
2013-06-17,34.0
2013-06-18,34.03333333333333
2013-06-19,34.0
2013-06-20,34.166666666666664
2013-06-21,33.9
2013-06-22,33.93333333333333
2013-06-23,32.93333333333333
2013-06-24,33.9
2013-06-25,33.86666666666667
2013-06-26,33.766666666666666
2013-06-27,33.800000000000004
2013-06-28,33.800000000000004
2013-06-29,32.666666666666664
2013-06-30,33.833333333333336
2013-07-01,33.733333333333334
2013-07-02,33.800000000000004
2013-07-03,32.800000000000004
2013-07-04,33.766666666666666
2013-07-05,34.13333333333333
2013-07-06,34.199999999999996
2013-07-07,34.53333333333333
2013-07-08,34.166666666666664
2013-07-09,34.1
2013-07-10,34.46666666666667
2013-07-11,34.5
2013-07-12,34.46666666666667
2013-07-13,34.46666666666667
2013-07-14,34.46666666666667
2013-07-15,34.4
2013-07-16,34.5
2013-07-17,34.53333333333333
2013-07-18,34.5
2013-07-19,34.5
2013-07-20,34.56666666666667
2013-07-21,36.233333333333334
2013-07-22,36.199999999999996
2013-07-23,34.5
2013-07-24,34.56666666666667
2013-07-25,34.5
2013-07-26,34.43333333333333
2013-07-27,34.46666666666667
2013-07-28,34.46666666666667
2013-07-29,34.6
2013-07-30,34.56666666666667
2013-07-31,34.56666666666667
2013-08-01,34.63333333333333
2013-08-02,34.266666666666666
2013-08-03,34.300000000000004
2013-08-04,34.304761904761904
2013-08-05,34.30952380952381
2013-08-06,34.31428571428572
2013-08-07,34.319047619047616
2013-08-08,34.32380952380952
2013-08-09,34.32857142857143
2013-08-10,34.333333333333336
2013-08-11,34.333333333333336
2013-08-12,34.266666666666666
2013-08-13,34.43333333333333
2013-08-14,34.13333333333333
2013-08-15,34.13333333333333
2013-08-16,34.166666666666664
2013-08-17,34.13333333333333
2013-08-18,34.13333333333333
2013-08-19,34.1
2013-08-20,34.233333333333334
2013-08-21,33.97777777777778
2013-08-22,33.72222222222222
2013-08-23,33.46666666666667
2013-08-24,33.43333333333333
2013-08-25,33.43333333333333
2013-08-26,33.4
2013-08-27,33.322222222222216
2013-08-28,33.24444444444445
2013-08-29,33.13333333333333
2013-08-30,32.13333333333333
2013-08-31,32.9
2013-09-01,32.9
2013-09-02,32.13333333333333
2013-09-03,32.86666666666667
2013-09-04,32.13333333333333
2013-09-05,32.800000000000004
2013-09-06,33.56666666666667
2013-09-07,33.53333333333333
2013-09-08,33.53333333333333
2013-09-09,33.53333333333333
2013-09-10,33.46666666666667
2013-09-11,33.5047619047619
2013-09-12,33.60952380952381
2013-09-13,33.31428571428571
2013-09-14,33.385714285714286
2013-09-15,33.45714285714286
2013-09-16,33.595238095238095
2013-09-17,33.666666666666664
2013-09-18,33.63333333333333
2013-09-19,33.6
2013-09-20,33.63333333333333
2013-09-21,33.56666666666667
2013-09-22,32.56666666666667
2013-09-23,33.733333333333334
2013-09-24,33.733333333333334
2013-09-25,33.646341463414636
2013-09-26,33.65934959349594
2013-09-27,33.605691056910565
2013-09-28,33.65203252032521
2013-09-29,33.63170731707317
2013-09-30,33.64471544715447
2013-10-01,33.424390243902444
2013-10-02,33.43739837398374
2013-10-03,33.48373983739837
2013-10-04,33.363414634146345
2013-10-05,33.34308943089431
2013-10-06,33.322764227642274
2013-10-07,33.36910569105691
2013-10-08,33.41544715447154
2013-10-09,33.29512195121951
2013-10-10,33.30813008130081
2013-10-11,33.32113821138211
2013-10-12,33.36747967479675
2013-10-13,33.34715447154472
2013-10-14,33.260162601626014
2013-10-15,33.30650406504065
2013-10-16,33.28617886178862
2013-10-17,33.23252032520325
2013-10-18,33.24552845528455
2013-10-19,33.25853658536585
2013-10-20,33.22154471544715
2013-10-21,33.18455284552845
2013-10-22,33.14756097560976
2013-10-23,33.11056910569106
2013-10-24,33.02357723577236
2013-10-25,32.33658536585366
2013-10-26,32.64959349593496
2013-10-27,32.62926829268293
2013-10-28,32.575609756097556
2013-10-29,32.58861788617887
2013-10-30,32.50162601626017
2013-10-31,32.6479674796748
2013-11-01,32.12764227642277
2013-11-02,32.20731707317073
2013-11-03,32.1869918699187
2013-11-04,32.233333333333334
2013-11-05,31.46666666666667
2013-11-06,32.13333333333333
2013-11-07,32.199999999999996
2013-11-08,32.63333333333333
2013-11-09,32.766666666666666
2013-11-10,32.9
2013-11-11,33.1
2013-11-12,33.13333333333333
2013-11-13,33.199999999999996
2013-11-14,33.199999999999996
2013-11-15,33.199999999999996
2013-11-16,33.13333333333333
2013-11-17,33.13333333333333
2013-11-18,33.06666666666667
2013-11-19,33.06666666666667
2013-11-20,33.46666666666667
2013-11-21,33.53333333333333
2013-11-22,33.46666666666667
2013-11-23,33.4
2013-11-24,33.4
2013-11-25,33.5
2013-11-26,33.53333333333333
2013-11-27,33.56666666666667
2013-11-28,33.666666666666664
2013-11-29,33.766666666666666
2013-11-30,33.86666666666667
2013-12-01,33.96666666666667
2013-12-02,34.06666666666667
2013-12-03,34.0
2013-12-04,34.06666666666667
2013-12-05,34.0
2013-12-06,33.833333333333336
2013-12-07,33.800000000000004
2013-12-08,34.46666666666667
2013-12-09,34.43333333333333
2013-12-10,34.46666666666667
2013-12-11,34.56666666666667
2013-12-12,34.43333333333333
2013-12-13,34.46666666666667
2013-12-14,33.63333333333333
2013-12-15,32.800000000000004
2013-12-16,32.03333333333333
2013-12-17,31.133333333333336
2013-12-18,31.166666666666668
2013-12-19,31.133333333333336
2013-12-20,31.433333333333334
2013-12-21,30.833333333333332
2013-12-22,31.5
2013-12-23,31.599999999999998
2013-12-24,31.53333333333333
2013-12-25,32.11666666666667
2013-12-26,32.56666666666667
2013-12-27,33.15
2013-12-28,33.800000000000004
2013-12-29,33.800000000000004
2013-12-30,33.766666666666666
2013-12-31,33.800000000000004
2014-01-01,33.833333333333336
2014-01-02,33.93333333333333
2014-01-03,33.86666666666667
2014-01-04,33.766666666666666
2014-01-05,33.77777777777778
2014-01-06,33.9
2014-01-07,34.02222222222222
2014-01-08,34.233333333333334
2014-01-09,34.1
2014-01-10,34.06666666666667
2014-01-11,34.06666666666667
2014-01-12,34.06666666666667
2014-01-13,34.06666666666667
2014-01-14,33.955555555555556
2014-01-15,33.97777777777778
2014-01-16,33.86666666666667
2014-01-17,32.800000000000004
2014-01-18,33.766666666666666
2014-01-19,33.766666666666666
2014-01-20,33.800000000000004
2014-01-21,33.833333333333336
2014-01-22,33.800000000000004
2014-01-23,33.766666666666666
2014-01-24,34.166666666666664
2014-01-25,34.199999999999996
2014-01-26,34.199999999999996
2014-01-27,34.06666666666667
2014-01-28,34.1
2014-01-29,35.5
2014-01-30,34.1
2014-01-31,35.53333333333333
2014-02-01,35.05555555555556
2014-02-02,34.577777777777776
2014-02-03,33.766666666666666
2014-02-04,34.93333333333333
2014-02-05,33.766666666666666
2014-02-06,33.666666666666664
2014-02-07,33.86666666666667
2014-02-08,33.86666666666667
2014-02-09,33.86666666666667
2014-02-10,33.800000000000004
2014-02-11,33.766666666666666
2014-02-12,34.96666666666667
2014-02-13,34.93333333333333
2014-02-14,34.9
2014-02-15,34.96666666666667
2014-02-16,34.96666666666667
2014-02-17,35.03333333333333
2014-02-18,35.06666666666667
2014-02-19,35.03333333333333
2014-02-20,35.0
2014-02-21,34.9
2014-02-22,35.0
2014-02-23,34.833333333333336
2014-02-24,34.733333333333334
2014-02-25,34.800000000000004
2014-02-26,34.86666666666667
2014-02-27,34.13333333333333
2014-02-28,35.166666666666664
2014-03-01,35.06666666666667
2014-03-02,35.06666666666667
2014-03-03,35.233333333333334
2014-03-04,35.233333333333334
2014-03-05,35.266666666666666
2014-03-06,35.300000000000004
2014-03-07,35.233333333333334
2014-03-08,35.233333333333334
2014-03-09,35.233333333333334
2014-03-10,35.266666666666666
2014-03-11,35.300000000000004
2014-03-12,35.233333333333334
2014-03-13,35.233333333333334
2014-03-14,34.833333333333336
2014-03-15,35.0
2014-03-16,35.0
2014-03-17,35.0
2014-03-18,33.56666666666667
2014-03-19,34.9
2014-03-20,34.9
2014-03-21,34.6
2014-03-22,34.56666666666667
2014-03-23,34.56666666666667
2014-03-24,34.6
2014-03-25,34.56666666666667
2014-03-26,34.56666666666667
2014-03-27,34.46666666666667
2014-03-28,34.833333333333336
2014-03-29,34.766666666666666
2014-03-30,34.766666666666666
2014-03-31,34.766666666666666
