date,Onion,Wheat
2005-01-01,2.0,8.25
2005-01-02,2.0,8.25
2005-01-03,2.0,8.25
2005-01-04,2.0,8.25
2005-01-05,2.0,8.25
2005-01-06,2.0,8.25
2005-01-07,2.0,8.25
2005-01-08,2.0,8.25
2005-01-09,2.0,8.25
2005-01-10,2.0,8.25
2005-01-11,1.75,8.25
2005-01-12,1.75,8.61
2005-01-13,2.0,8.61
2005-01-14,1.9375,8.65
2005-01-15,1.875,8.615
2005-01-16,1.8125,8.58
2005-01-17,1.75,8.545
2005-01-18,1.7,8.51
2005-01-19,1.75,8.5
2005-01-20,1.55,8.25
2005-01-21,1.57,8.38125
2005-01-22,1.59,8.5125
2005-01-23,1.61,8.64375
2005-01-24,1.63,8.775
2005-01-25,1.65,8.90625
2005-01-26,1.67,9.0375
2005-01-27,1.69,9.16875
2005-01-28,1.71,9.3
2005-01-29,1.73,8.25
2005-01-30,1.75,8.4125
2005-01-31,1.8333333333333333,8.575
2005-02-01,1.9166666666666663,8.7375
2005-02-02,2.0,8.9
2005-02-03,1.75,8.5
2005-02-04,1.75,8.583333333333334
2005-02-05,1.75,8.666666666666666
2005-02-06,1.75,8.75
2005-02-07,1.75,8.833333333333334
2005-02-08,1.75,8.916666666666666
2005-02-09,1.8,9.0
2005-02-10,1.85,9.083333333333334
2005-02-11,1.9,9.166666666666666
2005-02-12,1.95,9.25
2005-02-13,2.0,8.9
2005-02-14,2.25,8.55
2005-02-15,2.0,8.2
2005-02-16,1.75,8.61
2005-02-17,1.75,8.61
2005-02-18,1.8125,8.25
2005-02-19,1.875,8.2375
2005-02-20,1.9375,8.225
2005-02-21,2.0,8.2125
2005-02-22,1.75,8.2
2005-02-23,2.0,8.15
2005-02-24,1.75,8.15
2005-02-25,1.7916666666666663,8.38
2005-02-26,1.8333333333333333,8.2
2005-02-27,1.875,8.225
2005-02-28,1.9166666666666663,8.25
2005-03-01,1.9583333333333333,8.275
2005-03-02,2.0,8.3
2005-03-03,2.0,8.11
2005-03-04,1.9642857142857144,8.15
2005-03-05,1.9285714285714288,8.3
2005-03-06,1.8928571428571428,8.31
2005-03-07,1.8571428571428568,8.32
2005-03-08,1.8214285714285716,8.33
2005-03-09,1.7857142857142856,8.34
2005-03-10,1.75,8.35
2005-03-11,1.75,8.36
2005-03-12,1.75,8.21
2005-03-13,1.75,8.156666666666666
2005-03-14,1.75,8.103333333333332
2005-03-15,1.75,8.05
2005-03-16,1.75,8.05
2005-03-17,1.875,8.133333333333333
2005-03-18,2.0,8.216666666666667
2005-03-19,2.125,8.3
2005-03-20,2.25,8.15
2005-03-21,2.375,8.0
2005-03-22,2.5,7.85
2005-03-23,2.5,8.12
2005-03-24,1.75,7.9
2005-03-25,1.8125,7.55
2005-03-26,1.875,7.575
2005-03-27,1.9375,7.6
2005-03-28,2.0,7.625
2005-03-29,1.9166666666666663,7.65
2005-03-30,1.8333333333333333,7.758571428571429
2005-03-31,1.75,7.867142857142856
2005-04-01,1.8333333333333333,7.975714285714287
2005-04-02,1.9166666666666663,8.084285714285715
2005-04-03,2.0,8.192857142857143
2005-04-04,2.0,8.301428571428572
2005-04-05,2.0,8.41
2005-04-06,2.0,8.381428571428572
2005-04-07,2.0,8.352857142857143
2005-04-08,2.0,8.324285714285715
2005-04-09,2.0,8.295714285714286
2005-04-10,2.0,8.267142857142856
2005-04-11,2.0,8.23857142857143
2005-04-12,2.0,8.21
2005-04-13,2.0,7.85
2005-04-14,2.0,7.908333333333334
2005-04-15,2.0,7.966666666666666
2005-04-16,2.0,8.025
2005-04-17,2.0,8.083333333333334
2005-04-18,2.0,8.141666666666666
2005-04-19,1.75,8.2
2005-04-20,1.8,7.85
2005-04-21,1.8,8.3
2005-04-22,1.7833333333333334,8.27
2005-04-23,1.7666666666666666,8.24
2005-04-24,1.75,8.21
2005-04-25,1.75,8.18
2005-04-26,1.75,8.15
2005-04-27,1.75,8.22
2005-04-28,1.75,8.15
2005-04-29,1.75,8.18
2005-04-30,1.75,8.21
2005-05-01,1.75,8.24
2005-05-02,1.75,8.27
2005-05-03,1.6833333333333331,8.3
2005-05-04,1.6166666666666665,8.1
2005-05-05,1.55,8.3
2005-05-06,1.6166666666666665,7.85
2005-05-07,1.6833333333333331,7.85
2005-05-08,1.75,7.803333333333334
2005-05-09,2.0,7.756666666666666
2005-05-10,1.5,7.71
2005-05-11,1.5,7.75
2005-05-12,1.55,7.75
2005-05-13,1.5333333333333334,8.05
2005-05-14,1.5166666666666666,7.81
2005-05-15,1.5,7.91
2005-05-16,1.5,8.01
2005-05-17,1.25,8.11
2005-05-18,1.25,8.2
2005-05-19,1.2636363636363637,8.214285714285715
2005-05-20,1.2772727272727271,8.22857142857143
2005-05-21,1.2909090909090908,8.242857142857144
2005-05-22,1.304545454545455,8.257142857142856
2005-05-23,1.318181818181818,8.27142857142857
2005-05-24,1.3318181818181818,8.285714285714285
2005-05-25,1.3454545454545452,8.3
2005-05-26,1.3590909090909091,8.11
2005-05-27,1.3727272727272728,8.3
2005-05-28,1.3863636363636362,8.11
2005-05-29,1.4,8.123333333333333
2005-05-30,1.5,8.136666666666667
2005-05-31,1.35,8.15
2005-06-01,1.35,8.35
2005-06-02,1.3,8.25
2005-06-03,1.3666666666666665,8.262
2005-06-04,1.4333333333333331,8.274
2005-06-05,1.5,8.286
2005-06-06,1.5,8.298
2005-06-07,1.35,8.31
2005-06-08,1.3714285714285714,7.65
2005-06-09,1.3928571428571428,7.75
2005-06-10,1.414285714285714,8.32
2005-06-11,1.435714285714286,8.25
2005-06-12,1.4571428571428573,8.283333333333333
2005-06-13,1.4785714285714286,8.316666666666666
2005-06-14,1.5,8.35
2005-06-15,1.4,8.25
2005-06-16,1.4,8.36
2005-06-17,1.4333333333333331,8.3
2005-06-18,1.4666666666666666,8.21
2005-06-19,1.5,8.243333333333334
2005-06-20,1.5,8.276666666666666
2005-06-21,1.5,8.31
2005-06-22,1.75,8.32
2005-06-23,2.0,8.35
2005-06-24,2.0,8.36
2005-06-25,2.0,8.26
2005-06-26,2.0,8.21
2005-06-27,2.0,8.16
2005-06-28,2.0,8.11
2005-06-29,2.0,8.21
2005-06-30,2.0,8.27
2005-07-01,2.0,8.15
2005-07-02,2.0,8.26
2005-07-03,2.0,8.306666666666667
2005-07-04,1.75,8.353333333333332
2005-07-05,2.0,8.4
2005-07-06,2.25,8.21
2005-07-07,2.5,8.12
2005-07-08,2.25,8.3
2005-07-09,2.0,8.45
2005-07-10,1.75,8.4
2005-07-11,1.85,8.35
2005-07-12,2.0,8.3
2005-07-13,2.0,8.3
2005-07-14,2.0,8.3
2005-07-15,2.1,8.3
2005-07-16,2.2,8.0
2005-07-17,2.3,8.0625
2005-07-18,2.4,8.125
2005-07-19,2.5,8.1875
2005-07-20,2.0,8.25
2005-07-21,2.0,8.4
2005-07-22,2.1666666666666665,8.36
2005-07-23,2.333333333333333,8.35
2005-07-24,2.5,8.383333333333333
2005-07-25,2.0,8.416666666666666
2005-07-26,2.5,8.45
2005-07-27,2.4285714285714293,8.35
2005-07-28,2.357142857142857,8.35
2005-07-29,2.2857142857142856,8.25
2005-07-30,2.2142857142857135,8.258461538461539
2005-07-31,2.142857142857143,8.266923076923078
2005-08-01,2.071428571428571,8.275384615384615
2005-08-02,2.0,8.283846153846152
2005-08-03,2.1,8.292307692307693
2005-08-04,2.2,8.30076923076923
2005-08-05,2.3,8.30923076923077
2005-08-06,2.4,8.317692307692306
2005-08-07,2.5,8.326153846153849
2005-08-08,2.5,8.334615384615384
2005-08-09,2.5,8.343076923076923
2005-08-10,2.5,8.351538461538462
2005-08-11,2.5,8.36
2005-08-12,2.333333333333333,8.36
2005-08-13,2.1666666666666665,8.5
2005-08-14,2.0,8.464
2005-08-15,2.1875,8.427999999999999
2005-08-16,2.375,8.392000000000001
2005-08-17,2.5625,8.356
2005-08-18,2.75,8.32
2005-08-19,2.833333333333333,8.336
2005-08-20,2.916666666666667,8.352
2005-08-21,3.0,8.368
2005-08-22,2.833333333333333,8.384
2005-08-23,2.666666666666667,8.4
2005-08-24,2.5,8.28
2005-08-25,3.0,8.25
2005-08-26,3.0,8.2
2005-08-27,3.0,8.35
2005-08-28,3.0,8.25
2005-08-29,3.0,8.15
2005-08-30,3.0,8.05
2005-08-31,3.0,8.33
2005-09-01,3.0,8.25
2005-09-02,3.0,8.5
2005-09-03,3.0,8.464285714285715
2005-09-04,3.0,8.428571428571429
2005-09-05,3.5,8.392857142857144
2005-09-06,3.666666666666667,8.357142857142856
2005-09-07,3.833333333333333,8.321428571428571
2005-09-08,4.0,8.285714285714285
2005-09-09,4.166666666666667,8.25
2005-09-10,4.333333333333334,8.2
2005-09-11,4.5,8.236666666666666
2005-09-12,5.0,8.273333333333332
2005-09-13,5.5,8.31
2005-09-14,4.0,8.35
2005-09-15,3.928571428571429,8.35625
2005-09-16,3.8571428571428568,8.3625
2005-09-17,3.7857142857142856,8.36875
2005-09-18,3.7142857142857135,8.375
2005-09-19,3.6428571428571432,8.38125
2005-09-20,3.571428571428571,8.3875
2005-09-21,3.5,8.39375
2005-09-22,3.25,8.4
2005-09-23,3.3181818181818183,8.3975
2005-09-24,3.386363636363636,8.395
2005-09-25,3.4545454545454546,8.3925
2005-09-26,3.5227272727272725,8.39
2005-09-27,3.5909090909090917,8.3875
2005-09-28,3.6590909090909087,8.385
2005-09-29,3.727272727272728,8.3825
2005-09-30,3.7954545454545454,8.38
2005-10-01,3.863636363636364,8.3775
2005-10-02,3.9318181818181817,8.375
2005-10-03,4.0,8.3725
2005-10-04,3.5,8.37
2005-10-05,4.0,7.91
2005-10-06,4.0,8.15
2005-10-07,4.02,8.25
2005-10-08,4.04,8.31
2005-10-09,4.06,8.34
2005-10-10,4.08,8.37
2005-10-11,4.1,8.4
2005-10-12,4.0,8.42
2005-10-13,4.0,8.44
2005-10-14,4.0,8.46
2005-10-15,4.0,8.42
2005-10-16,4.0,8.433333333333334
2005-10-17,4.1,8.446666666666665
2005-10-18,3.5,8.46
2005-10-19,4.5,8.65
2005-10-20,5.0,8.75
2005-10-21,6.083333333333334,8.42
2005-10-22,7.166666666666666,8.4
2005-10-23,8.25,8.55
2005-10-24,7.5,8.7
2005-10-25,8.0,8.85
2005-10-26,7.5,8.7
2005-10-27,6.25,8.46
2005-10-28,5.916666666666666,8.475833333333334
2005-10-29,5.583333333333334,8.491666666666667
2005-10-30,5.25,8.5075
2005-10-31,5.0,8.523333333333332
2005-11-01,5.333333333333334,8.539166666666668
2005-11-02,5.666666666666666,8.555
2005-11-03,6.0,8.570833333333333
2005-11-04,6.333333333333334,8.586666666666666
2005-11-05,6.666666666666668,8.6025
2005-11-06,7.0,8.618333333333334
2005-11-07,7.0,8.634166666666665
2005-11-08,6.5,8.65
2005-11-09,5.25,8.88
2005-11-10,5.25,8.65
2005-11-11,5.266666666666667,8.702
2005-11-12,5.283333333333334,8.754
2005-11-13,5.3,8.806000000000003
2005-11-14,5.25,8.857999999999997
2005-11-15,5.25,8.91
2005-11-16,6.0,8.85
2005-11-17,5.5,8.76
2005-11-18,5.333333333333334,8.75
2005-11-19,5.166666666666666,8.7
2005-11-20,5.0,8.77
2005-11-21,5.25,8.84
2005-11-22,5.0,8.91
2005-11-23,5.5,8.91
2005-11-24,5.25,8.85
2005-11-25,5.181818181818182,8.860666666666667
2005-11-26,5.113636363636363,8.871333333333332
2005-11-27,5.045454545454546,8.882
2005-11-28,4.977272727272728,8.892666666666667
2005-11-29,4.909090909090909,8.903333333333334
2005-11-30,4.840909090909091,8.914
2005-12-01,4.7727272727272725,8.924666666666667
2005-12-02,4.704545454545454,8.935333333333332
2005-12-03,4.636363636363637,8.946
2005-12-04,4.568181818181818,8.956666666666667
2005-12-05,4.5,8.967333333333334
2005-12-06,4.5,8.978
2005-12-07,4.375,8.988666666666667
2005-12-08,4.25,8.999333333333333
2005-12-09,4.125,9.01
2005-12-10,4.0,9.05
2005-12-11,3.875,9.03
2005-12-12,3.75,9.01
2005-12-13,3.625,8.99
2005-12-14,3.5,8.97
2005-12-15,3.375,8.95
2005-12-16,3.25,8.93
2005-12-17,3.125,8.91
2005-12-18,3.0,8.89
2005-12-19,3.0,8.87
2005-12-20,3.0,8.85
2005-12-21,3.0,8.898387096774194
2005-12-22,3.0,8.946774193548388
2005-12-23,3.0,8.99516129032258
2005-12-24,3.0,9.043548387096774
2005-12-25,3.0,9.091935483870966
2005-12-26,2.875,9.140322580645162
2005-12-27,2.75,9.188709677419356
2005-12-28,2.625,9.23709677419355
2005-12-29,2.5,9.285483870967742
2005-12-30,2.5176,9.333870967741936
2005-12-31,2.5352,9.382258064516131
2006-01-01,2.5528,9.430645161290322
2006-01-02,2.5704,9.479032258064516
2006-01-03,2.588,9.527419354838711
2006-01-04,2.6056,9.575806451612904
2006-01-05,2.6232,9.624193548387096
2006-01-06,2.6408,9.67258064516129
2006-01-07,2.6584,9.720967741935484
2006-01-08,2.676,9.769354838709678
2006-01-09,2.6936,9.817741935483873
2006-01-10,2.7112,9.866129032258065
2006-01-11,2.7288,9.914516129032258
2006-01-12,2.7464,9.962903225806453
2006-01-13,2.764,10.011290322580646
2006-01-14,2.7816,10.05967741935484
2006-01-15,2.7992000000000004,10.108064516129033
2006-01-16,2.8168,10.156451612903227
2006-01-17,2.8344,10.20483870967742
2006-01-18,2.852,10.253225806451614
2006-01-19,2.8696,10.301612903225807
2006-01-20,2.8872000000000004,10.35
2006-01-21,2.9048000000000003,10.45
2006-01-22,2.9224,10.3125
2006-01-23,2.94,10.175
2006-01-24,2.9576,10.0375
2006-01-25,2.9752,9.9
2006-01-26,2.9928,9.823333333333334
2006-01-27,3.0104,9.746666666666666
2006-01-28,3.028,9.67
2006-01-29,3.0456,9.593333333333334
2006-01-30,3.0632,9.516666666666666
2006-01-31,3.0808,9.44
2006-02-01,3.0984000000000003,9.363333333333333
2006-02-02,3.116,9.286666666666667
2006-02-03,3.1336,9.21
2006-02-04,3.1512,9.29
2006-02-05,3.1688,9.37
2006-02-06,3.1864,9.45
2006-02-07,3.204,9.53
2006-02-08,3.2216,9.61
2006-02-09,3.2392000000000003,9.69
2006-02-10,3.2568,9.77
2006-02-11,3.2744,9.85
2006-02-12,3.292,9.67
2006-02-13,3.3096,9.49
2006-02-14,3.3272000000000004,9.31
2006-02-15,3.3448,9.13
2006-02-16,3.3624,8.95
2006-02-17,3.38,8.901333333333334
2006-02-18,3.3976,8.852666666666666
2006-02-19,3.4152,8.804
2006-02-20,3.4328,8.755333333333333
2006-02-21,3.4504,8.706666666666667
2006-02-22,3.468,8.658
2006-02-23,3.4856,8.609333333333334
2006-02-24,3.5032,8.560666666666668
2006-02-25,3.5208,8.512
2006-02-26,3.5384,8.463333333333333
2006-02-27,3.556,8.414666666666667
2006-02-28,3.5736000000000003,8.366
2006-03-01,3.5912,8.317333333333334
2006-03-02,3.6088,8.268666666666666
2006-03-03,3.6264,8.22
2006-03-04,3.644,8.204285714285714
2006-03-05,3.6616,8.188571428571429
2006-03-06,3.6792,8.172857142857143
2006-03-07,3.6968,8.157142857142857
2006-03-08,3.7144,8.141428571428571
2006-03-09,3.732,8.125714285714286
2006-03-10,3.7496,8.11
2006-03-11,3.7672,8.094285714285714
2006-03-12,3.7848,8.07857142857143
2006-03-13,3.8024,8.062857142857144
2006-03-14,3.82,8.047142857142857
2006-03-15,3.8376,8.03142857142857
2006-03-16,3.8552,8.015714285714285
2006-03-17,3.8728,8.0
2006-03-18,3.8904,7.91
2006-03-19,3.908,8.023333333333332
2006-03-20,3.9256,8.136666666666667
2006-03-21,3.9432,8.25
2006-03-22,3.9608,8.01
2006-03-23,3.9784,8.6
2006-03-24,3.996,8.64
2006-03-25,4.0136,8.55
2006-03-26,4.0312,8.49
2006-03-27,4.0488,8.43
2006-03-28,4.0664,8.37
2006-03-29,4.084,8.18
2006-03-30,4.1016,8.12
2006-03-31,4.119199999999998,8.06
2006-04-01,4.1368,8.0
2006-04-02,4.1544,8.0275
2006-04-03,4.172,8.055
2006-04-04,4.1896,8.0825
2006-04-05,4.2072,8.11
2006-04-06,4.2248,8.17
2006-04-07,4.2424,8.21
2006-04-08,4.26,8.17
2006-04-09,4.2776,8.15
2006-04-10,4.2952,8.13
2006-04-11,4.312799999999998,8.11
2006-04-12,4.3304,8.09
2006-04-13,4.348,8.07
2006-04-14,4.3656,8.13
2006-04-15,4.3832,8.19
2006-04-16,4.4008,8.25
2006-04-17,4.4184,8.31
2006-04-18,4.436,8.37
2006-04-19,4.4536,9.5
2006-04-20,4.4712,9.0
2006-04-21,4.4888,8.61
2006-04-22,4.5064,8.91
2006-04-23,4.524,8.813333333333334
2006-04-24,4.5416,8.716666666666667
2006-04-25,4.5592,8.62
2006-04-26,4.5768,8.95
2006-04-27,4.5944,9.05
2006-04-28,4.612,9.15
2006-04-29,4.6296,9.16
2006-04-30,4.6472000000000016,9.17
2006-05-01,4.6648000000000005,9.18
2006-05-02,4.6824,9.19
2006-05-03,4.7,9.2
2006-05-04,4.7,9.2
2006-05-05,5.5,9.3
2006-05-06,5.3,11.0
2006-05-07,5.1,10.333333333333332
2006-05-08,4.9,9.666666666666666
2006-05-09,4.7,9.0
2006-05-10,4.5,9.5
2006-05-11,4.5,9.0
2006-05-12,4.5,10.11
2006-05-13,4.5,10.75
2006-05-14,4.375,10.5
2006-05-15,4.25,10.25
2006-05-16,4.125,10.0
2006-05-17,4.0,10.25
2006-05-18,4.166666666666667,10.75
2006-05-19,4.333333333333333,10.81
2006-05-20,4.5,9.0
2006-05-21,4.5,9.55
2006-05-22,4.5,10.1
2006-05-23,4.5,10.65
2006-05-24,4.75,9.0
2006-05-25,4.875,10.65
2006-05-26,5.0,10.5
2006-05-27,5.125,10.25
2006-05-28,5.25,10.283333333333333
2006-05-29,5.375,10.316666666666668
2006-05-30,5.5,10.35
2006-05-31,4.5,9.5
2006-06-01,4.75,9.75
2006-06-02,4.7,9.81
2006-06-03,4.65,10.0
2006-06-04,4.6,10.0
2006-06-05,4.55,10.0
2006-06-06,4.5,10.0
2006-06-07,4.5,10.0
2006-06-08,4.5,9.75
2006-06-09,4.5,11.1
2006-06-10,4.5,10.0
2006-06-11,4.5,10.003333333333334
2006-06-12,4.5,10.006666666666666
2006-06-13,4.5,10.01
2006-06-14,3.5,9.7
2006-06-15,3.666666666666667,9.8
2006-06-16,3.833333333333333,10.25
2006-06-17,4.0,9.71
2006-06-18,4.166666666666667,9.806666666666667
2006-06-19,4.333333333333334,9.903333333333334
2006-06-20,4.5,10.0
2006-06-21,4.5,10.0
2006-06-22,4.5,10.0
2006-06-23,4.5,10.0
2006-06-24,4.5,9.5
2006-06-25,4.5,9.833333333333334
2006-06-26,4.5,10.166666666666666
2006-06-27,4.5,10.5
2006-06-28,2.75,10.0
2006-06-29,2.708333333333333,9.5
2006-06-30,2.666666666666667,9.51
2006-07-01,2.625,9.75
2006-07-02,2.583333333333333,9.803333333333336
2006-07-03,2.5416666666666665,9.856666666666666
2006-07-04,2.5,9.91
2006-07-05,2.5,9.71
2006-07-06,2.5,10.03
2006-07-07,2.5,9.983333333333334
2006-07-08,2.5,9.936666666666666
2006-07-09,2.5,9.89
2006-07-10,2.5,9.843333333333334
2006-07-11,2.7,9.796666666666667
2006-07-12,2.5,9.75
2006-07-13,2.5,10.2
2006-07-14,2.5,10.17
2006-07-15,2.5,10.33
2006-07-16,2.5,10.386666666666667
2006-07-17,4.5,10.443333333333333
2006-07-18,4.5,10.5
2006-07-19,5.0,10.25
2006-07-20,4.5,10.0
2006-07-21,4.5,10.75
2006-07-22,4.5,10.15
2006-07-23,4.5,10.12
2006-07-24,4.5,10.09
2006-07-25,4.5,10.06
2006-07-26,4.5,10.25
2006-07-27,4.5,10.25
2006-07-28,4.5,10.0
2006-07-29,4.5,10.0
2006-07-30,4.5,10.0375
2006-07-31,4.5,10.075
2006-08-01,4.5,10.1125
2006-08-02,4.5,10.15
2006-08-03,4.575,10.136666666666667
2006-08-04,4.65,10.123333333333333
2006-08-05,4.725,10.11
2006-08-06,4.8,10.056666666666667
2006-08-07,4.875,10.003333333333334
2006-08-08,4.95,9.95
2006-08-09,5.025,10.5
2006-08-10,5.1,10.0
2006-08-11,5.175,10.5
2006-08-12,5.25,11.5
2006-08-13,5.225,11.262
2006-08-14,5.2,11.024
2006-08-15,5.175,10.786
2006-08-16,5.15,10.548
2006-08-17,5.125,10.31
2006-08-18,5.1,10.7
2006-08-19,5.075,10.81
2006-08-20,5.05,10.806666666666667
2006-08-21,5.025,10.803333333333333
2006-08-22,5.0,10.8
2006-08-23,4.5,11.5
2006-08-24,4.5,11.5
2006-08-25,4.5,12.0
2006-08-26,4.5,11.25
2006-08-27,4.5,11.2
2006-08-28,4.5,11.15
2006-08-29,4.5,11.1
2006-08-30,4.5,11.05
2006-08-31,4.5,11.0
2006-09-01,4.5,11.5
2006-09-02,4.388888888888889,11.15
2006-09-03,4.277777777777779,11.1
2006-09-04,4.166666666666667,11.05
2006-09-05,4.055555555555555,11.0
2006-09-06,3.9444444444444446,11.083333333333332
2006-09-07,3.833333333333334,11.166666666666668
2006-09-08,3.7222222222222223,11.25
2006-09-09,3.611111111111111,11.0
2006-09-10,3.5,11.036666666666667
2006-09-11,3.3888888888888893,11.073333333333332
2006-09-12,3.2777777777777777,11.11
2006-09-13,3.166666666666667,12.0
2006-09-14,3.055555555555556,11.31
2006-09-15,2.9444444444444446,11.0
2006-09-16,2.833333333333334,11.5
2006-09-17,2.7222222222222223,11.333333333333332
2006-09-18,2.6111111111111107,11.166666666666668
2006-09-19,2.5,11.0
2006-09-20,2.5303030303030303,11.11
2006-09-21,2.560606060606061,11.0
2006-09-22,2.590909090909091,11.05
2006-09-23,2.621212121212121,11.1
2006-09-24,2.6515151515151514,11.15
2006-09-25,2.6818181818181817,11.2
2006-09-26,2.712121212121212,11.25
2006-09-27,2.7424242424242427,11.01
2006-09-28,2.7727272727272725,11.01
2006-09-29,2.803030303030303,10.943333333333333
2006-09-30,2.833333333333333,10.876666666666667
2006-10-01,2.863636363636364,10.81
2006-10-02,2.8939393939393936,10.743333333333332
2006-10-03,2.9242424242424243,10.676666666666668
2006-10-04,2.9545454545454546,10.61
2006-10-05,2.984848484848485,11.0
2006-10-06,3.015151515151515,11.41
2006-10-07,3.0454545454545454,11.01
2006-10-08,3.075757575757576,11.056666666666667
2006-10-09,3.1060606060606064,11.103333333333332
2006-10-10,3.136363636363636,11.15
2006-10-11,3.166666666666667,10.81
2006-10-12,3.196969696969697,13.5
2006-10-13,3.2272727272727275,11.0
2006-10-14,3.2575757575757573,11.041666666666668
2006-10-15,3.287878787878788,11.083333333333332
2006-10-16,3.3181818181818183,11.125
2006-10-17,3.3484848484848486,11.166666666666668
2006-10-18,3.378787878787879,11.208333333333332
2006-10-19,3.4090909090909087,11.25
2006-10-20,3.4393939393939394,11.34375
2006-10-21,3.46969696969697,11.4375
2006-10-22,3.5,11.53125
2006-10-23,3.5,11.625
2006-10-24,3.5,11.71875
2006-10-25,3.5,11.8125
2006-10-26,3.5,11.90625
2006-10-27,3.5,12.0
2006-10-28,3.5,11.5
2006-10-29,3.5,11.55
2006-10-30,3.5,11.6
2006-10-31,3.5,11.65
2006-11-01,3.5,11.7
2006-11-02,3.5,11.75
2006-11-03,3.6,13.0
2006-11-04,3.7,12.25
2006-11-05,3.8,12.483333333333333
2006-11-06,3.9,12.716666666666667
2006-11-07,4.0,12.95
2006-11-08,4.0,12.55
2006-11-09,4.0,12.7
2006-11-10,3.886363636363636,13.0
2006-11-11,3.772727272727273,13.0
2006-11-12,3.6590909090909087,13.1
2006-11-13,3.5454545454545454,13.2
2006-11-14,3.4318181818181817,13.3
2006-11-15,3.3181818181818183,14.0
2006-11-16,3.2045454545454546,14.4
2006-11-17,3.0909090909090917,13.35
2006-11-18,2.9772727272727275,13.272727272727273
2006-11-19,2.863636363636364,13.195454545454545
2006-11-20,2.75,13.118181818181816
2006-11-21,2.642857142857143,13.04090909090909
2006-11-22,2.5357142857142865,12.963636363636365
2006-11-23,2.4285714285714293,12.886363636363635
2006-11-24,2.3214285714285707,12.80909090909091
2006-11-25,2.2142857142857144,12.731818181818182
2006-11-26,2.107142857142857,12.654545454545454
2006-11-27,2.0,12.577272727272728
2006-11-28,2.5,12.5
2006-11-29,2.5,12.571428571428573
2006-11-30,2.6875,12.642857142857142
2006-12-01,2.875,12.714285714285715
2006-12-02,3.0625,12.785714285714285
2006-12-03,3.25,12.857142857142858
2006-12-04,3.4375,12.928571428571427
2006-12-05,3.625,13.0
2006-12-06,3.8125,12.5
2006-12-07,4.0,12.514705882352944
2006-12-08,4.1875,12.529411764705882
2006-12-09,4.375,12.544117647058822
2006-12-10,4.5625,12.558823529411766
2006-12-11,4.75,12.573529411764705
2006-12-12,4.9375,12.588235294117649
2006-12-13,5.125,12.602941176470587
2006-12-14,5.3125,12.617647058823529
2006-12-15,5.5,12.632352941176471
2006-12-16,5.6875,12.647058823529413
2006-12-17,5.875,12.661764705882351
2006-12-18,6.0625,12.676470588235295
2006-12-19,6.25,12.691176470588234
2006-12-20,6.4375,12.705882352941178
2006-12-21,6.625,12.720588235294118
2006-12-22,6.8125,12.735294117647056
2006-12-23,7.0,12.75
2006-12-24,7.1875,12.764705882352944
2006-12-25,7.375,12.779411764705882
2006-12-26,7.5625,12.794117647058822
2006-12-27,7.75,12.808823529411766
2006-12-28,7.9375,12.823529411764705
2006-12-29,8.125,12.838235294117649
2006-12-30,8.3125,12.852941176470587
2006-12-31,8.5,12.867647058823529
2007-01-01,8.6875,12.882352941176471
2007-01-02,8.875,12.897058823529413
2007-01-03,9.0625,12.911764705882351
2007-01-04,9.25,12.926470588235295
2007-01-05,9.4375,12.941176470588234
2007-01-06,9.625,12.955882352941178
2007-01-07,9.8125,12.970588235294118
2007-01-08,10.0,12.985294117647056
2007-01-09,9.0,13.0
2007-01-10,6.5,12.25
2007-01-11,10.0,12.5
2007-01-12,9.75,12.416666666666668
2007-01-13,9.5,12.333333333333332
2007-01-14,9.25,12.25
2007-01-15,9.0,12.166666666666668
2007-01-16,8.75,12.083333333333332
2007-01-17,8.5,12.0
2007-01-18,10.0,12.01
2007-01-19,10.0,12.108
2007-01-20,10.0,12.206
2007-01-21,10.0,12.304
2007-01-22,10.0,12.402
2007-01-23,7.5,12.5
2007-01-24,7.5,12.61
2007-01-25,7.590909090909091,12.565
2007-01-26,7.6818181818181825,12.52
2007-01-27,7.772727272727272,12.475
2007-01-28,7.863636363636362,12.43
2007-01-29,7.954545454545455,12.385
2007-01-30,8.045454545454545,12.34
2007-01-31,8.136363636363637,12.295
2007-02-01,8.227272727272727,12.25
2007-02-02,8.318181818181818,12.166666666666668
2007-02-03,8.409090909090908,12.083333333333332
2007-02-04,8.5,12.0
2007-02-05,8.5,11.916666666666668
2007-02-06,8.37037037037037,11.833333333333332
2007-02-07,8.24074074074074,11.75
2007-02-08,8.11111111111111,11.666666666666668
2007-02-09,7.981481481481483,11.583333333333332
2007-02-10,7.851851851851853,11.5
2007-02-11,7.722222222222222,11.416666666666668
2007-02-12,7.592592592592593,11.333333333333332
2007-02-13,7.462962962962963,11.25
2007-02-14,7.333333333333334,11.166666666666668
2007-02-15,7.203703703703702,11.083333333333332
2007-02-16,7.0740740740740735,11.0
2007-02-17,6.9444444444444455,10.916666666666668
2007-02-18,6.814814814814816,10.833333333333332
2007-02-19,6.685185185185184,10.75
2007-02-20,6.5555555555555545,10.666666666666668
2007-02-21,6.425925925925927,10.583333333333332
2007-02-22,6.296296296296296,10.5
2007-02-23,6.166666666666666,10.416666666666668
2007-02-24,6.037037037037037,10.333333333333332
2007-02-25,5.907407407407407,10.25
2007-02-26,5.777777777777778,10.166666666666666
2007-02-27,5.648148148148147,10.083333333333332
2007-02-28,5.518518518518518,10.0
2007-03-01,5.388888888888888,9.916666666666666
2007-03-02,5.259259259259259,9.833333333333332
2007-03-03,5.12962962962963,9.75
2007-03-04,5.0,9.666666666666666
2007-03-05,7.5,9.583333333333332
2007-03-06,5.0,9.5
2007-03-07,5.5,9.35
2007-03-08,6.0,9.71
2007-03-09,6.166666666666666,10.5
2007-03-10,6.333333333333334,10.51
2007-03-11,6.5,10.256666666666668
2007-03-12,8.0,10.003333333333334
2007-03-13,5.5,9.75
2007-03-14,6.5,10.21
2007-03-15,6.625,10.226666666666668
2007-03-16,6.75,10.243333333333332
2007-03-17,6.875,10.26
2007-03-18,7.0,10.276666666666667
2007-03-19,6.5,10.293333333333333
2007-03-20,8.5,10.31
2007-03-21,5.5,10.5
2007-03-22,7.0,10.71
2007-03-23,6.5,10.5
2007-03-24,6.0,10.565
2007-03-25,5.5,10.63
2007-03-26,5.0,10.695
2007-03-27,4.5,10.76
2007-03-28,5.0,11.0
2007-03-29,5.0,10.61
2007-03-30,5.0,10.658
2007-03-31,5.0,10.706
2007-04-01,5.0,10.754
2007-04-02,5.0,10.802
2007-04-03,5.0,10.85
2007-04-04,4.5,12.0
2007-04-05,5.25,11.606666666666667
2007-04-06,5.166666666666666,11.213333333333333
2007-04-07,5.083333333333333,10.82
2007-04-08,5.0,10.803333333333333
2007-04-09,4.5,10.786666666666667
2007-04-10,4.0,10.77
2007-04-11,4.5,11.1
2007-04-12,3.5,11.01
2007-04-13,4.0,11.3
2007-04-14,4.5,11.225
2007-04-15,5.0,11.15
2007-04-16,4.5,11.075
2007-04-17,4.333333333333333,11.0
2007-04-18,4.166666666666667,10.51
2007-04-19,4.0,10.8
2007-04-20,4.166666666666667,10.65
2007-04-21,4.333333333333333,10.75
2007-04-22,4.5,10.833333333333332
2007-04-23,3.5,10.916666666666668
2007-04-24,3.75,11.0
2007-04-25,3.5,10.75
2007-04-26,4.0,10.736666666666668
2007-04-27,3.833333333333333,10.723333333333333
2007-04-28,3.666666666666667,10.71
2007-04-29,3.5,10.71
2007-04-30,3.5,10.71
2007-05-01,3.5,10.71
2007-05-02,3.0,10.71
2007-05-03,4.5,10.71
2007-05-04,4.416666666666667,10.62
2007-05-05,4.333333333333333,10.81
2007-05-06,4.25,10.79
2007-05-07,4.5,10.77
2007-05-08,4.0,10.75
2007-05-09,4.0,10.666666666666668
2007-05-10,4.0,10.583333333333332
2007-05-11,4.0,10.5
2007-05-12,4.0,10.21
2007-05-13,4.0,10.39
2007-05-14,3.25,10.57
2007-05-15,3.25,10.75
2007-05-16,3.25,10.5
2007-05-17,3.25,10.583333333333332
2007-05-18,3.416666666666667,10.666666666666668
2007-05-19,3.583333333333333,10.75
2007-05-20,3.75,10.566666666666668
2007-05-21,4.0,10.383333333333333
2007-05-22,3.5,10.2
2007-05-23,3.5,13.5
2007-05-24,3.0,10.35
2007-05-25,3.166666666666667,10.07
2007-05-26,3.333333333333333,10.8
2007-05-27,3.5,10.593333333333332
2007-05-28,3.25,10.386666666666667
2007-05-29,3.0,10.18
2007-05-30,3.5,9.87
2007-05-31,3.875,10.0
2007-06-01,4.25,10.35
2007-06-02,4.625,10.2
2007-06-03,5.0,10.21
2007-06-04,5.5,10.22
2007-06-05,5.0,10.23
2007-06-06,4.4,10.5
2007-06-07,5.0,9.95
2007-06-08,5.0,10.2
2007-06-09,5.0,10.17
2007-06-10,5.0,10.163333333333334
2007-06-11,5.5,10.156666666666666
2007-06-12,6.0,10.15
2007-06-13,6.0,10.65
2007-06-14,6.75,10.46
2007-06-15,7.166666666666666,10.57
2007-06-16,7.583333333333334,10.32
2007-06-17,8.0,10.33
2007-06-18,7.5,10.34
2007-06-19,6.0,10.35
2007-06-20,8.0,10.58
2007-06-21,5.5,10.42
2007-06-22,6.166666666666666,10.86
2007-06-23,6.833333333333334,11.12
2007-06-24,7.5,10.98
2007-06-25,7.55,10.84
2007-06-26,6.5,10.7
2007-06-27,8.0,10.6
2007-06-28,8.0,10.85
2007-06-29,7.833333333333334,10.65
2007-06-30,7.666666666666666,10.63
2007-07-01,7.5,10.693333333333333
2007-07-02,7.0,10.756666666666668
2007-07-03,8.0,10.82
2007-07-04,7.0,10.78
2007-07-05,7.5,10.78
2007-07-06,7.666666666666666,10.83
2007-07-07,7.833333333333334,10.87
2007-07-08,8.0,10.913333333333332
2007-07-09,9.5,10.956666666666667
2007-07-10,6.5,11.0
2007-07-11,9.5,11.35
2007-07-12,8.0,11.31
2007-07-13,7.833333333333334,11.1
2007-07-14,7.666666666666666,11.21
2007-07-15,7.5,11.306666666666667
2007-07-16,7.5,11.403333333333332
2007-07-17,8.0,11.5
2007-07-18,7.5,11.25
2007-07-19,6.5,11.333333333333332
2007-07-20,7.666666666666666,11.416666666666668
2007-07-21,8.833333333333334,11.5
2007-07-22,10.0,11.37
2007-07-23,9.5,11.24
2007-07-24,7.25,11.11
2007-07-25,7.333333333333334,11.175555555555556
2007-07-26,7.416666666666666,11.241111111111113
2007-07-27,7.5,11.306666666666667
2007-07-28,7.583333333333334,11.372222222222224
2007-07-29,7.666666666666666,11.437777777777779
2007-07-30,7.75,11.503333333333332
2007-07-31,7.833333333333334,11.568888888888885
2007-08-01,7.916666666666666,11.634444444444444
2007-08-02,8.0,11.7
2007-08-03,7.666666666666666,11.1
2007-08-04,7.333333333333334,11.91
2007-08-05,7.0,11.606666666666667
2007-08-06,6.5,11.303333333333333
2007-08-07,6.5,11.0
2007-08-08,6.5,11.0
2007-08-09,7.75,11.0
2007-08-10,8.0,11.0
2007-08-11,8.25,11.0
2007-08-12,8.5,10.933333333333332
2007-08-13,8.25,10.866666666666667
2007-08-14,10.0,10.8
2007-08-15,9.0,10.866666666666667
2007-08-16,10.0,10.933333333333332
2007-08-17,10.0,11.0
2007-08-18,10.0,10.9
2007-08-19,10.0,10.866666666666667
2007-08-20,11.25,10.833333333333332
2007-08-21,11.75,10.8
2007-08-22,10.0,11.0
2007-08-23,9.5,11.0
2007-08-24,10.333333333333332,11.0
2007-08-25,11.166666666666668,10.9
2007-08-26,12.0,10.92
2007-08-27,12.0,10.94
2007-08-28,9.5,10.96
2007-08-29,12.0,10.98
2007-08-30,11.5,11.0
2007-08-31,11.166666666666668,11.0
2007-09-01,10.833333333333332,10.81
2007-09-02,10.5,10.806666666666667
2007-09-03,11.5,10.803333333333333
2007-09-04,9.0,10.8
2007-09-05,12.0,11.0
2007-09-06,9.0,11.0
2007-09-07,9.166666666666666,11.0
2007-09-08,9.333333333333334,11.0
2007-09-09,9.5,11.022
2007-09-10,10.0,11.044
2007-09-11,8.5,11.066
2007-09-12,10.0,11.088
2007-09-13,8.5,11.11
2007-09-14,8.5,11.25
2007-09-15,8.5,11.21875
2007-09-16,8.5,11.1875
2007-09-17,6.0,11.15625
2007-09-18,9.5,11.125
2007-09-19,8.0,11.09375
2007-09-20,9.0,11.0625
2007-09-21,9.666666666666666,11.03125
2007-09-22,10.333333333333332,11.0
2007-09-23,11.0,11.0175
2007-09-24,10.5,11.035
2007-09-25,10.166666666666666,11.0525
2007-09-26,9.833333333333334,11.07
2007-09-27,9.5,11.0875
2007-09-28,9.166666666666666,11.105
2007-09-29,8.833333333333332,11.1225
2007-09-30,8.5,11.14
2007-10-01,8.166666666666666,11.1575
2007-10-02,7.833333333333332,11.175
2007-10-03,7.5,11.1925
2007-10-04,10.0,11.21
2007-10-05,9.333333333333334,11.0
2007-10-06,8.666666666666666,10.9875
2007-10-07,8.0,10.975
2007-10-08,8.5,10.9625
2007-10-09,9.5,10.95
2007-10-10,9.0,10.966666666666667
2007-10-11,8.5,10.983333333333333
2007-10-12,8.0,11.0
2007-10-13,7.5,11.05
2007-10-14,7.0,11.07
2007-10-15,7.5,11.09
2007-10-16,9.0,11.11
2007-10-17,9.5,11.0
2007-10-18,8.5,11.0
2007-10-19,8.833333333333334,11.0
2007-10-20,9.166666666666666,11.07
2007-10-21,9.5,11.116666666666667
2007-10-22,7.5,11.163333333333332
2007-10-23,9.75,11.21
2007-10-24,12.0,11.0
2007-10-25,7.0,11.041666666666668
2007-10-26,6.75,11.083333333333332
2007-10-27,6.5,11.125
2007-10-28,6.25,11.166666666666668
2007-10-29,6.0,11.208333333333332
2007-10-30,7.0,11.25
2007-10-31,7.3,11.25
2007-11-01,7.6,11.15
2007-11-02,7.9,11.0
2007-11-03,8.2,11.0
2007-11-04,8.5,11.036666666666667
2007-11-05,6.5,11.073333333333332
2007-11-06,8.5,11.11
2007-11-07,5.5,11.0
2007-11-08,6.0,10.985
2007-11-09,6.0,10.97
2007-11-10,6.0,10.955
2007-11-11,6.0,10.94
2007-11-12,6.0,10.925
2007-11-13,7.5,10.91
2007-11-14,7.5,11.01
2007-11-15,7.5,11.0
2007-11-16,7.0,10.9
2007-11-17,6.5,11.25
2007-11-18,6.0,11.166666666666668
2007-11-19,7.0,11.083333333333332
2007-11-20,6.0,11.0
2007-11-21,6.0,10.81
2007-11-22,5.0,11.11
2007-11-23,5.0,11.31
2007-11-24,5.0,11.21
2007-11-25,5.0,11.206666666666667
2007-11-26,4.5,11.203333333333333
2007-11-27,4.5,11.2
2007-11-28,4.5,11.11
2007-11-29,4.0,11.4
2007-11-30,4.166666666666667,11.5
2007-12-01,4.333333333333333,10.62
2007-12-02,4.5,10.63
2007-12-03,4.0,10.64
2007-12-04,3.5,10.65
2007-12-05,4.5,10.69
2007-12-06,4.375,10.73
2007-12-07,4.25,10.77
2007-12-08,4.125,10.81
2007-12-09,4.0,10.946666666666667
2007-12-10,4.5,11.083333333333332
2007-12-11,4.5,11.22
2007-12-12,4.5,10.82
2007-12-13,4.0,10.95
2007-12-14,4.166666666666667,11.5
2007-12-15,4.333333333333333,11.0
2007-12-16,4.5,10.953333333333333
2007-12-17,4.5,10.906666666666668
2007-12-18,4.0,10.86
2007-12-19,4.5,11.22
2007-12-20,4.5,11.11
2007-12-21,4.453125,11.114736842105264
2007-12-22,4.40625,11.119473684210528
2007-12-23,4.359375,11.124210526315787
2007-12-24,4.3125,11.128947368421054
2007-12-25,4.265625,11.133684210526317
2007-12-26,4.21875,11.138421052631578
2007-12-27,4.171875,11.143157894736841
2007-12-28,4.125,11.147894736842105
2007-12-29,4.078125,11.15263157894737
2007-12-30,4.03125,11.157368421052633
2007-12-31,3.984375,11.162105263157894
2008-01-01,3.9375,11.166842105263159
2008-01-02,3.890625,11.171578947368419
2008-01-03,3.84375,11.176315789473684
2008-01-04,3.796875,11.181052631578947
2008-01-05,3.75,11.185789473684212
2008-01-06,3.703125,11.190526315789473
2008-01-07,3.65625,11.195263157894738
2008-01-08,3.609375,11.2
2008-01-09,3.5625,11.0
2008-01-10,3.515625,11.2
2008-01-11,3.46875,11.0
2008-01-12,3.421875,10.91
2008-01-13,3.375,10.94
2008-01-14,3.328125,10.97
2008-01-15,3.28125,11.0
2008-01-16,3.234375,11.0
2008-01-17,3.1875,11.0
2008-01-18,3.140625,11.0
2008-01-19,3.09375,11.0
2008-01-20,3.046875,11.0
2008-01-21,3.0,11.0
2008-01-22,3.0277777777777777,11.0
2008-01-23,3.055555555555556,11.11
2008-01-24,3.083333333333333,11.0
2008-01-25,3.1111111111111107,11.000833333333333
2008-01-26,3.1388888888888893,11.001666666666667
2008-01-27,3.166666666666667,11.0025
2008-01-28,3.1944444444444446,11.003333333333332
2008-01-29,3.2222222222222223,11.004166666666668
2008-01-30,3.25,11.005
2008-01-31,3.2777777777777777,11.005833333333333
2008-02-01,3.305555555555556,11.006666666666668
2008-02-02,3.333333333333333,11.0075
2008-02-03,3.3611111111111107,11.008333333333333
2008-02-04,3.3888888888888893,11.009166666666667
2008-02-05,3.416666666666667,11.01
2008-02-06,3.4444444444444446,11.0
2008-02-07,3.4722222222222223,10.75
2008-02-08,3.5,10.8
2008-02-09,3.5277777777777777,10.85
2008-02-10,3.555555555555556,10.9
2008-02-11,3.583333333333333,10.95
2008-02-12,3.611111111111111,11.0
2008-02-13,3.638888888888889,11.0
2008-02-14,3.666666666666666,11.5
2008-02-15,3.6944444444444446,11.51
2008-02-16,3.7222222222222223,11.75
2008-02-17,3.75,11.6
2008-02-18,3.7777777777777777,11.45
2008-02-19,3.8055555555555554,11.3
2008-02-20,3.833333333333333,11.15
2008-02-21,3.861111111111111,11.0
2008-02-22,3.888888888888889,12.05
2008-02-23,3.916666666666666,11.91
2008-02-24,3.9444444444444446,11.876666666666667
2008-02-25,3.9722222222222223,11.843333333333332
2008-02-26,4.0,11.81
2008-02-27,4.027777777777779,12.0
2008-02-28,4.055555555555555,12.5
2008-02-29,4.083333333333333,12.21
2008-03-01,4.111111111111111,12.1325
2008-03-02,4.138888888888889,12.055
2008-03-03,4.166666666666666,11.9775
2008-03-04,4.194444444444445,11.9
2008-03-05,4.222222222222221,12.0
2008-03-06,4.25,12.033333333333333
2008-03-07,4.0,12.066666666666668
2008-03-08,3.75,12.1
2008-03-09,3.5,12.136666666666667
2008-03-10,3.75,12.173333333333332
2008-03-11,3.5,12.21
2008-03-12,3.5,12.1575
2008-03-13,3.5,12.105
2008-03-14,3.5,12.0525
2008-03-15,3.5,12.0
2008-03-16,3.5,11.916666666666668
2008-03-17,3.5,11.833333333333332
2008-03-18,3.75,11.75
2008-03-19,3.7142857142857135,11.5
2008-03-20,3.678571428571429,11.568333333333333
2008-03-21,3.6428571428571432,11.636666666666667
2008-03-22,3.6071428571428568,11.705
2008-03-23,3.571428571428572,11.773333333333332
2008-03-24,3.5357142857142856,11.841666666666667
2008-03-25,3.5,11.91
2008-03-26,3.4642857142857144,11.71
2008-03-27,3.4285714285714284,11.61
2008-03-28,3.3928571428571432,11.75
2008-03-29,3.3571428571428568,11.5
2008-03-30,3.321428571428571,11.666666666666668
2008-03-31,3.2857142857142856,11.833333333333332
2008-04-01,3.25,12.0
2008-04-02,3.2142857142857144,11.61
2008-04-03,3.1785714285714284,11.5
2008-04-04,3.1428571428571432,12.0
2008-04-05,3.1071428571428568,12.0
2008-04-06,3.071428571428571,11.833333333333332
2008-04-07,3.0357142857142856,11.666666666666668
2008-04-08,3.0,11.5
2008-04-09,2.9642857142857144,11.6
2008-04-10,2.9285714285714284,11.669230769230769
2008-04-11,2.8928571428571432,11.738461538461538
2008-04-12,2.8571428571428568,11.807692307692307
2008-04-13,2.821428571428571,11.876923076923076
2008-04-14,2.7857142857142856,11.946153846153846
2008-04-15,2.75,12.015384615384615
2008-04-16,2.7142857142857144,12.084615384615386
2008-04-17,2.6785714285714284,12.153846153846155
2008-04-18,2.642857142857143,12.223076923076926
2008-04-19,2.607142857142857,12.292307692307695
2008-04-20,2.5714285714285707,12.361538461538462
2008-04-21,2.5357142857142856,12.430769230769231
2008-04-22,2.5,12.5
2008-04-23,2.5357142857142865,12.0
2008-04-24,2.571428571428572,12.5
2008-04-25,2.607142857142857,12.5
2008-04-26,2.642857142857143,12.11
2008-04-27,2.6785714285714284,12.167142857142858
2008-04-28,2.7142857142857144,12.224285714285712
2008-04-29,2.75,12.28142857142857
2008-04-30,2.7857142857142856,12.338571428571427
2008-05-01,2.821428571428572,12.395714285714286
2008-05-02,2.8571428571428568,12.452857142857145
2008-05-03,2.8928571428571432,12.51
2008-05-04,2.928571428571429,12.456666666666667
2008-05-05,2.9642857142857144,12.403333333333332
2008-05-06,3.0,12.35
2008-05-07,2.5,12.01
2008-05-08,2.5625,12.206666666666667
2008-05-09,2.625,12.403333333333332
2008-05-10,2.6875,12.6
2008-05-11,2.75,12.566666666666668
2008-05-12,2.8125,12.533333333333333
2008-05-13,2.875,12.5
2008-05-14,2.9375,12.11
2008-05-15,3.0,11.5
2008-05-16,3.0625,11.9
2008-05-17,3.125,12.0
2008-05-18,3.1875,11.833333333333332
2008-05-19,3.25,11.666666666666668
2008-05-20,3.0,11.5
2008-05-21,3.0,11.6
2008-05-22,3.0,11.67
2008-05-23,3.0,11.74
2008-05-24,3.0,11.81
2008-05-25,3.0,11.694285714285714
2008-05-26,3.0,11.57857142857143
2008-05-27,3.0,11.462857142857144
2008-05-28,3.0,11.347142857142858
2008-05-29,3.0,11.231428571428573
2008-05-30,3.0,11.115714285714288
2008-05-31,3.0,11.0
2008-06-01,3.0,11.375
2008-06-02,3.0,11.75
2008-06-03,3.0,12.125
2008-06-04,3.0,12.5
2008-06-05,3.0,11.35
2008-06-06,3.125,12.0
2008-06-07,3.25,12.0
2008-06-08,3.375,11.916666666666668
2008-06-09,3.5,11.833333333333332
2008-06-10,3.5,11.75
2008-06-11,3.55,11.783333333333333
2008-06-12,3.6,11.816666666666668
2008-06-13,3.65,11.85
2008-06-14,3.7,11.5
2008-06-15,3.75,11.703333333333333
2008-06-16,3.5,11.906666666666668
2008-06-17,4.0,12.11
2008-06-18,3.9,11.75
2008-06-19,3.8,11.7
2008-06-20,3.7,12.11
2008-06-21,3.6,11.75
2008-06-22,3.5,11.75
2008-06-23,3.666666666666667,11.75
2008-06-24,3.833333333333333,11.75
2008-06-25,4.0,12.5
2008-06-26,3.875,12.0
2008-06-27,3.75,11.5
2008-06-28,3.625,11.4
2008-06-29,3.5,11.466666666666667
2008-06-30,4.0,11.533333333333333
2008-07-01,4.0,11.6
2008-07-02,3.95,11.75
2008-07-03,3.9,12.0
2008-07-04,3.85,11.91
2008-07-05,3.8,12.0
2008-07-06,3.75,11.936666666666667
2008-07-07,3.833333333333333,11.873333333333333
2008-07-08,3.916666666666667,11.81
2008-07-09,4.0,11.7
2008-07-10,5.0,11.68
2008-07-11,4.666666666666667,11.71
2008-07-12,4.333333333333333,12.0
2008-07-13,4.0,12.175
2008-07-14,4.0,12.35
2008-07-15,4.0,12.525
2008-07-16,4.25,12.7
2008-07-17,4.5,12.25
2008-07-18,4.5,13.0
2008-07-19,4.5,13.26
2008-07-20,4.5,13.173333333333332
2008-07-21,4.785714285714286,13.086666666666668
2008-07-22,5.071428571428573,13.0
2008-07-23,5.3571428571428585,12.979285714285714
2008-07-24,5.642857142857142,12.958571428571426
2008-07-25,5.928571428571429,12.937857142857142
2008-07-26,6.2142857142857135,12.917142857142858
2008-07-27,6.5,12.89642857142857
2008-07-28,5.5,12.875714285714285
2008-07-29,5.0,12.855
2008-07-30,5.0,12.834285714285713
2008-07-31,5.5,12.813571428571427
2008-08-01,5.45,12.792857142857144
2008-08-02,5.4,12.772142857142859
2008-08-03,5.35,12.751428571428573
2008-08-04,5.3,12.730714285714289
2008-08-05,5.25,12.71
2008-08-06,5.2,12.5
2008-08-07,5.15,12.15
2008-08-08,5.1,12.61
2008-08-09,5.05,11.75
2008-08-10,5.0,11.77
2008-08-11,5.5,11.79
2008-08-12,5.0,11.81
2008-08-13,4.928571428571427,11.805714285714286
2008-08-14,4.8571428571428585,11.801428571428573
2008-08-15,4.785714285714286,11.797142857142855
2008-08-16,4.714285714285714,11.792857142857144
2008-08-17,4.6428571428571415,11.788571428571426
2008-08-18,4.571428571428571,11.784285714285714
2008-08-19,4.5,11.78
2008-08-20,4.428571428571427,11.775714285714288
2008-08-21,4.357142857142858,11.77142857142857
2008-08-22,4.285714285714286,11.767142857142858
2008-08-23,4.214285714285714,11.762857142857142
2008-08-24,4.142857142857142,11.758571428571427
2008-08-25,4.071428571428571,11.754285714285713
2008-08-26,4.0,11.75
2008-08-27,3.928571428571429,11.821428571428573
2008-08-28,3.8571428571428568,11.892857142857142
2008-08-29,3.7857142857142856,11.964285714285715
2008-08-30,3.7142857142857135,12.035714285714285
2008-08-31,3.6428571428571432,12.107142857142858
2008-09-01,3.571428571428571,12.178571428571427
2008-09-02,3.5,12.25
2008-09-03,4.0,12.178571428571427
2008-09-04,3.939655172413793,12.107142857142858
2008-09-05,3.8793103448275863,12.035714285714285
2008-09-06,3.818965517241379,11.964285714285715
2008-09-07,3.7586206896551726,11.892857142857142
2008-09-08,3.6982758620689657,11.821428571428573
2008-09-09,3.6379310344827585,11.75
2008-09-10,3.577586206896552,11.75
2008-09-11,3.5172413793103448,11.5
2008-09-12,3.4568965517241383,11.518333333333333
2008-09-13,3.3965517241379306,11.536666666666667
2008-09-14,3.3362068965517233,11.555
2008-09-15,3.2758620689655173,11.573333333333332
2008-09-16,3.2155172413793105,11.591666666666667
2008-09-17,3.155172413793104,11.61
2008-09-18,3.0948275862068964,11.71
2008-09-19,3.034482758620689,11.31
2008-09-20,2.9741379310344827,11.0
2008-09-21,2.9137931034482767,11.083333333333332
2008-09-22,2.8534482758620694,11.166666666666668
2008-09-23,2.7931034482758617,11.25
2008-09-24,2.7327586206896552,11.31
2008-09-25,2.6724137931034484,11.11
2008-09-26,2.6120689655172407,11.088
2008-09-27,2.5517241379310347,11.066
2008-09-28,2.4913793103448274,11.044
2008-09-29,2.431034482758621,11.022
2008-09-30,2.370689655172414,11.0
2008-10-01,2.3103448275862073,10.91
2008-10-02,2.25,10.91
2008-10-03,2.4166666666666665,10.91
2008-10-04,2.583333333333333,10.91
2008-10-05,2.75,10.94
2008-10-06,3.5,10.97
2008-10-07,4.0,11.0
2008-10-08,3.928571428571429,11.0
2008-10-09,3.8571428571428568,11.0
2008-10-10,3.7857142857142856,11.0
2008-10-11,3.7142857142857135,11.0
2008-10-12,3.6428571428571432,11.016666666666667
2008-10-13,3.571428571428571,11.033333333333333
2008-10-14,3.5,11.05
2008-10-15,3.6428571428571432,11.033333333333333
2008-10-16,3.7857142857142856,11.016666666666667
2008-10-17,3.928571428571429,11.0
2008-10-18,4.071428571428572,10.7
2008-10-19,4.214285714285714,11.2
2008-10-20,4.357142857142858,11.133333333333333
2008-10-21,4.5,11.066666666666668
2008-10-22,4.6428571428571415,11.0
2008-10-23,4.785714285714286,11.0155
2008-10-24,4.928571428571429,11.031
2008-10-25,5.071428571428571,11.046500000000002
2008-10-26,5.214285714285714,11.062
2008-10-27,5.3571428571428585,11.0775
2008-10-28,5.5,11.093
2008-10-29,5.642857142857142,11.1085
2008-10-30,5.7857142857142865,11.124
2008-10-31,5.928571428571429,11.1395
2008-11-01,6.071428571428571,11.155
2008-11-02,6.2142857142857135,11.1705
2008-11-03,6.357142857142858,11.186
2008-11-04,6.5,11.2015
2008-11-05,6.642857142857142,11.217
2008-11-06,6.785714285714287,11.2325
2008-11-07,6.928571428571429,11.248
2008-11-08,7.071428571428571,11.2635
2008-11-09,7.2142857142857135,11.279000000000002
2008-11-10,7.357142857142858,11.2945
2008-11-11,7.5,11.31
2008-11-12,6.0,11.25
2008-11-13,6.5,11.5
2008-11-14,7.0,11.0
2008-11-15,7.5,11.31
2008-11-16,8.0,11.21
2008-11-17,9.0,11.186666666666667
2008-11-18,6.0,11.163333333333332
2008-11-19,7.0,11.14
2008-11-20,7.5,11.2
2008-11-21,7.666666666666666,11.0
2008-11-22,7.833333333333334,11.0
2008-11-23,8.0,11.0
2008-11-24,9.0,11.5
2008-11-25,8.0,11.14
2008-11-26,7.75,11.0
2008-11-27,8.0,10.9
2008-11-28,8.6875,11.25
2008-11-29,9.375,11.21
2008-11-30,10.0625,11.473333333333333
2008-12-01,10.75,11.736666666666668
2008-12-02,7.5,12.0
2008-12-03,7.5,11.0
2008-12-04,8.0,11.4
2008-12-05,8.0,11.01
2008-12-06,8.0,10.9
2008-12-07,8.0,10.958333333333332
2008-12-08,9.0,11.016666666666667
2008-12-09,8.666666666666666,11.075
2008-12-10,8.333333333333334,11.133333333333333
2008-12-11,8.0,11.191666666666668
2008-12-12,8.333333333333334,11.25
2008-12-13,8.666666666666666,11.51
2008-12-14,9.0,11.673333333333332
2008-12-15,7.5,11.836666666666668
2008-12-16,8.75,12.0
2008-12-17,8.0,11.25
2008-12-18,7.5,11.65
2008-12-19,7.833333333333334,11.81
2008-12-20,8.166666666666666,12.0
2008-12-21,8.5,12.05
2008-12-22,10.5,12.1
2008-12-23,7.0,12.15
2008-12-24,5.0,12.2
2008-12-25,6.25,12.25
2008-12-26,7.5,11.51
2008-12-27,8.75,11.81
2008-12-28,10.0,11.795
2008-12-29,9.638888888888891,11.78
2008-12-30,9.277777777777779,11.765
2008-12-31,8.916666666666666,11.75
2009-01-01,8.555555555555555,11.791666666666668
2009-01-02,8.194444444444445,11.833333333333332
2009-01-03,7.833333333333332,11.875
2009-01-04,7.472222222222222,11.916666666666668
2009-01-05,7.111111111111112,11.958333333333332
2009-01-06,6.75,12.0
2009-01-07,8.5,12.0
2009-01-08,7.0,13.0
2009-01-09,7.833333333333334,12.0
2009-01-10,8.666666666666666,13.0
2009-01-11,9.5,12.833333333333332
2009-01-12,9.0,12.666666666666668
2009-01-13,9.0,12.5
2009-01-14,8.0,13.0
2009-01-15,9.0,12.666666666666668
2009-01-16,8.833333333333334,12.333333333333332
2009-01-17,8.666666666666666,12.0
2009-01-18,8.5,12.083333333333332
2009-01-19,7.0,12.166666666666668
2009-01-20,8.0,12.25
2009-01-21,8.5,13.0
2009-01-22,10.0,12.0
2009-01-23,9.833333333333334,12.55
2009-01-24,9.666666666666666,11.9
2009-01-25,9.5,11.9525
2009-01-26,8.5,12.005
2009-01-27,8.5,12.0575
2009-01-28,8.142857142857144,12.11
2009-01-29,7.7857142857142865,11.71
2009-01-30,7.428571428571429,11.71
2009-01-31,7.071428571428571,12.25
2009-02-01,6.7142857142857135,12.166666666666668
2009-02-02,6.357142857142858,12.083333333333332
2009-02-03,6.0,12.0
2009-02-04,6.5,12.5
2009-02-05,6.25,11.75
2009-02-06,6.9375,12.5
2009-02-07,7.625,12.4525
2009-02-08,8.3125,12.405
2009-02-09,9.0,12.3575
2009-02-10,7.0,12.31
2009-02-11,8.5,11.75
2009-02-12,7.5,12.51
2009-02-13,7.583333333333334,12.5
2009-02-14,7.666666666666666,12.51
2009-02-15,7.75,12.5075
2009-02-16,7.833333333333334,12.505
2009-02-17,7.916666666666666,12.5025
2009-02-18,8.0,12.5
2009-02-19,8.0,12.63
2009-02-20,8.0,12.26
2009-02-21,8.0,12.5
2009-02-22,8.0,12.566666666666668
2009-02-23,7.5,12.633333333333333
2009-02-24,8.0,12.7
2009-02-25,8.5,12.38
2009-02-26,9.0,12.75
2009-02-27,9.333333333333334,12.5
2009-02-28,9.666666666666666,12.5
2009-03-01,10.0,12.166666666666668
2009-03-02,10.5,11.833333333333332
2009-03-03,8.0,11.5
2009-03-04,8.5,11.5
2009-03-05,8.5,12.5
2009-03-06,9.0,12.4
2009-03-07,9.5,12.81
2009-03-08,10.0,12.675
2009-03-09,6.0,12.54
2009-03-10,5.5,12.405
2009-03-11,6.0,12.27
2009-03-12,6.5,12.135
2009-03-13,7.0,12.0
2009-03-14,7.5,12.5
2009-03-15,8.0,12.5
2009-03-16,8.0,12.5
2009-03-17,6.0,12.5
2009-03-18,6.0,12.5
2009-03-19,7.5,12.0
2009-03-20,7.125,12.0
2009-03-21,6.75,12.0
2009-03-22,6.375,12.0
2009-03-23,6.0,12.0
2009-03-24,5.5,12.0
2009-03-25,5.0,12.0
2009-03-26,5.5,12.0
2009-03-27,5.0,12.0
2009-03-28,4.5,12.0
2009-03-29,4.0,12.0
2009-03-30,4.5,12.0
2009-03-31,4.5,12.0
2009-04-01,5.5,12.0
2009-04-02,4.5,12.0
2009-04-03,4.5,12.0
2009-04-04,4.5,12.0
2009-04-05,4.5,12.0
2009-04-06,4.5,12.0
2009-04-07,5.0,12.0
2009-04-08,4.0,12.0
2009-04-09,4.5,12.0
2009-04-10,4.833333333333333,12.2
2009-04-11,5.166666666666666,12.0
2009-04-12,5.5,12.01
2009-04-13,3.5,12.02
2009-04-14,4.5,12.03
2009-04-15,3.5,12.04
2009-04-16,3.5,12.05
2009-04-17,3.666666666666667,11.75
2009-04-18,3.833333333333333,12.48
2009-04-19,4.0,12.36
2009-04-20,4.0,12.24
2009-04-21,3.5,12.12
2009-04-22,4.0,12.12
2009-04-23,4.25,12.146666666666668
2009-04-24,4.5,12.173333333333332
2009-04-25,4.75,12.2
2009-04-26,5.0,12.083333333333332
2009-04-27,3.5,11.966666666666667
2009-04-28,3.666666666666667,11.85
2009-04-29,3.833333333333333,13.0
2009-04-30,4.0,12.32
2009-05-01,3.666666666666667,12.366
2009-05-02,3.333333333333333,12.412
2009-05-03,3.0,12.458
2009-05-04,3.5,12.504
2009-05-05,4.5,12.55
2009-05-06,4.5,12.51
2009-05-07,3.5,13.0
2009-05-08,3.5,12.75
2009-05-09,3.5,12.61
2009-05-10,3.5,12.656666666666668
2009-05-11,3.0,12.703333333333333
2009-05-12,3.5,12.75
2009-05-13,3.5,12.91
2009-05-14,3.625,12.859230769230768
2009-05-15,3.75,12.808461538461538
2009-05-16,3.875,12.757692307692306
2009-05-17,4.0,12.706923076923074
2009-05-18,2.75,12.656153846153845
2009-05-19,2.625,12.605384615384615
2009-05-20,2.5,12.554615384615385
2009-05-21,2.0,12.503846153846155
2009-05-22,2.1666666666666665,12.453076923076924
2009-05-23,2.333333333333333,12.402307692307694
2009-05-24,2.5,12.351538461538462
2009-05-25,3.5,12.300769230769232
2009-05-26,3.3,12.25
2009-05-27,4.0,12.2625
2009-05-28,4.5,12.275
2009-05-29,4.333333333333333,12.2875
2009-05-30,4.166666666666667,12.3
2009-05-31,4.0,12.3125
2009-06-01,5.5,12.325
2009-06-02,4.5,12.3375
2009-06-03,5.5,12.35
2009-06-04,4.0,12.3625
2009-06-05,4.5,12.375
2009-06-06,5.0,12.3875
2009-06-07,5.5,12.4
2009-06-08,5.0,12.4125
2009-06-09,5.0,12.425
2009-06-10,4.75,12.4375
2009-06-11,4.5,12.45
2009-06-12,4.666666666666667,12.0
2009-06-13,4.833333333333333,11.992777777777777
2009-06-14,5.0,11.985555555555555
2009-06-15,5.5,11.978333333333332
2009-06-16,6.0,11.971111111111108
2009-06-17,4.5,11.963888888888887
2009-06-18,3.5,11.956666666666667
2009-06-19,3.333333333333333,11.949444444444444
2009-06-20,3.166666666666667,11.942222222222224
2009-06-21,3.0,11.935
2009-06-22,3.5,11.927777777777779
2009-06-23,3.5,11.920555555555556
2009-06-24,4.0,11.913333333333332
2009-06-25,5.0,11.906111111111109
2009-06-26,4.5,11.898888888888886
2009-06-27,4.0,11.891666666666667
2009-06-28,3.5,11.884444444444444
2009-06-29,4.0,11.877222222222226
2009-06-30,4.5,11.87
2009-07-01,5.25,12.95
2009-07-02,4.0,12.57
2009-07-03,4.0,12.5
2009-07-04,4.0,12.2
2009-07-05,4.0,12.163333333333332
2009-07-06,4.5,12.126666666666667
2009-07-07,4.5,12.09
2009-07-08,4.0,13.12
2009-07-09,5.0,12.33
2009-07-10,4.666666666666667,12.62
2009-07-11,4.333333333333333,12.9
2009-07-12,4.0,12.86
2009-07-13,4.0,12.82
2009-07-14,4.0,12.78
2009-07-15,4.0,13.5
2009-07-16,4.25,13.5
2009-07-17,4.166666666666667,12.75
2009-07-18,4.083333333333333,13.35
2009-07-19,4.0,13.3
2009-07-20,4.0,13.25
2009-07-21,3.5,13.2
2009-07-22,5.0,13.4
2009-07-23,4.5,13.62
2009-07-24,4.5,12.5
2009-07-25,4.5,13.0
2009-07-26,4.5,12.916666666666668
2009-07-27,5.0,12.833333333333332
2009-07-28,4.0,12.75
2009-07-29,4.0,13.0
2009-07-30,4.5,12.7
2009-07-31,4.666666666666667,12.85
2009-08-01,4.833333333333333,12.46
2009-08-02,5.0,12.83
2009-08-03,6.0,13.2
2009-08-04,3.5,13.57
2009-08-05,4.5,13.396666666666668
2009-08-06,3.5,13.223333333333333
2009-08-07,3.333333333333333,13.05
2009-08-08,3.166666666666667,13.8
2009-08-09,3.0,13.716
2009-08-10,3.375,13.632
2009-08-11,3.75,13.548
2009-08-12,4.125,13.464
2009-08-13,4.5,13.38
2009-08-14,4.166666666666667,13.5
2009-08-15,3.833333333333333,13.475
2009-08-16,3.5,13.45
2009-08-17,4.5,13.425
2009-08-18,3.0,13.4
2009-08-19,3.5,13.75
2009-08-20,3.0,13.666666666666668
2009-08-21,3.166666666666667,13.583333333333332
2009-08-22,3.333333333333333,13.5
2009-08-23,3.5,13.533333333333333
2009-08-24,3.5,13.566666666666668
2009-08-25,2.75,13.6
2009-08-26,3.0,12.86
2009-08-27,3.0,13.5
2009-08-28,2.833333333333333,13.37
2009-08-29,2.666666666666667,12.5
2009-08-30,2.5,12.7
2009-08-31,4.0,12.9
2009-09-01,3.5,13.1
2009-09-02,4.5,12.5
2009-09-03,5.0,12.87
2009-09-04,5.0,12.93
2009-09-05,5.0,12.5
2009-09-06,5.0,12.693333333333333
2009-09-07,4.0,12.886666666666667
2009-09-08,4.5,13.08
2009-09-09,4.0,13.35
2009-09-10,4.0,13.5
2009-09-11,4.333333333333333,12.5
2009-09-12,4.666666666666667,13.0
2009-09-13,5.0,13.0
2009-09-14,4.75,13.0
2009-09-15,4.0,13.0
2009-09-16,5.0,13.0
2009-09-17,4.5,13.0
2009-09-18,4.333333333333333,12.0
2009-09-19,4.166666666666667,12.91
2009-09-20,4.0,12.9325
2009-09-21,4.0,12.955
2009-09-22,4.5,12.9775
2009-09-23,5.0,13.0
2009-09-24,5.0,12.0
2009-09-25,4.666666666666667,12.25
2009-09-26,4.333333333333333,12.75
2009-09-27,4.0,12.625
2009-09-28,5.0,12.5
2009-09-29,4.5,12.375
2009-09-30,5.0,12.25
2009-10-01,4.0,12.68
2009-10-02,4.666666666666667,12.5
2009-10-03,5.333333333333334,12.61
2009-10-04,6.0,12.49
2009-10-05,6.5,12.37
2009-10-06,7.0,12.25
2009-10-07,10.0,12.75
2009-10-08,9.0,13.25
2009-10-09,9.0,12.75
2009-10-10,9.0,12.5
2009-10-11,9.0,12.482
2009-10-12,10.25,12.464
2009-10-13,8.5,12.446
2009-10-14,7.5,12.428
2009-10-15,8.0,12.41
2009-10-16,7.5,12.643333333333333
2009-10-17,7.0,12.876666666666667
2009-10-18,6.5,13.11
2009-10-19,9.0,13.343333333333332
2009-10-20,6.5,13.576666666666668
2009-10-21,6.0,13.81
2009-10-22,5.5,13.11
2009-10-23,5.666666666666666,13.45
2009-10-24,5.833333333333334,13.75
2009-10-25,6.0,13.666666666666668
2009-10-26,6.5,13.583333333333332
2009-10-27,5.5,13.5
2009-10-28,8.0,13.0
2009-10-29,9.5,14.0
2009-10-30,8.333333333333334,14.0
2009-10-31,7.166666666666666,14.5
2009-11-01,6.0,14.5
2009-11-02,5.5,14.5
2009-11-03,6.5,14.5
2009-11-04,6.0,15.0
2009-11-05,10.0,16.12
2009-11-06,9.5,15.4
2009-11-07,9.0,15.5
2009-11-08,8.5,15.333333333333332
2009-11-09,10.0,15.166666666666668
2009-11-10,7.5,15.0
2009-11-11,5.5,15.0
2009-11-12,6.0,16.0
2009-11-13,7.166666666666666,15.25
2009-11-14,8.333333333333334,14.0
2009-11-15,9.5,14.0
2009-11-16,10.0,14.0
2009-11-17,14.0,14.0
2009-11-18,14.0,15.0
2009-11-19,12.0,15.5
2009-11-20,12.166666666666668,14.0
2009-11-21,12.333333333333332,15.0
2009-11-22,12.5,15.0
2009-11-23,6.15,15.0
2009-11-24,8.0,15.0
2009-11-25,6.5,15.0
2009-11-26,7.0,15.0
2009-11-27,6.333333333333334,14.75
2009-11-28,5.666666666666666,14.8125
2009-11-29,5.0,14.875
2009-11-30,5.5,14.9375
2009-12-01,6.75,15.0
2009-12-02,5.5,15.0
2009-12-03,5.5,15.5
2009-12-04,5.5,15.0
2009-12-05,5.5,15.0
2009-12-06,5.5,15.0
2009-12-07,8.0,15.0
2009-12-08,5.25,15.0
2009-12-09,5.2,15.0
2009-12-10,5.15,15.0
2009-12-11,5.1,15.0
2009-12-12,5.05,14.5
2009-12-13,5.0,15.0
2009-12-14,5.5,15.5
2009-12-15,6.0,16.0
2009-12-16,5.5,15.75
2009-12-17,6.0,16.76
2009-12-18,5.833333333333334,15.0
2009-12-19,5.666666666666666,17.0
2009-12-20,5.5,16.666666666666668
2009-12-21,5.5,16.333333333333332
2009-12-22,10.75,16.0
2009-12-23,9.0,15.25
2009-12-24,9.5,16.25
2009-12-25,8.5,15.91
2009-12-26,7.5,15.12
2009-12-27,6.5,15.08
2009-12-28,10.0,15.04
2009-12-29,10.0,15.0
2009-12-30,8.5,15.5
2009-12-31,10.25,15.0
2010-01-01,9.833333333333334,16.11
2010-01-02,9.416666666666666,15.62
2010-01-03,9.0,15.413333333333332
2010-01-04,9.5,15.206666666666667
2010-01-05,11.0,15.0
2010-01-06,6.5,16.0
2010-01-07,7.5,15.0
2010-01-08,8.0,15.0
2010-01-09,8.5,16.0
2010-01-10,9.0,16.0
2010-01-11,7.5,16.0
2010-01-12,8.5,16.0
2010-01-13,6.5,15.892857142857142
2010-01-14,6.0,15.785714285714285
2010-01-15,6.5,15.678571428571427
2010-01-16,7.0,15.571428571428573
2010-01-17,7.5,15.464285714285715
2010-01-18,8.0,15.357142857142858
2010-01-19,5.5,15.25
2010-01-20,5.5,16.0
2010-01-21,6.0,15.0
2010-01-22,6.0,16.0
2010-01-23,6.0,16.0
2010-01-24,6.0,15.8
2010-01-25,9.0,15.6
2010-01-26,9.0,15.4
2010-01-27,6.0,15.2
2010-01-28,8.5,15.0
2010-01-29,7.583333333333334,15.0
2010-01-30,6.666666666666666,16.0
2010-01-31,5.75,15.833333333333332
2010-02-01,8.5,15.666666666666668
2010-02-02,6.5,15.5
2010-02-03,7.25,15.333333333333332
2010-02-04,6.0,15.166666666666668
2010-02-05,6.166666666666666,15.0
2010-02-06,6.333333333333334,15.0
2010-02-07,6.5,15.166666666666668
2010-02-08,9.0,15.333333333333332
2010-02-09,6.0,15.5
2010-02-10,7.0,15.0
2010-02-11,7.5,14.25
2010-02-12,7.833333333333334,14.4
2010-02-13,8.166666666666666,14.55
2010-02-14,8.5,14.7
2010-02-15,8.5,14.85
2010-02-16,8.0,15.0
2010-02-17,7.0,14.5
2010-02-18,9.0,14.5
2010-02-19,8.666666666666666,14.4
2010-02-20,8.333333333333334,14.3
2010-02-21,8.0,14.2
2010-02-22,8.0,14.1
2010-02-23,7.0,14.0
2010-02-24,5.5,14.0
2010-02-25,7.0,14.0
2010-02-26,6.333333333333334,13.0
2010-02-27,5.666666666666666,13.2
2010-02-28,5.0,13.4
2010-03-01,5.333333333333334,13.6
2010-03-02,5.666666666666666,13.8
2010-03-03,6.0,14.0
2010-03-04,6.0,13.35
2010-03-05,6.0,13.33
2010-03-06,6.0,13.31
2010-03-07,6.0,13.29
2010-03-08,5.5,13.27
2010-03-09,5.5,13.25
2010-03-10,5.0,13.0
2010-03-11,5.0,14.0
2010-03-12,5.333333333333334,13.5
2010-03-13,5.666666666666666,13.5
2010-03-14,6.0,13.5
2010-03-15,5.0,13.5
2010-03-16,5.0,13.5
2010-03-17,5.5,13.5
2010-03-18,4.5,13.5
2010-03-19,4.5,13.25
2010-03-20,4.5,13.0
2010-03-21,4.5,13.0
2010-03-22,4.25,13.0
2010-03-23,4.5,13.0
2010-03-24,6.0,13.0
2010-03-25,5.5,13.0
2010-03-26,5.166666666666666,12.5
2010-03-27,4.833333333333333,12.0
2010-03-28,4.5,12.333333333333332
2010-03-29,3.75,12.666666666666668
2010-03-30,3.5,13.0
2010-03-31,4.0,13.0
2010-04-01,4.5,13.0
2010-04-02,4.416666666666667,13.0
2010-04-03,4.333333333333333,13.0
2010-04-04,4.25,12.87
2010-04-05,4.166666666666667,12.74
2010-04-06,4.083333333333333,12.61
2010-04-07,4.0,14.0
2010-04-08,3.916666666666667,13.5
2010-04-09,3.833333333333333,14.0
2010-04-10,3.75,14.25
2010-04-11,3.666666666666666,14.166666666666668
2010-04-12,3.583333333333333,14.083333333333332
2010-04-13,3.5,14.0
2010-04-14,4.0,13.666666666666668
2010-04-15,4.0,13.333333333333332
2010-04-16,4.166666666666667,13.0
2010-04-17,4.333333333333333,12.8
2010-04-18,4.5,13.133333333333333
2010-04-19,3.5,13.466666666666667
2010-04-20,3.5,13.8
2010-04-21,4.5,13.62
2010-04-22,3.5,14.05
2010-04-23,3.666666666666667,13.7
2010-04-24,3.833333333333333,14.0
2010-04-25,4.0,13.816666666666668
2010-04-26,4.0,13.633333333333333
2010-04-27,4.0,13.45
2010-04-28,5.0,12.1
2010-04-29,5.0,13.75
2010-04-30,4.666666666666667,14.0
2010-05-01,4.333333333333333,13.905
2010-05-02,4.0,13.81
2010-05-03,5.0,13.715
2010-05-04,3.5,13.62
2010-05-05,4.0,13.62
2010-05-06,4.5,12.62
2010-05-07,4.666666666666667,15.12
2010-05-08,4.833333333333333,13.5
2010-05-09,5.0,13.75
2010-05-10,4.0,14.0
2010-05-11,4.0,14.25
2010-05-12,3.5,13.5
2010-05-13,3.5,12.0
2010-05-14,3.833333333333333,12.0
2010-05-15,4.166666666666667,13.5
2010-05-16,4.5,13.46
2010-05-17,4.0,13.42
2010-05-18,3.5,13.38
2010-05-19,5.0,13.37
2010-05-20,3.5,12.82
2010-05-21,4.0,13.95
2010-05-22,4.5,13.32
2010-05-23,5.0,13.57
2010-05-24,4.0,13.82
2010-05-25,4.0,14.07
2010-05-26,4.0,14.0
2010-05-27,4.5,14.0
2010-05-28,3.916666666666667,14.55
2010-05-29,3.333333333333333,13.2
2010-05-30,2.75,13.323333333333332
2010-05-31,2.75,13.446666666666667
2010-06-01,2.75,13.57
2010-06-02,2.75,13.75
2010-06-03,3.0,13.87
2010-06-04,2.966666666666667,13.55
2010-06-05,2.933333333333333,12.73
2010-06-06,2.9,13.026666666666667
2010-06-07,4.5,13.323333333333332
2010-06-08,5.0,13.62
2010-06-09,4.0,14.2
2010-06-10,4.0,13.75
2010-06-11,3.833333333333333,13.5
2010-06-12,3.666666666666667,13.16
2010-06-13,3.5,13.356666666666667
2010-06-14,3.5,13.553333333333333
2010-06-15,4.0,13.75
2010-06-16,4.5,13.62
2010-06-17,5.0,12.5
2010-06-18,5.0,13.0
2010-06-19,5.0,14.0
2010-06-20,5.0,14.0
2010-06-21,4.0,14.0
2010-06-22,3.5,14.0
2010-06-23,4.0,14.0
2010-06-24,5.0,13.75
2010-06-25,4.666666666666667,13.25
2010-06-26,4.333333333333333,13.0
2010-06-27,4.0,13.0
2010-06-28,4.5,13.0
2010-06-29,4.5,13.0
2010-06-30,3.5,13.0
2010-07-01,4.0,13.0
2010-07-02,4.166666666666667,13.75
2010-07-03,4.333333333333333,12.25
2010-07-04,4.5,12.4375
2010-07-05,4.75,12.625
2010-07-06,4.5,12.8125
2010-07-07,5.5,13.0
2010-07-08,4.5,13.0
2010-07-09,4.666666666666667,12.0
2010-07-10,4.833333333333333,13.75
2010-07-11,5.0,13.833333333333332
2010-07-12,5.0,13.916666666666668
2010-07-13,4.5,14.0
2010-07-14,4.5,13.4
2010-07-15,5.0,13.0
2010-07-16,5.0,13.25
2010-07-17,5.0,13.0
2010-07-18,5.0,13.0
2010-07-19,4.5,13.0
2010-07-20,4.0,13.0
2010-07-21,5.0,13.083333333333332
2010-07-22,4.0,13.166666666666668
2010-07-23,4.083333333333333,13.25
2010-07-24,4.166666666666667,12.75
2010-07-25,4.25,12.75
2010-07-26,5.0,12.75
2010-07-27,5.0,12.75
2010-07-28,4.0,13.31
2010-07-29,5.0,13.0
2010-07-30,4.666666666666667,12.7
2010-07-31,4.333333333333333,13.5
2010-08-01,4.0,13.333333333333332
2010-08-02,4.5,13.166666666666668
2010-08-03,5.0,13.0
2010-08-04,5.5,13.5
2010-08-05,5.5,13.0
2010-08-06,5.333333333333334,13.0
2010-08-07,5.166666666666666,13.81
2010-08-08,5.0,13.406666666666668
2010-08-09,4.5,13.003333333333332
2010-08-10,5.5,12.6
2010-08-11,7.0,13.61
2010-08-12,7.0,13.543333333333333
2010-08-13,6.5,13.476666666666668
2010-08-14,6.0,13.41
2010-08-15,5.5,13.273333333333332
2010-08-16,5.5,13.136666666666667
2010-08-17,5.5,13.0
2010-08-18,6.5,13.75
2010-08-19,6.5,13.11
2010-08-20,6.75,13.51
2010-08-21,7.0,13.425
2010-08-22,7.25,13.34
2010-08-23,7.5,13.255
2010-08-24,6.5,13.17
2010-08-25,7.0,13.085
2010-08-26,7.0,13.0
2010-08-27,6.5,12.75
2010-08-28,6.0,13.0
2010-08-29,5.5,13.0
2010-08-30,7.0,13.0
2010-08-31,7.0,13.0
2010-09-01,8.0,12.5
2010-09-02,7.0,13.0
2010-09-03,7.333333333333334,12.0
2010-09-04,7.666666666666666,13.0
2010-09-05,8.0,12.911
2010-09-06,8.0,12.822
2010-09-07,7.0,12.733
2010-09-08,7.5,12.644
2010-09-09,8.5,12.555
2010-09-10,8.333333333333334,12.466
2010-09-11,8.166666666666666,12.377
2010-09-12,8.0,12.288
2010-09-13,9.0,12.199000000000002
2010-09-14,10.0,12.11
2010-09-15,10.0,13.0
2010-09-16,10.5,12.5
2010-09-17,10.5,12.5
2010-09-18,10.5,13.0
2010-09-19,10.5,13.0
2010-09-20,9.0,13.0
2010-09-21,12.0,13.0
2010-09-22,11.0,12.5
2010-09-23,10.0,13.0
2010-09-24,10.0,13.25
2010-09-25,10.0,13.0
2010-09-26,10.0,12.75
2010-09-27,12.0,12.5
2010-09-28,12.5,12.25
2010-09-29,9.0,12.6
2010-09-30,12.0,12.2
2010-10-01,12.083333333333332,12.7
2010-10-02,12.166666666666668,12.5
2010-10-03,12.25,12.666666666666668
2010-10-04,13.0,12.833333333333332
2010-10-05,14.0,13.0
2010-10-06,15.0,13.0
2010-10-07,10.5,13.0
2010-10-08,10.666666666666668,13.25
2010-10-09,10.833333333333332,12.5
2010-10-10,11.0,12.503333333333332
2010-10-11,10.5,12.506666666666668
2010-10-12,11.0,12.51
2010-10-13,13.0,12.41
2010-10-14,13.0,13.0
2010-10-15,12.0,12.4
2010-10-16,11.0,13.0
2010-10-17,10.0,12.866666666666667
2010-10-18,11.0,12.733333333333333
2010-10-19,11.0,12.6
2010-10-20,11.5,13.0
2010-10-21,10.0,13.25
2010-10-22,10.5,12.7
2010-10-23,11.0,12.8
2010-10-24,11.5,13.033333333333333
2010-10-25,10.0,13.266666666666667
2010-10-26,11.0,13.5
2010-10-27,8.5,13.0
2010-10-28,9.0,13.0
2010-10-29,8.833333333333334,13.0
2010-10-30,8.666666666666666,13.0
2010-10-31,8.5,13.083333333333332
2010-11-01,7.5,13.166666666666668
2010-11-02,7.5,13.25
2010-11-03,7.0,13.5
2010-11-04,8.5,13.416666666666668
2010-11-05,7.666666666666666,13.333333333333332
2010-11-06,6.833333333333334,13.25
2010-11-07,6.0,13.166666666666668
2010-11-08,7.0,13.083333333333332
2010-11-09,6.0,13.0
2010-11-10,6.5,12.75
2010-11-11,6.0,12.75
2010-11-12,8.666666666666668,13.21
2010-11-13,11.333333333333336,13.5
2010-11-14,14.0,13.37
2010-11-15,15.0,13.24
2010-11-16,15.0,13.11
2010-11-17,15.0,13.156666666666668
2010-11-18,13.0,13.203333333333333
2010-11-19,12.333333333333332,13.25
2010-11-20,11.666666666666668,13.0
2010-11-21,11.0,13.166666666666668
2010-11-22,7.5,13.333333333333332
2010-11-23,7.0,13.5
2010-11-24,7.5,13.5
2010-11-25,12.0,13.5
2010-11-26,12.5,13.25
2010-11-27,13.0,13.25
2010-11-28,13.5,13.416666666666668
2010-11-29,11.0,13.583333333333332
2010-11-30,10.0,13.75
2010-12-01,10.0,13.0
2010-12-02,8.0,13.25
2010-12-03,8.333333333333334,13.5
2010-12-04,8.666666666666666,13.5
2010-12-05,9.0,13.333333333333332
2010-12-06,9.5,13.166666666666668
2010-12-07,9.0,13.0
2010-12-08,8.5,13.0
2010-12-09,7.5,13.25
2010-12-10,7.666666666666666,13.75
2010-12-11,7.833333333333334,13.0
2010-12-12,8.0,13.17
2010-12-13,12.0,13.34
2010-12-14,13.5,13.51
2010-12-15,12.0,13.5
2010-12-16,14.25,13.0
2010-12-17,17.5,13.2
2010-12-18,20.75,13.4
2010-12-19,24.0,13.6
2010-12-20,20.0,13.8
2010-12-21,27.5,14.0
2010-12-22,20.5,13.5
2010-12-23,21.5,14.0
2010-12-24,18.0,14.0
2010-12-25,14.5,13.5
2010-12-26,11.0,13.416666666666668
2010-12-27,17.5,13.333333333333332
2010-12-28,21.0,13.25
2010-12-29,26.0,13.75
2010-12-30,23.5,13.75
2010-12-31,24.5,13.5
2011-01-01,25.5,13.5
2011-01-02,26.5,13.873333333333333
2011-01-03,25.0,14.246666666666668
2011-01-04,25.75,14.62
2011-01-05,19.5,14.0
2011-01-06,25.0,13.75
2011-01-07,25.0,14.0
2011-01-08,25.0,14.0
2011-01-09,25.0,14.0
2011-01-10,27.0,14.0
2011-01-11,23.5,14.0
2011-01-12,22.5,14.5
2011-01-13,25.0,14.0
2011-01-14,23.666666666666664,14.25
2011-01-15,22.333333333333336,14.0
2011-01-16,21.0,14.083333333333332
2011-01-17,18.0,14.166666666666668
2011-01-18,20.0,14.25
2011-01-19,19.0,14.0
2011-01-20,18.5,14.5
2011-01-21,18.666666666666668,14.5
2011-01-22,18.83333333333333,14.5
2011-01-23,19.0,14.333333333333332
2011-01-24,15.5,14.166666666666668
2011-01-25,14.0,14.0
2011-01-26,13.5,14.083333333333332
2011-01-27,11.0,14.166666666666668
2011-01-28,12.0,14.25
2011-01-29,13.0,14.0
2011-01-30,14.0,14.166666666666668
2011-01-31,11.5,14.333333333333332
2011-02-01,10.75,14.5
2011-02-02,12.0,14.0
2011-02-03,9.0,14.0
2011-02-04,8.7,14.0
2011-02-05,8.4,14.0
2011-02-06,8.1,14.0
2011-02-07,7.8,14.0
2011-02-08,7.5,14.0
2011-02-09,7.2,14.0
2011-02-10,6.9,14.0
2011-02-11,6.6,13.5
2011-02-12,6.3,13.25
2011-02-13,6.0,13.333333333333332
2011-02-14,8.0,13.416666666666668
2011-02-15,9.5,13.5
2011-02-16,7.35,13.79
2011-02-17,8.0,14.08
2011-02-18,8.333333333333334,14.37
2011-02-19,8.666666666666666,14.1525
2011-02-20,9.0,13.935
2011-02-21,8.4,13.7175
2011-02-22,7.0,13.5
2011-02-23,7.65,14.0
2011-02-24,6.5,14.0
2011-02-25,6.0,13.5
2011-02-26,5.5,13.0
2011-02-27,5.0,13.166666666666668
2011-02-28,4.25,13.333333333333332
2011-03-01,4.25,13.5
2011-03-02,4.0,13.5
2011-03-03,5.0,13.5
2011-03-04,4.666666666666667,13.5
2011-03-05,4.333333333333333,13.5
2011-03-06,4.0,13.333333333333332
2011-03-07,3.75,13.166666666666668
2011-03-08,4.25,13.0
2011-03-09,4.5,13.0
2011-03-10,4.5,13.0
2011-03-11,4.5,13.0
2011-03-12,4.5,13.0
2011-03-13,4.5,13.0
2011-03-14,5.0,13.0
2011-03-15,4.5,13.0
2011-03-16,4.0,13.5
2011-03-17,4.0,13.5
2011-03-18,4.0,13.5
2011-03-19,4.0,12.75
2011-03-20,4.0,12.833333333333332
2011-03-21,4.0,12.916666666666668
2011-03-22,4.0,13.0
2011-03-23,5.0,13.0
2011-03-24,3.5,13.0
2011-03-25,3.666666666666667,13.5
2011-03-26,3.833333333333333,13.5
2011-03-27,4.0,13.333333333333332
2011-03-28,4.0,13.166666666666668
2011-03-29,3.5,13.0
2011-03-30,4.0,13.0
2011-03-31,4.0,13.0
2011-04-01,4.0,13.0
2011-04-02,4.0,13.5
2011-04-03,4.0,13.375
2011-04-04,3.5,13.25
2011-04-05,4.5,13.125
2011-04-06,3.35,13.0
2011-04-07,3.5,13.5
2011-04-08,3.666666666666667,14.0
2011-04-09,3.833333333333333,14.0
2011-04-10,4.0,13.833333333333332
2011-04-11,3.5,13.666666666666668
2011-04-12,3.5,13.5
2011-04-13,4.0,14.0
2011-04-14,3.5,14.0
2011-04-15,3.5,14.0
2011-04-16,3.5,14.0
2011-04-17,3.5,14.0
2011-04-18,4.0,14.0
2011-04-19,4.5,14.0
2011-04-20,3.5,14.75
2011-04-21,4.0,14.0
2011-04-22,4.0,14.25
2011-04-23,4.0,14.25
2011-04-24,4.0,14.25
2011-04-25,4.5,14.25
2011-04-26,4.5,14.25
2011-04-27,4.5,13.75
2011-04-28,5.0,14.25
2011-04-29,4.833333333333333,14.25
2011-04-30,4.666666666666667,14.0
2011-05-01,4.5,14.0
2011-05-02,5.5,14.0
2011-05-03,5.0,14.0
2011-05-04,4.5,14.25
2011-05-05,4.625,14.0
2011-05-06,4.75,14.25
2011-05-07,4.875,14.0
2011-05-08,5.0,14.083333333333332
2011-05-09,4.0,14.166666666666668
2011-05-10,5.0,14.25
2011-05-11,4.0,14.5
2011-05-12,5.0,14.25
2011-05-13,4.833333333333333,14.5
2011-05-14,4.666666666666667,14.0
2011-05-15,4.5,13.916666666666668
2011-05-16,5.0,13.833333333333332
2011-05-17,3.75,13.75
2011-05-18,3.5,14.5
2011-05-19,4.0,14.0
2011-05-20,4.083333333333333,13.0
2011-05-21,4.166666666666667,13.5
2011-05-22,4.25,13.833333333333332
2011-05-23,4.5,14.166666666666668
2011-05-24,3.5,14.5
2011-05-25,4.0,13.5
2011-05-26,4.0,14.0
2011-05-27,3.833333333333333,13.0
2011-05-28,3.666666666666667,13.0
2011-05-29,3.5,13.0
2011-05-30,4.0,13.0
2011-05-31,4.0,13.0
2011-06-01,3.5,13.0
2011-06-02,4.0,13.0
2011-06-03,3.833333333333333,13.5
2011-06-04,3.666666666666667,13.5
2011-06-05,3.5,13.666666666666668
2011-06-06,4.5,13.833333333333332
2011-06-07,5.0,14.0
2011-06-08,4.75,13.0
2011-06-09,4.7,12.75
2011-06-10,4.966666666666667,13.0
2011-06-11,5.233333333333333,13.0
2011-06-12,5.5,13.083333333333332
2011-06-13,6.0,13.166666666666668
2011-06-14,6.5,13.25
2011-06-15,4.5,13.333333333333332
2011-06-16,6.0,13.416666666666668
2011-06-17,5.833333333333334,13.5
2011-06-18,5.666666666666666,12.6
2011-06-19,5.5,12.733333333333333
2011-06-20,6.0,12.866666666666667
2011-06-21,5.0,13.0
2011-06-22,4.37,12.75
2011-06-23,4.65,13.5
2011-06-24,4.766666666666667,13.0
2011-06-25,4.883333333333333,13.0
2011-06-26,5.0,13.0
2011-06-27,5.25,13.0
2011-06-28,5.5,13.0
2011-06-29,5.75,12.75
2011-06-30,5.0,12.5
2011-07-01,5.333333333333334,13.0
2011-07-02,5.666666666666666,12.75
2011-07-03,6.0,12.833333333333332
2011-07-04,5.0,12.916666666666668
2011-07-05,5.0,13.0
2011-07-06,6.0,12.75
2011-07-07,6.5,13.0
2011-07-08,6.333333333333334,13.0
2011-07-09,6.166666666666666,12.75
2011-07-10,6.0,12.8125
2011-07-11,6.0,12.875
2011-07-12,7.0,12.9375
2011-07-13,6.25,13.0
2011-07-14,6.5,13.0
2011-07-15,6.583333333333334,13.0
2011-07-16,6.666666666666666,12.75
2011-07-17,6.75,12.833333333333332
2011-07-18,7.0,12.916666666666668
2011-07-19,6.0,13.0
2011-07-20,5.0,12.75
2011-07-21,6.5,13.0
2011-07-22,6.166666666666666,12.75
2011-07-23,5.833333333333334,13.0
2011-07-24,5.5,13.0
2011-07-25,5.833333333333334,13.0
2011-07-26,6.166666666666666,13.0
2011-07-27,6.5,13.0
2011-07-28,5.5,13.0
2011-07-29,5.666666666666666,13.0
2011-07-30,5.833333333333334,12.5
2011-07-31,6.0,12.666666666666668
2011-08-01,5.5,12.833333333333332
2011-08-02,5.75,13.0
2011-08-03,6.0,13.02
2011-08-04,5.5,12.9
2011-08-05,6.166666666666666,13.0
2011-08-06,6.833333333333334,13.0
2011-08-07,7.5,12.833333333333332
2011-08-08,7.0,12.666666666666668
2011-08-09,7.0,12.5
2011-08-10,7.0,12.75
2011-08-11,6.5,13.0
2011-08-12,6.333333333333334,12.75
2011-08-13,6.166666666666666,12.8
2011-08-14,6.0,12.85
2011-08-15,5.5,12.9
2011-08-16,6.5,12.95
2011-08-17,7.0,13.0
2011-08-18,9.5,13.25
2011-08-19,9.333333333333334,13.5
2011-08-20,9.166666666666666,13.75
2011-08-21,9.0,13.333333333333332
2011-08-22,8.0,12.916666666666668
2011-08-23,8.0,12.5
2011-08-24,9.0,12.75
2011-08-25,9.5,12.5
2011-08-26,9.333333333333334,12.25
2011-08-27,9.166666666666666,12.25
2011-08-28,9.0,12.333333333333332
2011-08-29,8.5,12.416666666666668
2011-08-30,8.0,12.5
2011-08-31,5.5,12.375
2011-09-01,7.5,12.25
2011-09-02,7.5,12.125
2011-09-03,7.5,12.0
2011-09-04,7.5,12.083333333333332
2011-09-05,8.0,12.166666666666668
2011-09-06,7.0,12.25
2011-09-07,7.0,11.75
2011-09-08,7.0,11.711538461538463
2011-09-09,6.833333333333334,11.673076923076925
2011-09-10,6.666666666666666,11.634615384615385
2011-09-11,6.5,11.596153846153845
2011-09-12,6.0,11.557692307692307
2011-09-13,7.5,11.519230769230768
2011-09-14,7.0,11.480769230769232
2011-09-15,6.5,11.442307692307693
2011-09-16,7.166666666666666,11.403846153846155
2011-09-17,7.833333333333334,11.365384615384615
2011-09-18,8.5,11.326923076923075
2011-09-19,8.75,11.288461538461537
2011-09-20,7.5,11.25
2011-09-21,7.5,11.75
2011-09-22,8.0,11.25
2011-09-23,7.666666666666666,11.15
2011-09-24,7.333333333333334,11.208333333333332
2011-09-25,7.0,11.266666666666667
2011-09-26,7.5,11.325
2011-09-27,8.0,11.383333333333333
2011-09-28,7.5,11.441666666666668
2011-09-29,7.5,11.5
2011-09-30,7.333333333333334,11.5
2011-10-01,7.166666666666666,11.5
2011-10-02,7.0,11.5
2011-10-03,7.0,11.5
2011-10-04,7.5,11.5
2011-10-05,8.0,11.5
2011-10-06,7.5,11.5
2011-10-07,7.666666666666666,11.5
2011-10-08,7.833333333333334,11.5
2011-10-09,8.0,11.5
2011-10-10,7.5,11.5
2011-10-11,8.5,11.5
2011-10-12,8.0,11.5
2011-10-13,7.5,11.510882352941177
2011-10-14,7.0,11.521764705882356
2011-10-15,6.5,11.532647058823528
2011-10-16,6.0,11.543529411764705
2011-10-17,6.0,11.554411764705884
2011-10-18,7.0,11.565294117647056
2011-10-19,7.0,11.576176470588234
2011-10-20,5.25,11.587058823529413
2011-10-21,5.666666666666666,11.597941176470588
2011-10-22,6.083333333333334,11.608823529411767
2011-10-23,6.5,11.619705882352939
2011-10-24,5.5,11.630588235294118
2011-10-25,5.5,11.641470588235295
2011-10-26,5.0,11.652352941176472
2011-10-27,5.0,11.663235294117644
2011-10-28,6.333333333333334,11.674117647058823
2011-10-29,7.666666666666668,11.685
2011-10-30,9.0,11.695882352941178
2011-10-31,7.5,11.706764705882351
2011-11-01,8.0,11.717647058823529
2011-11-02,9.0,11.728529411764706
2011-11-03,7.5,11.739411764705885
2011-11-04,7.666666666666666,11.750294117647062
2011-11-05,7.833333333333334,11.761176470588234
2011-11-06,8.0,11.772058823529413
2011-11-07,7.0,11.782941176470587
2011-11-08,7.5,11.793823529411766
2011-11-09,7.5,11.80470588235294
2011-11-10,6.0,11.815588235294115
2011-11-11,5.583333333333334,11.826470588235296
2011-11-12,5.166666666666666,11.837352941176471
2011-11-13,4.75,11.848235294117648
2011-11-14,5.0,11.859117647058824
2011-11-15,4.5,11.87
2011-11-16,4.5,11.75
2011-11-17,4.5,11.75
2011-11-18,4.5,11.75
2011-11-19,4.5,11.75
2011-11-20,4.5,11.873333333333333
2011-11-21,5.0,11.996666666666668
2011-11-22,4.9,12.12
2011-11-23,4.5,11.6
2011-11-24,4.5,11.9
2011-11-25,5.166666666666666,12.75
2011-11-26,5.833333333333334,11.75
2011-11-27,6.5,12.0
2011-11-28,6.5,12.25
2011-11-29,6.5,12.5
2011-11-30,5.5,11.75
2011-12-01,5.5,11.816666666666668
2011-12-02,5.5,11.883333333333333
2011-12-03,5.5,11.95
2011-12-04,5.5,11.858333333333333
2011-12-05,4.5,11.766666666666667
2011-12-06,5.0,11.675
2011-12-07,5.0,11.583333333333332
2011-12-08,4.75,11.491666666666667
2011-12-09,4.666666666666667,11.4
2011-12-10,4.583333333333333,11.95
2011-12-11,4.5,11.783333333333333
2011-12-12,4.5,11.616666666666667
2011-12-13,5.0,11.45
2011-12-14,5.0,11.83
2011-12-15,4.5,11.88
2011-12-16,4.666666666666667,11.93
2011-12-17,4.833333333333333,11.98
2011-12-18,5.0,12.06
2011-12-19,4.0,12.14
2011-12-20,5.0,12.22
2011-12-21,4.0,12.3
2011-12-22,4.0,12.216666666666667
2011-12-23,4.166666666666667,12.133333333333333
2011-12-24,4.333333333333333,12.05
2011-12-25,4.5,11.966666666666667
2011-12-26,4.5,11.883333333333333
2011-12-27,5.0,11.8
2011-12-28,4.5,12.05
2011-12-29,3.5,12.25
2011-12-30,3.666666666666667,12.05
2011-12-31,3.833333333333333,11.95
2012-01-01,4.0,12.056666666666667
2012-01-02,4.5,12.163333333333332
2012-01-03,4.0,12.27
2012-01-04,5.0,12.27
2012-01-05,3.5,12.5
2012-01-06,3.5,11.61
2012-01-07,3.5,12.0
2012-01-08,3.5,12.01
2012-01-09,3.5,12.02
2012-01-10,4.0,12.03
2012-01-11,4.0,11.91
2012-01-12,4.0,11.956666666666667
2012-01-13,4.0,12.003333333333332
2012-01-14,4.0,12.05
2012-01-15,4.0,12.0625
2012-01-16,3.5,12.075
2012-01-17,3.5,12.0875
2012-01-18,4.5,12.1
2012-01-19,4.5,12.15
2012-01-20,4.333333333333333,12.35
2012-01-21,4.166666666666667,12.31
2012-01-22,4.0,12.373333333333333
2012-01-23,4.0,12.436666666666667
2012-01-24,3.833333333333333,12.5
2012-01-25,3.666666666666667,12.13
2012-01-26,3.5,12.293333333333333
2012-01-27,3.416666666666667,12.456666666666667
2012-01-28,3.333333333333333,12.62
2012-01-29,3.25,12.58
2012-01-30,4.0,12.54
2012-01-31,3.5,12.5
2012-02-01,4.0,12.516666666666667
2012-02-02,2.5,12.533333333333333
2012-02-03,2.833333333333333,12.55
2012-02-04,3.166666666666667,12.45
2012-02-05,3.5,12.47
2012-02-06,4.0,12.49
2012-02-07,3.5,12.51
2012-02-08,2.5,12.53
2012-02-09,4.0,12.55
2012-02-10,3.666666666666667,12.6
2012-02-11,3.333333333333333,12.75
2012-02-12,3.0,12.833333333333332
2012-02-13,4.0,12.916666666666668
2012-02-14,4.0,13.0
2012-02-15,4.0,11.75
2012-02-16,3.0,12.0
2012-02-17,2.916666666666667,12.25
2012-02-18,2.833333333333333,12.5
2012-02-19,2.75,12.3875
2012-02-20,3.0,12.275
2012-02-21,2.75,12.1625
2012-02-22,2.5,12.05
2012-02-23,3.75,12.23
2012-02-24,3.5,12.82
2012-02-25,3.25,12.78
2012-02-26,3.0,12.74
2012-02-27,2.0,12.7
2012-02-28,2.5,12.66
2012-02-29,2.5,12.62
2012-03-01,2.0,12.58
2012-03-02,2.333333333333333,12.15
2012-03-03,2.666666666666667,12.5
2012-03-04,3.0,12.383333333333333
2012-03-05,2.25,12.266666666666667
2012-03-06,2.5,12.15
2012-03-07,2.5,12.95
2012-03-08,2.375,12.79
2012-03-09,2.25,12.63
2012-03-10,2.125,12.47
2012-03-11,2.0,12.576
2012-03-12,2.5,12.682
2012-03-13,3.0,12.788
2012-03-14,3.5,12.894
2012-03-15,2.5,13.0
2012-03-16,2.666666666666667,12.5
2012-03-17,2.833333333333333,13.0
2012-03-18,3.0,13.0
2012-03-19,3.5,13.0
2012-03-20,4.0,13.0
2012-03-21,2.5,13.0
2012-03-22,3.0,13.5
2012-03-23,3.0,13.5
2012-03-24,3.0,13.5
2012-03-25,3.0,13.5
2012-03-26,3.5,13.5
2012-03-27,2.5,13.5
2012-03-28,2.75,13.0
2012-03-29,2.25,12.5
2012-03-30,2.333333333333333,13.0
2012-03-31,2.4166666666666665,13.0
2012-04-01,2.5,13.0
2012-04-02,3.0,13.0
2012-04-03,3.25,13.0
2012-04-04,3.5,14.0
2012-04-05,3.5,14.0
2012-04-06,3.5,14.0
2012-04-07,3.5,14.0
2012-04-08,3.5,13.833333333333332
2012-04-09,4.0,13.666666666666668
2012-04-10,2.5,13.5
2012-04-11,4.0,14.5
2012-04-12,3.5,14.5
2012-04-13,3.666666666666667,14.5
2012-04-14,3.833333333333333,14.2
2012-04-15,4.0,13.9
2012-04-16,4.0,13.6
2012-04-17,4.5,13.3
2012-04-18,4.5,13.0
2012-04-19,3.5,14.0
2012-04-20,3.666666666666667,13.5
2012-04-21,3.833333333333333,15.0
2012-04-22,4.0,14.5
2012-04-23,3.0,14.0
2012-04-24,4.0,13.5
2012-04-25,4.0,13.5
2012-04-26,4.0,14.5
2012-04-27,4.0,14.5
2012-04-28,4.0,13.5
2012-04-29,4.0,13.6
2012-04-30,3.5,13.7
2012-05-01,3.5,13.8
2012-05-02,3.85,13.9
2012-05-03,5.0,14.0
2012-05-04,4.5,14.5
2012-05-05,4.0,13.5
2012-05-06,3.5,13.666666666666668
2012-05-07,4.5,13.833333333333332
2012-05-08,3.5,14.0
2012-05-09,3.0,14.5
2012-05-10,4.0,14.0
2012-05-11,3.833333333333333,14.5
2012-05-12,3.666666666666667,14.5
2012-05-13,3.5,14.5
2012-05-14,4.0,14.5
2012-05-15,4.0,14.5
2012-05-16,3.0,14.5
2012-05-17,3.0,14.5
2012-05-18,2.833333333333333,14.5
2012-05-19,2.666666666666667,14.5
2012-05-20,2.5,14.503333333333332
2012-05-21,3.0,14.506666666666668
2012-05-22,2.5,14.51
2012-05-23,2.75,14.5
2012-05-24,2.7214285714285715,14.5
2012-05-25,2.6928571428571426,14.5
2012-05-26,2.6642857142857146,14.55
2012-05-27,2.6357142857142857,14.566666666666668
2012-05-28,2.607142857142857,14.583333333333332
2012-05-29,2.5785714285714283,14.6
2012-05-30,2.55,14.6
2012-05-31,2.75,14.566666666666668
2012-06-01,3.0,14.533333333333333
2012-06-02,3.25,14.5
2012-06-03,3.5,14.503333333333332
2012-06-04,3.75,14.506666666666668
2012-06-05,4.0,14.51
2012-06-06,3.0,14.6
2012-06-07,2.62,14.5
2012-06-08,3.12,14.6
2012-06-09,3.62,14.51
2012-06-10,4.12,14.51
2012-06-11,4.0,14.51
2012-06-12,4.333333333333333,14.51
2012-06-13,4.666666666666667,14.5
2012-06-14,5.0,14.51
2012-06-15,4.833333333333333,14.5
2012-06-16,4.666666666666667,14.5
2012-06-17,4.5,14.333333333333332
2012-06-18,5.0,14.166666666666668
2012-06-19,5.5,14.0
2012-06-20,4.5,14.45
2012-06-21,3.75,14.65
2012-06-22,3.583333333333333,14.6
2012-06-23,3.416666666666667,15.0
2012-06-24,3.25,15.0
2012-06-25,4.0,15.0
2012-06-26,4.0,15.0
2012-06-27,4.0,14.5
2012-06-28,5.5,14.25
2012-06-29,5.166666666666666,14.75
2012-06-30,4.833333333333333,14.7125
2012-07-01,4.5,14.675
2012-07-02,4.5,14.6375
2012-07-03,4.0,14.6
2012-07-04,4.75,14.5
2012-07-05,4.87,14.5
2012-07-06,4.913333333333333,14.6
2012-07-07,4.956666666666667,15.0
2012-07-08,5.0,14.866666666666667
2012-07-09,7.0,14.733333333333333
2012-07-10,4.0,14.6
2012-07-11,4.85,14.6
2012-07-12,4.2,14.5
2012-07-13,3.966666666666667,14.75
2012-07-14,3.733333333333333,14.5
2012-07-15,3.5,14.633333333333333
2012-07-16,3.5,14.766666666666667
2012-07-17,5.0,14.9
2012-07-18,3.75,14.7
2012-07-19,4.0,14.0
2012-07-20,4.25,14.7
2012-07-21,4.5,14.6
2012-07-22,4.75,14.733333333333333
2012-07-23,5.2,14.866666666666667
2012-07-24,4.75,15.0
2012-07-25,4.5,15.0
2012-07-26,4.55,15.0
2012-07-27,4.283333333333333,15.0
2012-07-28,4.016666666666667,15.0
2012-07-29,3.75,15.166666666666668
2012-07-30,3.8,15.333333333333332
2012-07-31,4.0,15.5
2012-08-01,4.5,14.6
2012-08-02,4.25,14.743333333333332
2012-08-03,4.123333333333333,14.886666666666667
2012-08-04,3.996666666666667,15.03
2012-08-05,3.87,15.353333333333332
2012-08-06,4.0,15.676666666666668
2012-08-07,4.25,16.0
2012-08-08,4.65,15.7
2012-08-09,4.5,16.25
2012-08-10,4.286666666666667,16.0
2012-08-11,4.073333333333333,16.0
2012-08-12,3.86,16.0
2012-08-13,4.0,16.0
2012-08-14,4.35,16.0
2012-08-15,5.25,15.9625
2012-08-16,5.62,15.925
2012-08-17,5.413333333333334,15.8875
2012-08-18,5.206666666666666,15.85
2012-08-19,5.0,15.8125
2012-08-20,6.0,15.775
2012-08-21,6.0,15.7375
2012-08-22,5.5,15.7
2012-08-23,5.5,16.5
2012-08-24,5.333333333333334,16.5
2012-08-25,5.166666666666666,16.5
2012-08-26,5.0,17.0
2012-08-27,5.22,17.5
2012-08-28,6.0,18.0
2012-08-29,4.5,18.0
2012-08-30,5.0,17.5
2012-08-31,5.0,15.5
2012-09-01,5.0,17.0
2012-09-02,5.0,17.166666666666668
2012-09-03,4.5,17.333333333333332
2012-09-04,4.0,17.5
2012-09-05,4.0,17.5
2012-09-06,3.75,17.0
2012-09-07,4.0,17.0
2012-09-08,4.25,17.0
2012-09-09,4.5,17.0
2012-09-10,3.5,17.0
2012-09-11,4.5,17.0
2012-09-12,3.87,16.5
2012-09-13,4.25,17.0
2012-09-14,4.166666666666667,16.0
2012-09-15,4.083333333333333,16.0
2012-09-16,4.0,16.333333333333332
2012-09-17,3.8,16.666666666666668
2012-09-18,3.35,17.0
2012-09-19,3.57,16.875
2012-09-20,3.45,16.75
2012-09-21,3.3833333333333333,16.625
2012-09-22,3.316666666666667,16.5
2012-09-23,3.25,16.416666666666668
2012-09-24,4.0,16.333333333333332
2012-09-25,3.7,16.25
2012-09-26,4.0,16.0
2012-09-27,4.0,16.5
2012-09-28,4.05,16.5
2012-09-29,4.1,16.375
2012-09-30,4.15,16.25
2012-10-01,4.2,16.125
2012-10-02,4.25,16.0
2012-10-03,4.0,16.25
2012-10-04,4.75,16.0
2012-10-05,4.54,14.37
2012-10-06,4.33,16.0
2012-10-07,4.12,16.166666666666668
2012-10-08,3.5,16.333333333333332
2012-10-09,4.0,16.5
2012-10-10,4.0,16.25
2012-10-11,4.0,16.5
2012-10-12,4.166666666666667,16.0
2012-10-13,4.333333333333333,16.0
2012-10-14,4.5,16.333333333333332
2012-10-15,4.0,16.666666666666668
2012-10-16,4.5,17.0
2012-10-17,4.75,16.5
2012-10-18,5.0,16.25
2012-10-19,6.166666666666666,16.0
2012-10-20,7.333333333333334,17.0
2012-10-21,8.5,17.083333333333332
2012-10-22,8.0,17.166666666666668
2012-10-23,7.0,17.25
2012-10-24,7.5,17.214285714285708
2012-10-25,7.5,17.17857142857143
2012-10-26,7.166666666666666,17.142857142857142
2012-10-27,6.833333333333334,17.107142857142858
2012-10-28,6.5,17.07142857142857
2012-10-29,7.5,17.035714285714292
2012-10-30,7.5,17.0
2012-10-31,6.25,17.0
2012-11-01,7.0,17.0
2012-11-02,6.833333333333334,16.5
2012-11-03,6.666666666666666,18.0
2012-11-04,6.5,17.5
2012-11-05,6.25,17.0
2012-11-06,6.5,16.5
2012-11-07,6.5,16.5
2012-11-08,4.75,17.0
2012-11-09,5.5,19.0
2012-11-10,6.25,17.0
2012-11-11,7.0,17.083333333333332
2012-11-12,4.75,17.166666666666668
2012-11-13,6.0,17.25
2012-11-14,4.0,17.333333333333332
2012-11-15,4.05,17.416666666666668
2012-11-16,4.866666666666667,17.5
2012-11-17,5.683333333333334,19.0
2012-11-18,6.5,19.166666666666668
2012-11-19,8.0,19.33333333333333
2012-11-20,9.0,19.5
2012-11-21,8.25,17.0
2012-11-22,8.0,18.5
2012-11-23,7.583333333333334,18.0
2012-11-24,7.166666666666666,18.0
2012-11-25,6.75,17.833333333333332
2012-11-26,7.5,17.666666666666668
2012-11-27,5.5,17.5
2012-11-28,7.0,18.0
2012-11-29,6.5,18.0
2012-11-30,6.7,17.0
2012-12-01,6.9,17.5
2012-12-02,7.1,18.0
2012-12-03,7.3,18.5
2012-12-04,7.5,19.0
2012-12-05,7.5,19.0
2012-12-06,7.75,18.0
2012-12-07,7.916666666666666,18.25
2012-12-08,8.083333333333334,18.0
2012-12-09,8.25,18.33333333333333
2012-12-10,8.5,18.666666666666668
2012-12-11,8.75,19.0
2012-12-12,9.0,18.83333333333333
2012-12-13,9.25,18.666666666666668
2012-12-14,9.5,18.5
2012-12-15,9.75,18.5
2012-12-16,10.0,18.456666666666667
2012-12-17,9.5,18.413333333333334
2012-12-18,9.5,18.37
2012-12-19,10.0,18.75
2012-12-20,8.5,17.5
2012-12-21,8.833333333333334,20.12
2012-12-22,9.166666666666666,18.0
2012-12-23,9.5,18.58333333333333
2012-12-24,8.5,19.166666666666668
2012-12-25,10.0,19.75
2012-12-26,9.0,19.75
2012-12-27,10.0,19.45833333333333
2012-12-28,9.625,19.166666666666668
2012-12-29,9.25,18.875
2012-12-30,8.875,18.58333333333333
2012-12-31,8.5,18.291666666666668
2013-01-01,9.0,18.0
2013-01-02,8.5,19.5
2013-01-03,8.5,18.25
2013-01-04,8.333333333333334,17.75
2013-01-05,8.166666666666666,16.32
2013-01-06,8.0,17.88
2013-01-07,9.0,19.44
2013-01-08,9.0,21.0
2013-01-09,9.75,21.166666666666664
2013-01-10,8.5,21.333333333333336
2013-01-11,8.666666666666666,21.5
2013-01-12,8.833333333333334,18.75
2013-01-13,9.0,18.55
2013-01-14,8.0,18.35
2013-01-15,9.0,18.15
2013-01-16,8.0,17.95
2013-01-17,10.0,17.75
2013-01-18,10.0,19.25
2013-01-19,10.0,17.62
2013-01-20,10.0,18.413333333333334
2013-01-21,8.5,19.206666666666667
2013-01-22,14.0,20.0
2013-01-23,12.5,20.0
2013-01-24,14.0,20.0
2013-01-25,14.0,19.95
2013-01-26,14.0,19.9
2013-01-27,14.0,19.85
2013-01-28,14.0,19.8
2013-01-29,17.5,19.75
2013-01-30,17.214285714285708,20.25
2013-01-31,16.92857142857143,20.02
2013-02-01,16.642857142857142,19.79
2013-02-02,16.357142857142858,19.56
2013-02-03,16.07142857142857,19.33
2013-02-04,15.785714285714285,19.1
2013-02-05,15.5,18.87
2013-02-06,14.0,19.37
2013-02-07,14.5,18.0
2013-02-08,14.5,19.35
2013-02-09,14.5,16.75
2013-02-10,14.5,16.75
2013-02-11,14.0,16.75
2013-02-12,13.5,16.75
2013-02-13,11.0,17.5
2013-02-14,12.5,17.75
2013-02-15,13.666666666666668,18.81
2013-02-16,14.833333333333332,17.0
2013-02-17,16.0,17.141
2013-02-18,10.0,17.282
2013-02-19,12.0,17.423
2013-02-20,14.0,17.564
2013-02-21,12.0,17.705
2013-02-22,11.833333333333332,17.846
2013-02-23,11.666666666666668,17.987000000000005
2013-02-24,11.5,18.128
2013-02-25,12.5,18.269
2013-02-26,11.0,18.41
2013-02-27,11.0,19.0
2013-02-28,11.0,18.5
2013-03-01,10.0,16.75
2013-03-02,9.0,18.0
2013-03-03,8.0,17.666666666666668
2013-03-04,11.0,17.333333333333332
2013-03-05,10.0,17.0
2013-03-06,12.0,17.0
2013-03-07,9.0,18.5
2013-03-08,8.666666666666666,18.0
2013-03-09,8.333333333333334,18.0
2013-03-10,8.0,18.166666666666668
2013-03-11,9.0,18.33333333333333
2013-03-12,10.0,18.5
2013-03-13,10.0,18.0
2013-03-14,8.5,18.0
2013-03-15,8.0,18.0
2013-03-16,7.5,19.0
2013-03-17,7.0,19.0
2013-03-18,7.0,19.0
2013-03-19,7.5,19.0
2013-03-20,6.5,18.0
2013-03-21,7.5,18.0
2013-03-22,7.5,18.0
2013-03-23,7.5,18.0
2013-03-24,7.5,18.466666666666672
2013-03-25,6.5,18.933333333333334
2013-03-26,7.0,19.4
2013-03-27,6.85,18.85
2013-03-28,6.7,18.3
2013-03-29,6.55,17.75
2013-03-30,6.4,18.0
2013-03-31,6.25,17.75
2013-04-01,6.5,17.5
2013-04-02,6.5,17.25
2013-04-03,6.0,18.5
2013-04-04,6.25,19.5
2013-04-05,6.25,19.75
2013-04-06,6.25,19.75
2013-04-07,6.25,19.58333333333333
2013-04-08,5.0,19.416666666666668
2013-04-09,6.0,19.25
2013-04-10,10.0,19.5
2013-04-11,8.0,19.416666666666668
2013-04-12,7.833333333333334,19.33333333333333
2013-04-13,7.666666666666666,19.25
2013-04-14,7.5,19.4
2013-04-15,6.0,19.55
2013-04-16,6.0,19.7
2013-04-17,5.5,19.85
2013-04-18,5.625,20.0
2013-04-19,5.75,20.15
2013-04-20,5.875,20.3
2013-04-21,6.0,20.45
2013-04-22,6.0,20.6
2013-04-23,5.5,20.75
2013-04-24,5.0,19.916666666666668
2013-04-25,6.0,19.08333333333333
2013-04-26,6.0,18.25
2013-04-27,6.0,19.5
2013-04-28,6.0,20.08333333333333
2013-04-29,6.0,20.666666666666664
2013-04-30,6.0,21.25
2013-05-01,7.25,21.833333333333336
2013-05-02,6.5,22.416666666666664
2013-05-03,6.5,23.0
2013-05-04,6.5,19.5
2013-05-05,6.5,19.375
2013-05-06,6.0,19.25
2013-05-07,6.5,19.125
2013-05-08,6.0,19.0
2013-05-09,5.5,18.75
2013-05-10,5.9,18.0
2013-05-11,6.3,18.03
2013-05-12,6.7,18.06
2013-05-13,7.1,18.09
2013-05-14,7.5,18.12
2013-05-15,6.0,17.5
2013-05-16,8.0,18.0
2013-05-17,7.333333333333334,17.5
2013-05-18,6.666666666666666,20.0
2013-05-19,6.0,19.33333333333333
2013-05-20,5.5,18.666666666666668
2013-05-21,6.0,18.0
2013-05-22,5.5,21.5
2013-05-23,5.5,18.12
2013-05-24,5.666666666666666,19.5
2013-05-25,5.833333333333334,18.0
2013-05-26,6.0,18.83333333333333
2013-05-27,5.5,19.666666666666668
2013-05-28,5.5,20.5
2013-05-29,7.5,18.75
2013-05-30,9.0,19.0
2013-05-31,8.833333333333334,19.0
2013-06-01,8.666666666666666,20.5
2013-06-02,8.5,19.08333333333333
2013-06-03,9.5,17.666666666666668
2013-06-04,10.0,16.25
2013-06-05,8.5,17.623333333333328
2013-06-06,11.25,18.996666666666666
2013-06-07,11.666666666666668,20.37
2013-06-08,12.083333333333332,19.5
2013-06-09,12.5,19.29
2013-06-10,11.75,19.08
2013-06-11,10.0,18.87
2013-06-12,10.5,19.5
2013-06-13,9.0,17.75
2013-06-14,9.166666666666666,18.0
2013-06-15,9.333333333333334,21.37
2013-06-16,9.5,20.163333333333334
2013-06-17,10.5,18.956666666666667
2013-06-18,10.0,17.75
2013-06-19,11.0,19.0
2013-06-20,13.5,17.0
2013-06-21,12.75,19.0
2013-06-22,12.0,18.0
2013-06-23,11.25,18.5
2013-06-24,11.25,19.0
2013-06-25,13.0,19.5
2013-06-26,12.5,18.5
2013-06-27,12.5,17.5
2013-06-28,12.166666666666668,16.5
2013-06-29,11.833333333333332,18.5
2013-06-30,11.5,18.875
2013-07-01,12.5,19.25
2013-07-02,11.5,19.625
2013-07-03,14.0,20.0
2013-07-04,18.0,19.0
2013-07-05,18.83333333333333,18.9
2013-07-06,19.666666666666668,20.0
2013-07-07,20.5,19.666666666666668
2013-07-08,21.5,19.33333333333333
2013-07-09,19.0,19.0
2013-07-10,18.5,18.9375
2013-07-11,18.5,18.875
2013-07-12,18.33333333333333,18.8125
2013-07-13,18.166666666666668,18.75
2013-07-14,18.0,19.33333333333333
2013-07-15,18.0,19.916666666666668
2013-07-16,18.5,20.5
2013-07-17,19.0,18.0
2013-07-18,26.0,18.25
2013-07-19,22.5,18.5
2013-07-20,19.0,18.75
2013-07-21,15.5,19.0
2013-07-22,19.0,19.25
2013-07-23,17.75,19.5
2013-07-24,15.5,19.75
2013-07-25,14.0,20.0
2013-07-26,14.333333333333332,18.12
2013-07-27,14.666666666666668,18.75
2013-07-28,15.0,18.83333333333333
2013-07-29,19.5,18.916666666666668
2013-07-30,19.5,19.0
2013-07-31,18.0,17.0
2013-08-01,20.0,17.583333333333332
2013-08-02,21.541666666666664,18.166666666666668
2013-08-03,23.083333333333336,18.75
2013-08-04,24.625,18.68
2013-08-05,26.166666666666664,18.61
2013-08-06,27.70833333333333,18.54
2013-08-07,29.25,18.47
2013-08-08,30.791666666666664,18.4
2013-08-09,32.33333333333333,18.33
2013-08-10,33.875,18.26
2013-08-11,35.416666666666664,18.19
2013-08-12,36.95833333333333,18.12
2013-08-13,38.5,18.05
2013-08-14,31.5,17.12
2013-08-15,31.625,17.28666666666667
2013-08-16,31.75,17.453333333333333
2013-08-17,31.875,17.62
2013-08-18,32.0,18.096
2013-08-19,32.125,18.572
2013-08-20,32.25,19.048
2013-08-21,32.375,19.524
2013-08-22,32.5,20.0
2013-08-23,31.9,17.0
2013-08-24,31.3,16.5
2013-08-25,30.7,16.568181818181817
2013-08-26,30.1,16.636363636363637
2013-08-27,29.5,16.704545454545453
2013-08-28,26.5,16.772727272727273
2013-08-29,26.892857142857146,16.84090909090909
2013-08-30,27.285714285714285,16.90909090909091
2013-08-31,27.67857142857143,16.977272727272727
2013-09-01,28.07142857142857,17.045454545454547
2013-09-02,28.464285714285715,17.113636363636363
2013-09-03,28.857142857142854,17.181818181818183
2013-09-04,29.25,17.25
2013-09-05,29.642857142857146,17.5
2013-09-06,30.035714285714285,17.75
2013-09-07,30.42857142857143,18.0
2013-09-08,30.82142857142857,17.75
2013-09-09,31.214285714285715,17.5
2013-09-10,31.607142857142854,17.25
2013-09-11,32.0,17.0
2013-09-12,23.5,17.11111111111111
2013-09-13,23.291666666666664,17.22222222222222
2013-09-14,23.083333333333336,17.333333333333332
2013-09-15,22.875,17.444444444444443
2013-09-16,22.666666666666664,17.555555555555557
2013-09-17,22.458333333333336,17.666666666666668
2013-09-18,22.25,17.777777777777782
2013-09-19,22.041666666666664,17.88888888888889
2013-09-20,21.833333333333336,18.0
2013-09-21,21.625,17.72
2013-09-22,21.416666666666664,17.23
2013-09-23,21.208333333333336,16.74
2013-09-24,21.0,16.25
2013-09-25,27.5,17.12
2013-09-26,22.5,19.08
2013-09-27,22.75,17.5
2013-09-28,23.0,15.5
2013-09-29,23.25,15.95
2013-09-30,23.5,16.4
2013-10-01,23.75,16.85
2013-10-02,22.5,17.3
2013-10-03,19.0,17.75
2013-10-04,18.55,14.5
2013-10-05,18.1,18.75
2013-10-06,17.65,18.79
2013-10-07,17.2,18.83
2013-10-08,16.75,18.87
2013-10-09,24.0,18.353333333333328
2013-10-10,19.5,17.836666666666666
2013-10-11,19.625,17.32
2013-10-12,19.75,17.48857142857143
2013-10-13,19.875,17.65714285714286
2013-10-14,20.0,17.82571428571429
2013-10-15,21.0,17.99428571428571
2013-10-16,20.0,18.162857142857145
2013-10-17,19.0,18.33142857142857
2013-10-18,18.0,18.5
2013-10-19,17.0,18.0
2013-10-20,16.0,18.33333333333333
2013-10-21,17.0,18.666666666666668
2013-10-22,20.0,19.0
2013-10-23,23.0,20.0
2013-10-24,26.0,19.11
2013-10-25,22.25,19.03375
2013-10-26,22.25,18.9575
2013-10-27,21.166666666666664,18.88125
2013-10-28,20.08333333333333,18.805
2013-10-29,19.0,18.72875
2013-10-30,19.0,18.6525
2013-10-31,16.25,18.57625
2013-11-01,17.285714285714292,18.5
2013-11-02,18.32142857142857,18.5
2013-11-03,19.357142857142858,18.5
2013-11-04,20.392857142857142,18.5
2013-11-05,21.42857142857143,18.5
2013-11-06,22.464285714285715,18.5
2013-11-07,23.5,18.5
2013-11-08,23.8,18.5
2013-11-09,24.1,18.5
2013-11-10,24.4,18.5
2013-11-11,24.7,18.5
2013-11-12,25.0,18.5
2013-11-13,20.0,18.5
2013-11-14,18.75,18.5
2013-11-15,18.45833333333333,18.5
2013-11-16,18.166666666666668,18.5
2013-11-17,17.875,18.5
2013-11-18,17.583333333333332,18.5
2013-11-19,17.291666666666668,18.5
2013-11-20,17.0,18.5
2013-11-21,17.125,18.5
2013-11-22,17.25,18.5
2013-11-23,17.375,18.5
2013-11-24,17.5,18.5
2013-11-25,17.625,18.5
2013-11-26,17.75,18.5
2013-11-27,17.0,18.5
2013-11-28,14.5,18.5
2013-11-29,13.833333333333332,18.5
2013-11-30,13.166666666666668,18.5
2013-12-01,12.5,18.5
2013-12-02,11.833333333333332,18.5
2013-12-03,11.166666666666664,18.5
2013-12-04,10.5,18.5
2013-12-05,12.0,18.5
2013-12-06,12.333333333333332,18.5
2013-12-07,12.666666666666668,18.5
2013-12-08,13.0,18.5
2013-12-09,13.0,18.5
2013-12-10,13.0,18.5
2013-12-11,13.0,18.5
2013-12-12,12.0,18.5
2013-12-13,11.5,18.5
2013-12-14,11.0,18.5
2013-12-15,10.5,18.5
2013-12-16,10.0,18.5
2013-12-17,9.5,18.5
2013-12-18,9.071428571428571,18.5
2013-12-19,8.642857142857144,18.5
2013-12-20,8.214285714285715,18.5
2013-12-21,7.7857142857142865,18.5
2013-12-22,7.357142857142858,18.5
2013-12-23,6.928571428571429,18.5
2013-12-24,6.5,18.5
2013-12-25,6.25,18.5
2013-12-26,6.25,18.5
2013-12-27,6.571428571428571,18.5
2013-12-28,6.892857142857142,18.5
2013-12-29,7.2142857142857135,18.5
2013-12-30,7.5357142857142865,18.5
2013-12-31,7.857142857142858,18.5
2014-01-01,8.178571428571429,18.5
2014-01-02,8.5,18.5
2014-01-03,8.8,18.5
2014-01-04,9.1,18.5
2014-01-05,9.4,18.5
2014-01-06,9.7,18.5
2014-01-07,10.0,18.5
2014-01-08,9.0,18.5
2014-01-09,8.5,18.5
2014-01-10,8.538461538461537,18.5
2014-01-11,8.576923076923077,18.5
2014-01-12,8.615384615384615,18.5
2014-01-13,8.653846153846152,18.5
2014-01-14,8.692307692307693,18.5
2014-01-15,8.730769230769232,18.5
2014-01-16,8.769230769230768,18.5
2014-01-17,8.807692307692307,18.5
2014-01-18,8.846153846153848,18.5
2014-01-19,8.884615384615385,18.5
2014-01-20,8.923076923076922,18.5
2014-01-21,8.961538461538463,18.5
2014-01-22,9.0,18.5
2014-01-23,7.0,18.5
2014-01-24,6.7,18.5
2014-01-25,6.4,18.5
2014-01-26,6.1,18.5
2014-01-27,5.8,18.5
2014-01-28,5.5,18.5
2014-01-29,5.0,18.5
2014-01-30,5.083333333333333,18.5
2014-01-31,5.166666666666666,18.5
2014-02-01,5.25,18.5
2014-02-02,5.333333333333334,18.5
2014-02-03,5.416666666666666,18.5
2014-02-04,5.5,18.5
2014-02-05,5.5,18.5
2014-02-06,5.5,18.5
2014-02-07,5.5,18.5
2014-02-08,5.5,18.5
2014-02-09,5.5,18.5
2014-02-10,5.5,18.5
2014-02-11,5.5,18.5
2014-02-12,5.5,18.5
2014-02-13,5.5,18.5
2014-02-14,5.5,18.5
2014-02-15,5.5,18.5
2014-02-16,5.5,18.5
2014-02-17,5.5,18.5
2014-02-18,5.5,18.5
2014-02-19,5.5,18.5
2014-02-20,5.5,18.5
2014-02-21,5.5,18.5
2014-02-22,5.5,18.5
2014-02-23,5.5,18.5
2014-02-24,5.5,18.5
2014-02-25,5.5,18.5
2014-02-26,5.5,18.5
2014-02-27,5.5,18.5
2014-02-28,5.5,18.5
2014-03-01,5.5,18.5
2014-03-02,5.5,18.5
2014-03-03,5.5,18.5
2014-03-04,5.5,18.5
2014-03-05,5.75,18.5
2014-03-06,6.0,18.5
2014-03-07,6.0,18.5
2014-03-08,6.0,18.5
2014-03-09,6.0,18.5
2014-03-10,5.9444444444444455,18.5
2014-03-11,5.888888888888888,18.5
2014-03-12,5.833333333333334,18.5
2014-03-13,5.777777777777778,18.5
2014-03-14,5.722222222222222,18.5
2014-03-15,5.666666666666666,18.5
2014-03-16,5.611111111111112,18.5
2014-03-17,5.5555555555555545,18.5
2014-03-18,5.5,18.5
2014-03-19,6.0,18.5
2014-03-20,6.0,18.5
2014-03-21,6.0,18.5
2014-03-22,6.0,18.5
2014-03-23,6.0,18.5
2014-03-24,6.0,18.5
2014-03-25,6.0,18.5
2014-03-26,6.0,18.5
2014-03-27,6.0,18.5
2014-03-28,6.0,18.5
2014-03-29,6.0,18.5
2014-03-30,6.0,18.5
2014-03-31,6.0,18.5
