date,Wheat
2005-01-01,11.98
2005-01-02,11.98
2005-01-03,11.98
2005-01-04,11.98
2005-01-05,7.34
2005-01-06,7.29
2005-01-07,7.31
2005-01-08,7.29962962962963
2005-01-09,7.28925925925926
2005-01-10,7.278888888888888
2005-01-11,7.268518518518517
2005-01-12,7.2581481481481465
2005-01-13,7.247777777777778
2005-01-14,7.237407407407407
2005-01-15,7.227037037037038
2005-01-16,7.216666666666666
2005-01-17,7.206296296296298
2005-01-18,7.195925925925926
2005-01-19,7.185555555555554
2005-01-20,7.175185185185184
2005-01-21,7.164814814814815
2005-01-22,7.1544444444444455
2005-01-23,7.144074074074074
2005-01-24,7.133703703703703
2005-01-25,7.123333333333334
2005-01-26,7.112962962962962
2005-01-27,7.102592592592592
2005-01-28,7.0922222222222215
2005-01-29,7.0818518518518525
2005-01-30,7.071481481481483
2005-01-31,7.061111111111112
2005-02-01,7.050740740740742
2005-02-02,7.040370370370371
2005-02-03,7.03
2005-02-04,7.0196296296296286
2005-02-05,7.00925925925926
2005-02-06,6.998888888888889
2005-02-07,6.988518518518518
2005-02-08,6.978148148148147
2005-02-09,6.967777777777778
2005-02-10,6.957407407407408
2005-02-11,6.947037037037037
2005-02-12,6.9366666666666665
2005-02-13,6.9262962962962975
2005-02-14,6.915925925925926
2005-02-15,6.905555555555555
2005-02-16,6.895185185185184
2005-02-17,6.884814814814815
2005-02-18,6.874444444444443
2005-02-19,6.8640740740740736
2005-02-20,6.853703703703704
2005-02-21,6.843333333333334
2005-02-22,6.832962962962962
2005-02-23,6.822592592592592
2005-02-24,6.812222222222222
2005-02-25,6.801851851851853
2005-02-26,6.7914814814814815
2005-02-27,6.7811111111111115
2005-02-28,6.7707407407407425
2005-03-01,6.760370370370372
2005-03-02,6.75
2005-03-03,6.69
2005-03-04,6.7
2005-03-05,6.44
2005-03-06,6.458571428571429
2005-03-07,6.477142857142858
2005-03-08,6.4957142857142856
2005-03-09,6.514285714285713
2005-03-10,6.532857142857143
2005-03-11,6.551428571428571
2005-03-12,6.57
2005-03-13,6.533333333333334
2005-03-14,6.496666666666666
2005-03-15,6.46
2005-03-16,6.58
2005-03-17,6.55
2005-03-18,6.5
2005-03-19,6.5
2005-03-20,6.48
2005-03-21,6.46
2005-03-22,6.44
2005-03-23,6.42
2005-03-24,6.44
2005-03-25,6.4220000000000015
2005-03-26,6.404
2005-03-27,6.386
2005-03-28,6.3679999999999986
2005-03-29,6.35
2005-03-30,6.331428571428571
2005-03-31,6.312857142857142
2005-04-01,6.2942857142857145
2005-04-02,6.275714285714287
2005-04-03,6.257142857142856
2005-04-04,6.238571428571429
2005-04-05,6.22
2005-04-06,6.238666666666667
2005-04-07,6.2573333333333325
2005-04-08,6.276
2005-04-09,6.294666666666667
2005-04-10,6.3133333333333335
2005-04-11,6.332000000000002
2005-04-12,6.350666666666667
2005-04-13,6.369333333333333
2005-04-14,6.388
2005-04-15,6.406666666666666
2005-04-16,6.425333333333333
2005-04-17,6.444
2005-04-18,6.462666666666666
2005-04-19,6.481333333333334
2005-04-20,6.5
2005-04-21,6.491666666666666
2005-04-22,6.4833333333333325
2005-04-23,6.475
2005-04-24,6.466666666666666
2005-04-25,6.458333333333334
2005-04-26,6.45
2005-04-27,6.44
2005-04-28,6.4366666666666665
2005-04-29,6.433333333333334
2005-04-30,6.43
2005-05-01,6.423333333333334
2005-05-02,6.416666666666666
2005-05-03,6.41
2005-05-04,6.45
2005-05-05,6.54
2005-05-06,6.5
2005-05-07,6.58
2005-05-08,6.583333333333334
2005-05-09,6.586666666666666
2005-05-10,6.59
2005-05-11,6.593333333333334
2005-05-12,6.596666666666668
2005-05-13,6.6
2005-05-14,7.2
2005-05-15,7.198125
2005-05-16,7.19625
2005-05-17,7.194375
2005-05-18,7.1925
2005-05-19,7.190625
2005-05-20,7.18875
2005-05-21,7.186875
2005-05-22,7.185
2005-05-23,7.183125
2005-05-24,7.18125
2005-05-25,7.179375
2005-05-26,7.1775
2005-05-27,7.175625
2005-05-28,7.17375
2005-05-29,7.171875
2005-05-30,7.17
2005-05-31,7.168125
2005-06-01,7.16625
2005-06-02,7.164375
2005-06-03,7.1625
2005-06-04,7.160625
2005-06-05,7.15875
2005-06-06,7.156875
2005-06-07,7.155
2005-06-08,7.153125
2005-06-09,7.15125
2005-06-10,7.149375
2005-06-11,7.1475
2005-06-12,7.145625
2005-06-13,7.14375
2005-06-14,7.141875
2005-06-15,7.14
2005-06-16,7.138125
2005-06-17,7.13625
2005-06-18,7.134375
2005-06-19,7.1325
2005-06-20,7.130625
2005-06-21,7.12875
2005-06-22,7.126875
2005-06-23,7.125
2005-06-24,7.123125
2005-06-25,7.12125
2005-06-26,7.119375
2005-06-27,7.1175
2005-06-28,7.115625
2005-06-29,7.11375
2005-06-30,7.111875
2005-07-01,7.11
2005-07-02,7.26
2005-07-03,7.27
2005-07-04,7.28
2005-07-05,7.29
2005-07-06,7.293333333333334
2005-07-07,7.296666666666666
2005-07-08,7.3
2005-07-09,7.3175
2005-07-10,7.335
2005-07-11,7.3525
2005-07-12,7.37
2005-07-13,7.382857142857143
2005-07-14,7.395714285714287
2005-07-15,7.408571428571429
2005-07-16,7.421428571428571
2005-07-17,7.434285714285713
2005-07-18,7.4471428571428575
2005-07-19,7.46
2005-07-20,7.49
2005-07-21,7.37
2005-07-22,7.48
2005-07-23,7.45
2005-07-24,7.423333333333334
2005-07-25,7.396666666666666
2005-07-26,7.37
2005-07-27,7.366666666666666
2005-07-28,7.363333333333332
2005-07-29,7.36
2005-07-30,7.35
2005-07-31,7.44
2005-08-01,7.53
2005-08-02,7.62
2005-08-03,7.71
2005-08-04,7.8
2005-08-05,7.33
2005-08-06,7.45
2005-08-07,7.41
2005-08-08,7.37
2005-08-09,7.33
2005-08-10,7.37
2005-08-11,7.35
2005-08-12,7.36
2005-08-13,7.28
2005-08-14,7.296
2005-08-15,7.312
2005-08-16,7.3279999999999985
2005-08-17,7.3439999999999985
2005-08-18,7.36
2005-08-19,7.376
2005-08-20,7.392
2005-08-21,7.407999999999999
2005-08-22,7.423999999999999
2005-08-23,7.44
2005-08-24,7.45
2005-08-25,7.43
2005-08-26,7.46
2005-08-27,7.445
2005-08-28,7.43
2005-08-29,7.415
2005-08-30,7.4
2005-08-31,7.47
2005-09-01,7.456666666666666
2005-09-02,7.4433333333333325
2005-09-03,7.43
2005-09-04,7.416666666666666
2005-09-05,7.403333333333332
2005-09-06,7.39
2005-09-07,7.36
2005-09-08,7.37
2005-09-09,7.34
2005-09-10,7.3825
2005-09-11,7.425
2005-09-12,7.4675
2005-09-13,7.51
2005-09-14,7.27
2005-09-15,7.29
2005-09-16,7.36
2005-09-17,7.52
2005-09-18,7.46
2005-09-19,7.4
2005-09-20,7.34
2005-09-21,7.35
2005-09-22,7.33
2005-09-23,7.3
2005-09-24,7.34
2005-09-25,7.346666666666668
2005-09-26,7.353333333333333
2005-09-27,7.36
2005-09-28,7.35
2005-09-29,7.47
2005-09-30,7.38
2005-10-01,7.38
2005-10-02,7.3916666666666675
2005-10-03,7.403333333333332
2005-10-04,7.415
2005-10-05,7.426666666666666
2005-10-06,7.438333333333333
2005-10-07,7.45
2005-10-08,7.48
2005-10-09,7.5
2005-10-10,7.52
2005-10-11,7.54
2005-10-12,7.56
2005-10-13,7.58
2005-10-14,7.6
2005-10-15,7.62
2005-10-16,7.64
2005-10-17,7.66
2005-10-18,7.68
2005-10-19,7.7
2005-10-20,7.5
2005-10-21,7.5
2005-10-22,7.71
2005-10-23,7.706666666666666
2005-10-24,7.703333333333334
2005-10-25,7.7
2005-10-26,7.68
2005-10-27,7.7
2005-10-28,7.64
2005-10-29,7.7
2005-10-30,7.728
2005-10-31,7.756
2005-11-01,7.784
2005-11-02,7.812
2005-11-03,7.84
2005-11-04,7.8679999999999986
2005-11-05,7.896
2005-11-06,7.923999999999999
2005-11-07,7.952000000000001
2005-11-08,7.98
2005-11-09,8.0
2005-11-10,7.99
2005-11-11,8.0
2005-11-12,7.7
2005-11-13,7.757999999999999
2005-11-14,7.816
2005-11-15,7.874
2005-11-16,7.932
2005-11-17,7.99
2005-11-18,7.96
2005-11-19,7.93
2005-11-20,7.93
2005-11-21,7.93
2005-11-22,7.93
2005-11-23,7.94
2005-11-24,7.95
2005-11-25,7.97
2005-11-26,7.98
2005-11-27,7.9766666666666675
2005-11-28,7.973333333333334
2005-11-29,7.97
2005-11-30,7.97
2005-12-01,7.896666666666666
2005-12-02,7.823333333333334
2005-12-03,7.75
2005-12-04,7.753333333333334
2005-12-05,7.756666666666666
2005-12-06,7.76
2005-12-07,7.74
2005-12-08,7.78
2005-12-09,7.78
2005-12-10,7.75
2005-12-11,7.683333333333334
2005-12-12,7.616666666666666
2005-12-13,7.55
2005-12-14,7.76
2005-12-15,7.75
2005-12-16,7.89
2005-12-17,7.83
2005-12-18,7.873333333333334
2005-12-19,7.916666666666666
2005-12-20,7.96
2005-12-21,7.9
2005-12-22,8.0
2005-12-23,7.9
2005-12-24,8.11
2005-12-25,8.15
2005-12-26,8.19
2005-12-27,8.23
2005-12-28,8.3
2005-12-29,8.37
2005-12-30,8.44
2005-12-31,8.46
2006-01-01,8.48
2006-01-02,8.5
2006-01-03,8.52
2006-01-04,8.49
2006-01-05,8.47
2006-01-06,8.46
2006-01-07,8.45
2006-01-08,8.55
2006-01-09,8.65
2006-01-10,8.75
2006-01-11,8.87
2006-01-12,8.99
2006-01-13,9.11
2006-01-14,9.115
2006-01-15,9.12
2006-01-16,9.125
2006-01-17,9.13
2006-01-18,9.11
2006-01-19,9.09
2006-01-20,9.07
2006-01-21,9.08
2006-01-22,8.853333333333332
2006-01-23,8.626666666666667
2006-01-24,8.4
2006-01-25,8.51
2006-01-26,8.34
2006-01-27,8.17
2006-01-28,8.0
2006-01-29,8.083333333333334
2006-01-30,8.166666666666666
2006-01-31,8.25
2006-02-01,8.19
2006-02-02,8.38
2006-02-03,8.11
2006-02-04,8.27
2006-02-05,8.213333333333333
2006-02-06,8.156666666666666
2006-02-07,8.1
2006-02-08,8.1725
2006-02-09,8.245
2006-02-10,8.3175
2006-02-11,8.39
2006-02-12,8.38
2006-02-13,8.37
2006-02-14,8.36
2006-02-15,8.35
2006-02-16,8.34
2006-02-17,8.32
2006-02-18,8.32
2006-02-19,8.32
2006-02-20,8.0
2006-02-21,8.15
2006-02-22,7.9
2006-02-23,8.0
2006-02-24,7.93
2006-02-25,7.88
2006-02-26,7.715
2006-02-27,7.55
2006-02-28,7.385
2006-03-01,7.22
2006-03-02,7.28
2006-03-03,7.69
2006-03-04,7.7
2006-03-05,7.7333333333333325
2006-03-06,7.7666666666666675
2006-03-07,7.8
2006-03-08,7.81
2006-03-09,7.25
2006-03-10,7.88
2006-03-11,8.01
2006-03-12,7.71
2006-03-13,7.41
2006-03-14,7.11
2006-03-15,6.973333333333334
2006-03-16,6.836666666666666
2006-03-17,6.7
2006-03-18,6.7
2006-03-19,6.855
2006-03-20,7.01
2006-03-21,7.165
2006-03-22,7.32
2006-03-23,7.25
2006-03-24,7.18
2006-03-25,7.1
2006-03-26,7.113333333333332
2006-03-27,7.126666666666666
2006-03-28,7.14
2006-03-29,7.177142857142857
2006-03-30,7.2142857142857135
2006-03-31,7.251428571428571
2006-04-01,7.288571428571429
2006-04-02,7.3257142857142865
2006-04-03,7.362857142857143
2006-04-04,7.4
2006-04-05,7.35
2006-04-06,7.35
2006-04-07,7.3875
2006-04-08,7.425
2006-04-09,7.4625
2006-04-10,7.5
2006-04-11,7.5375
2006-04-12,7.575
2006-04-13,7.6125
2006-04-14,7.65
2006-04-15,7.6875
2006-04-16,7.725
2006-04-17,7.7625
2006-04-18,7.8
2006-04-19,8.16
2006-04-20,8.25
2006-04-21,7.9
2006-04-22,8.0
2006-04-23,8.1
2006-04-24,8.2
2006-04-25,8.3
2006-04-26,8.54
2006-04-27,8.493333333333334
2006-04-28,8.446666666666665
2006-04-29,8.4
2006-04-30,8.3975
2006-05-01,8.395
2006-05-02,8.3925
2006-05-03,8.39
2006-05-04,8.5
2006-05-05,8.5
2006-05-06,8.6
2006-05-07,8.56
2006-05-08,8.52
2006-05-09,8.48
2006-05-10,8.6
2006-05-11,8.53
2006-05-12,10.39
2006-05-13,9.965
2006-05-14,9.54
2006-05-15,9.115
2006-05-16,8.69
2006-05-17,8.49
2006-05-18,8.4
2006-05-19,8.4
2006-05-20,8.25
2006-05-21,8.333333333333334
2006-05-22,8.416666666666666
2006-05-23,8.5
2006-05-24,8.25
2006-05-25,8.0
2006-05-26,8.4
2006-05-27,8.275
2006-05-28,8.15
2006-05-29,8.025
2006-05-30,7.9
2006-05-31,7.5
2006-06-01,8.0
2006-06-02,8.11
2006-06-03,8.39
2006-06-04,8.333333333333334
2006-06-05,8.276666666666666
2006-06-06,8.22
2006-06-07,8.45
2006-06-08,8.3
2006-06-09,8.08
2006-06-10,8.38
2006-06-11,8.446666666666665
2006-06-12,8.513333333333334
2006-06-13,8.58
2006-06-14,8.64
2006-06-15,8.61
2006-06-16,8.6
2006-06-17,8.55
2006-06-18,8.55
2006-06-19,8.55
2006-06-20,8.55
2006-06-21,8.56
2006-06-22,8.45
2006-06-23,8.0
2006-06-24,8.0
2006-06-25,8.116666666666667
2006-06-26,8.233333333333334
2006-06-27,8.35
2006-06-28,8.5
2006-06-29,8.78
2006-06-30,8.55
2006-07-01,8.66
2006-07-02,8.673333333333334
2006-07-03,8.686666666666666
2006-07-04,8.7
2006-07-05,8.57
2006-07-06,8.6
2006-07-07,8.55
2006-07-08,8.4
2006-07-09,8.43
2006-07-10,8.46
2006-07-11,8.49
2006-07-12,8.54
2006-07-13,8.49
2006-07-14,8.58
2006-07-15,8.68
2006-07-16,8.68
2006-07-17,8.68
2006-07-18,8.68
2006-07-19,8.78
2006-07-20,8.92
2006-07-21,8.8
2006-07-22,8.68
2006-07-23,8.698
2006-07-24,8.716000000000001
2006-07-25,8.734
2006-07-26,8.752
2006-07-27,8.77
2006-07-28,8.756666666666666
2006-07-29,8.743333333333334
2006-07-30,8.73
2006-07-31,8.716666666666667
2006-08-01,8.703333333333333
2006-08-02,8.69
2006-08-03,8.71
2006-08-04,8.76
2006-08-05,8.76
2006-08-06,8.76
2006-08-07,8.76
2006-08-08,8.76
2006-08-09,8.8425
2006-08-10,8.925
2006-08-11,9.0075
2006-08-12,9.09
2006-08-13,9.131
2006-08-14,9.172
2006-08-15,9.213
2006-08-16,9.254
2006-08-17,9.295
2006-08-18,9.336
2006-08-19,9.377
2006-08-20,9.418
2006-08-21,9.459
2006-08-22,9.5
2006-08-23,9.55
2006-08-24,9.6
2006-08-25,9.65
2006-08-26,9.74
2006-08-27,9.726666666666668
2006-08-28,9.713333333333333
2006-08-29,9.7
2006-08-30,9.687142857142854
2006-08-31,9.674285714285713
2006-09-01,9.661428571428573
2006-09-02,9.64857142857143
2006-09-03,9.635714285714286
2006-09-04,9.622857142857145
2006-09-05,9.61
2006-09-06,9.6
2006-09-07,9.63
2006-09-08,9.68
2006-09-09,9.75
2006-09-10,9.886666666666667
2006-09-11,10.023333333333332
2006-09-12,10.16
2006-09-13,10.0
2006-09-14,9.65
2006-09-15,9.88
2006-09-16,9.92
2006-09-17,9.896666666666668
2006-09-18,9.873333333333333
2006-09-19,9.85
2006-09-20,9.72
2006-09-21,9.741666666666667
2006-09-22,9.763333333333334
2006-09-23,9.785
2006-09-24,9.806666666666667
2006-09-25,9.828333333333333
2006-09-26,9.85
2006-09-27,9.94
2006-09-28,9.891428571428571
2006-09-29,9.842857142857145
2006-09-30,9.794285714285714
2006-10-01,9.745714285714287
2006-10-02,9.697142857142858
2006-10-03,9.64857142857143
2006-10-04,9.6
2006-10-05,9.48
2006-10-06,9.52
2006-10-07,9.525
2006-10-08,9.53
2006-10-09,9.535
2006-10-10,9.54
2006-10-11,9.55
2006-10-12,9.58
2006-10-13,9.76
2006-10-14,9.89
2006-10-15,10.526666666666667
2006-10-16,11.163333333333332
2006-10-17,11.8
2006-10-18,11.634285714285712
2006-10-19,11.46857142857143
2006-10-20,11.30285714285714
2006-10-21,11.137142857142855
2006-10-22,10.971428571428573
2006-10-23,10.805714285714282
2006-10-24,10.64
2006-10-25,10.643333333333333
2006-10-26,10.646666666666668
2006-10-27,10.65
2006-10-28,10.91
2006-10-29,10.773333333333332
2006-10-30,10.636666666666667
2006-10-31,10.5
2006-11-01,10.72
2006-11-02,10.8
2006-11-03,10.6
2006-11-04,10.7
2006-11-05,10.603333333333332
2006-11-06,10.506666666666668
2006-11-07,10.41
2006-11-08,10.433333333333332
2006-11-09,10.456666666666667
2006-11-10,10.48
2006-11-11,10.48
2006-11-12,10.483333333333333
2006-11-13,10.486666666666668
2006-11-14,10.49
2006-11-15,10.61
2006-11-16,10.76
2006-11-17,10.9
2006-11-18,10.75
2006-11-19,10.7375
2006-11-20,10.725
2006-11-21,10.7125
2006-11-22,10.7
2006-11-23,10.8
2006-11-24,10.78875
2006-11-25,10.7775
2006-11-26,10.76625
2006-11-27,10.755
2006-11-28,10.74375
2006-11-29,10.7325
2006-11-30,10.72125
2006-12-01,10.71
2006-12-02,10.61
2006-12-03,10.606666666666667
2006-12-04,10.603333333333332
2006-12-05,10.6
2006-12-06,10.592142857142855
2006-12-07,10.584285714285713
2006-12-08,10.576428571428572
2006-12-09,10.56857142857143
2006-12-10,10.560714285714287
2006-12-11,10.552857142857142
2006-12-12,10.545
2006-12-13,10.537142857142856
2006-12-14,10.529285714285713
2006-12-15,10.52142857142857
2006-12-16,10.51357142857143
2006-12-17,10.505714285714287
2006-12-18,10.497857142857145
2006-12-19,10.49
2006-12-20,10.526666666666667
2006-12-21,10.563333333333333
2006-12-22,10.6
2006-12-23,10.69
2006-12-24,10.7125
2006-12-25,10.735
2006-12-26,10.7575
2006-12-27,10.78
2006-12-28,10.79
2006-12-29,10.6
2006-12-30,10.6
2006-12-31,10.589166666666667
2007-01-01,10.578333333333333
2007-01-02,10.5675
2007-01-03,10.556666666666667
2007-01-04,10.545833333333333
2007-01-05,10.535
2007-01-06,10.524166666666668
2007-01-07,10.513333333333332
2007-01-08,10.5025
2007-01-09,10.491666666666667
2007-01-10,10.480833333333333
2007-01-11,10.47
2007-01-12,10.4
2007-01-13,10.5
2007-01-14,10.466666666666667
2007-01-15,10.433333333333332
2007-01-16,10.4
2007-01-17,10.6
2007-01-18,10.65
2007-01-19,10.64
2007-01-20,10.63
2007-01-21,10.62
2007-01-22,10.61
2007-01-23,10.6
2007-01-24,10.58
2007-01-25,10.55
2007-01-26,10.45
2007-01-27,10.35
2007-01-28,10.25
2007-01-29,10.15
2007-01-30,10.05
2007-01-31,9.95
2007-02-01,9.85
2007-02-02,9.87
2007-02-03,9.89
2007-02-04,9.91
2007-02-05,9.93
2007-02-06,9.95
2007-02-07,10.07
2007-02-08,10.0
2007-02-09,10.05
2007-02-10,10.31
2007-02-11,10.406666666666668
2007-02-12,10.503333333333332
2007-02-13,10.6
2007-02-14,10.48
2007-02-15,10.56
2007-02-16,10.444
2007-02-17,10.328
2007-02-18,10.212
2007-02-19,10.096
2007-02-20,9.98
2007-02-21,9.38
2007-02-22,9.74
2007-02-23,9.79
2007-02-24,9.75
2007-02-25,9.62
2007-02-26,9.49
2007-02-27,9.36
2007-02-28,9.15
2007-03-01,9.06
2007-03-02,9.05
2007-03-03,7.48
2007-03-04,7.653333333333332
2007-03-05,7.826666666666666
2007-03-06,8.0
2007-03-07,7.96
2007-03-08,8.6
2007-03-09,8.556000000000001
2007-03-10,8.512
2007-03-11,8.468
2007-03-12,8.424
2007-03-13,8.38
2007-03-14,8.513333333333334
2007-03-15,8.646666666666668
2007-03-16,8.78
2007-03-17,8.913333333333334
2007-03-18,9.046666666666667
2007-03-19,9.18
2007-03-20,9.313333333333334
2007-03-21,9.446666666666664
2007-03-22,9.58
2007-03-23,9.35
2007-03-24,9.28
2007-03-25,9.284
2007-03-26,9.288
2007-03-27,9.292
2007-03-28,9.296
2007-03-29,9.3
2007-03-30,9.3
2007-03-31,9.3
2007-04-01,9.3
2007-04-02,9.3
2007-04-03,9.3
2007-04-04,9.3
2007-04-05,9.27
2007-04-06,9.216
2007-04-07,9.162
2007-04-08,9.108
2007-04-09,9.054
2007-04-10,9.0
2007-04-11,9.15
2007-04-12,9.33
2007-04-13,9.25
2007-04-14,9.238333333333333
2007-04-15,9.226666666666668
2007-04-16,9.215
2007-04-17,9.203333333333333
2007-04-18,9.191666666666666
2007-04-19,9.18
2007-04-20,9.21
2007-04-21,9.16
2007-04-22,9.116666666666667
2007-04-23,9.073333333333334
2007-04-24,9.03
2007-04-25,8.9
2007-04-26,9.05
2007-04-27,9.01
2007-04-28,9.015714285714283
2007-04-29,9.02142857142857
2007-04-30,9.027142857142856
2007-05-01,9.032857142857145
2007-05-02,9.038571428571428
2007-05-03,9.044285714285714
2007-05-04,9.05
2007-05-05,9.03
2007-05-06,8.986666666666666
2007-05-07,8.943333333333333
2007-05-08,8.9
2007-05-09,8.5
2007-05-10,8.7
2007-05-11,8.7
2007-05-12,8.5
2007-05-13,8.5
2007-05-14,8.5
2007-05-15,8.5
2007-05-16,8.683333333333334
2007-05-17,8.866666666666667
2007-05-18,9.05
2007-05-19,8.5
2007-05-20,8.5
2007-05-21,8.5
2007-05-22,8.5
2007-05-23,8.5
2007-05-24,8.5
2007-05-25,8.5
2007-05-26,8.5
2007-05-27,8.5
2007-05-28,8.5
2007-05-29,8.5
2007-05-30,8.5
2007-05-31,8.5
2007-06-01,8.5
2007-06-02,8.6175
2007-06-03,8.735
2007-06-04,8.8525
2007-06-05,8.97
2007-06-06,9.09
2007-06-07,9.05
2007-06-08,8.97
2007-06-09,9.03
2007-06-10,9.036666666666667
2007-06-11,9.043333333333333
2007-06-12,9.05
2007-06-13,9.02
2007-06-14,8.99
2007-06-15,9.008
2007-06-16,9.026
2007-06-17,9.044
2007-06-18,9.062
2007-06-19,9.08
2007-06-20,9.2
2007-06-21,9.35
2007-06-22,9.33
2007-06-23,9.35
2007-06-24,9.4
2007-06-25,9.45
2007-06-26,9.5
2007-06-27,9.44
2007-06-28,9.49
2007-06-29,9.65
2007-06-30,9.83
2007-07-01,9.856666666666666
2007-07-02,9.883333333333333
2007-07-03,9.91
2007-07-04,10.06
2007-07-05,10.12
2007-07-06,10.13
2007-07-07,10.176
2007-07-08,10.222
2007-07-09,10.268
2007-07-10,10.314
2007-07-11,10.36
2007-07-12,10.0
2007-07-13,10.38
2007-07-14,10.3575
2007-07-15,10.335
2007-07-16,10.3125
2007-07-17,10.29
2007-07-18,10.27
2007-07-19,10.2
2007-07-20,10.2
2007-07-21,10.25
2007-07-22,10.23
2007-07-23,10.21
2007-07-24,10.19
2007-07-25,10.32
2007-07-26,10.36
2007-07-27,10.42
2007-07-28,10.48
2007-07-29,10.48
2007-07-30,10.48
2007-07-31,10.48
2007-08-01,10.36
2007-08-02,10.26
2007-08-03,10.27
2007-08-04,10.28
2007-08-05,10.263333333333332
2007-08-06,10.246666666666668
2007-08-07,10.23
2007-08-08,10.24
2007-08-09,10.25
2007-08-10,10.26
2007-08-11,10.26
2007-08-12,10.27
2007-08-13,10.27
2007-08-14,10.29
2007-08-15,10.256666666666668
2007-08-16,10.223333333333334
2007-08-17,10.19
2007-08-18,10.2
2007-08-19,10.183333333333334
2007-08-20,10.166666666666666
2007-08-21,10.15
2007-08-22,10.17
2007-08-23,9.99
2007-08-24,9.98
2007-08-25,10.09
2007-08-26,10.091666666666667
2007-08-27,10.093333333333334
2007-08-28,10.095
2007-08-29,10.096666666666666
2007-08-30,10.098333333333334
2007-08-31,10.1
2007-09-01,9.99
2007-09-02,10.046
2007-09-03,10.102
2007-09-04,10.158
2007-09-05,10.214
2007-09-06,10.27
2007-09-07,10.28
2007-09-08,10.39
2007-09-09,10.338
2007-09-10,10.286
2007-09-11,10.234
2007-09-12,10.182
2007-09-13,10.13
2007-09-14,9.99
2007-09-15,10.09
2007-09-16,9.926666666666666
2007-09-17,9.763333333333334
2007-09-18,9.6
2007-09-19,9.3
2007-09-20,10.02
2007-09-21,10.0
2007-09-22,10.08
2007-09-23,10.103333333333332
2007-09-24,10.126666666666667
2007-09-25,10.15
2007-09-26,10.113333333333333
2007-09-27,10.076666666666666
2007-09-28,10.04
2007-09-29,10.03
2007-09-30,9.972
2007-10-01,9.914
2007-10-02,9.856
2007-10-03,9.798
2007-10-04,9.74
2007-10-05,9.8
2007-10-06,9.8
2007-10-07,9.85
2007-10-08,9.9
2007-10-09,9.95
2007-10-10,10.0
2007-10-11,10.008333333333333
2007-10-12,10.016666666666666
2007-10-13,10.025
2007-10-14,10.033333333333333
2007-10-15,10.041666666666666
2007-10-16,10.05
2007-10-17,10.39
2007-10-18,10.64
2007-10-19,10.662
2007-10-20,10.684
2007-10-21,10.706
2007-10-22,10.728
2007-10-23,10.75
2007-10-24,10.65
2007-10-25,10.7
2007-10-26,10.65
2007-10-27,10.6
2007-10-28,10.566666666666668
2007-10-29,10.533333333333333
2007-10-30,10.5
2007-10-31,10.2
2007-11-01,10.4
2007-11-02,10.3
2007-11-03,10.3
2007-11-04,10.293333333333333
2007-11-05,10.286666666666667
2007-11-06,10.28
2007-11-07,10.295
2007-11-08,10.31
2007-11-09,10.325
2007-11-10,10.34
2007-11-11,10.355
2007-11-12,10.37
2007-11-13,10.385
2007-11-14,10.4
2007-11-15,10.38
2007-11-16,10.35
2007-11-17,10.31
2007-11-18,10.29
2007-11-19,10.27
2007-11-20,10.25
2007-11-21,10.25
2007-11-22,10.25
2007-11-23,10.19
2007-11-24,10.0875
2007-11-25,9.985
2007-11-26,9.8825
2007-11-27,9.78
2007-11-28,9.75
2007-11-29,9.757906976744186
2007-11-30,9.765813953488372
2007-12-01,9.77372093023256
2007-12-02,9.781627906976745
2007-12-03,9.789534883720929
2007-12-04,9.797441860465117
2007-12-05,9.805348837209301
2007-12-06,9.813255813953491
2007-12-07,9.821162790697674
2007-12-08,9.82906976744186
2007-12-09,9.836976744186048
2007-12-10,9.844883720930232
2007-12-11,9.852790697674417
2007-12-12,9.860697674418603
2007-12-13,9.868604651162789
2007-12-14,9.876511627906977
2007-12-15,9.884418604651163
2007-12-16,9.892325581395347
2007-12-17,9.900232558139537
2007-12-18,9.908139534883722
2007-12-19,9.916046511627906
2007-12-20,9.923953488372094
2007-12-21,9.931860465116278
2007-12-22,9.939767441860463
2007-12-23,9.947674418604652
2007-12-24,9.955581395348837
2007-12-25,9.963488372093023
2007-12-26,9.971395348837211
2007-12-27,9.979302325581397
2007-12-28,9.98720930232558
2007-12-29,9.995116279069768
2007-12-30,10.003023255813952
2007-12-31,10.01093023255814
2008-01-01,10.018837209302326
2008-01-02,10.02674418604651
2008-01-03,10.034651162790698
2008-01-04,10.042558139534883
2008-01-05,10.050465116279067
2008-01-06,10.058372093023255
2008-01-07,10.06627906976744
2008-01-08,10.074186046511628
2008-01-09,10.082093023255814
2008-01-10,10.09
2008-01-11,10.09
2008-01-12,10.18
2008-01-13,10.19
2008-01-14,10.2
2008-01-15,10.21
2008-01-16,10.25
2008-01-17,10.36
2008-01-18,10.5
2008-01-19,10.45
2008-01-20,10.4
2008-01-21,10.35
2008-01-22,10.3
2008-01-23,10.28
2008-01-24,10.19
2008-01-25,10.19
2008-01-26,10.1725
2008-01-27,10.155
2008-01-28,10.1375
2008-01-29,10.12
2008-01-30,10.1
2008-01-31,10.12
2008-02-01,10.14
2008-02-02,10.24
2008-02-03,10.256666666666668
2008-02-04,10.273333333333332
2008-02-05,10.29
2008-02-06,10.27
2008-02-07,10.34
2008-02-08,10.41
2008-02-09,10.48
2008-02-10,10.52
2008-02-11,10.56
2008-02-12,10.6
2008-02-13,10.63
2008-02-14,10.65
2008-02-15,10.67
2008-02-16,10.11
2008-02-17,10.29
2008-02-18,10.47
2008-02-19,10.65
2008-02-20,10.61
2008-02-21,11.07
2008-02-22,11.07
2008-02-23,11.22
2008-02-24,11.28
2008-02-25,11.34
2008-02-26,11.4
2008-02-27,11.43
2008-02-28,11.408499999999998
2008-02-29,11.387
2008-03-01,11.3655
2008-03-02,11.344
2008-03-03,11.3225
2008-03-04,11.300999999999998
2008-03-05,11.2795
2008-03-06,11.258
2008-03-07,11.2365
2008-03-08,11.215
2008-03-09,11.193499999999998
2008-03-10,11.172
2008-03-11,11.1505
2008-03-12,11.129
2008-03-13,11.1075
2008-03-14,11.086
2008-03-15,11.0645
2008-03-16,11.043
2008-03-17,11.0215
2008-03-18,11.0
2008-03-19,11.0
2008-03-20,11.0
2008-03-21,11.0
2008-03-22,11.0
2008-03-23,11.0
2008-03-24,11.0
2008-03-25,11.0
2008-03-26,11.0
2008-03-27,11.0
2008-03-28,11.0
2008-03-29,11.0
2008-03-30,11.0
2008-03-31,11.0
2008-04-01,11.0
2008-04-02,11.0
2008-04-03,11.0
2008-04-04,11.0
2008-04-05,11.0
2008-04-06,11.0
2008-04-07,11.0
2008-04-08,11.0
2008-04-09,11.0
2008-04-10,11.0
2008-04-11,11.0
2008-04-12,11.0
2008-04-13,11.0
2008-04-14,11.0
2008-04-15,11.0
2008-04-16,11.0
2008-04-17,11.0
2008-04-18,11.0
2008-04-19,11.0
2008-04-20,11.0
2008-04-21,11.0
2008-04-22,11.0
2008-04-23,11.0
2008-04-24,11.0
2008-04-25,11.0
2008-04-26,11.0
2008-04-27,11.0
2008-04-28,11.0
2008-04-29,11.0
2008-04-30,11.0
2008-05-01,11.0
2008-05-02,11.0
2008-05-03,11.0
2008-05-04,11.0
2008-05-05,11.0
2008-05-06,11.0
2008-05-07,11.0
2008-05-08,11.0
2008-05-09,11.0
2008-05-10,11.0
2008-05-11,11.0
2008-05-12,11.0
2008-05-13,11.0
2008-05-14,11.0
2008-05-15,11.0
2008-05-16,11.0
2008-05-17,11.0
2008-05-18,11.0
2008-05-19,11.0
2008-05-20,11.0
2008-05-21,11.0
2008-05-22,11.0
2008-05-23,11.0
2008-05-24,11.0
2008-05-25,11.0
2008-05-26,11.0
2008-05-27,11.0
2008-05-28,11.0
2008-05-29,11.0
2008-05-30,11.0
2008-05-31,11.0
2008-06-01,11.0
2008-06-02,11.0
2008-06-03,11.0
2008-06-04,11.0
2008-06-05,11.0
2008-06-06,11.0
2008-06-07,11.0
2008-06-08,11.0
2008-06-09,11.0
2008-06-10,11.0
2008-06-11,11.0
2008-06-12,11.0
2008-06-13,10.99
2008-06-14,10.98
2008-06-15,10.97
2008-06-16,10.96
2008-06-17,10.95
2008-06-18,10.94
2008-06-19,10.93
2008-06-20,10.92
2008-06-21,10.91
2008-06-22,10.9
2008-06-23,10.89
2008-06-24,10.88
2008-06-25,10.87
2008-06-26,10.86
2008-06-27,10.85
2008-06-28,10.84
2008-06-29,10.83
2008-06-30,10.82
2008-07-01,10.81
2008-07-02,10.8
2008-07-03,10.763333333333332
2008-07-04,10.726666666666668
2008-07-05,10.69
2008-07-06,10.72
2008-07-07,10.75
2008-07-08,10.78
2008-07-09,10.81
2008-07-10,10.78
2008-07-11,10.96
2008-07-12,11.06
2008-07-13,11.048333333333332
2008-07-14,11.036666666666667
2008-07-15,11.025
2008-07-16,11.013333333333332
2008-07-17,11.001666666666667
2008-07-18,10.99
2008-07-19,10.83
2008-07-20,10.833333333333332
2008-07-21,10.836666666666668
2008-07-22,10.84
2008-07-23,10.83
2008-07-24,10.8
2008-07-25,10.85
2008-07-26,10.78
2008-07-27,10.803333333333333
2008-07-28,10.826666666666668
2008-07-29,10.85
2008-07-30,10.8
2008-07-31,10.75
2008-08-01,10.74
2008-08-02,10.73
2008-08-03,10.72
2008-08-04,10.71
2008-08-05,10.7
2008-08-06,10.67
2008-08-07,10.64
2008-08-08,10.61
2008-08-09,10.64
2008-08-10,10.646666666666668
2008-08-11,10.653333333333332
2008-08-12,10.66
2008-08-13,10.71
2008-08-14,10.7
2008-08-15,10.704
2008-08-16,10.708
2008-08-17,10.712
2008-08-18,10.716
2008-08-19,10.72
2008-08-20,10.75
2008-08-21,10.65
2008-08-22,10.55
2008-08-23,10.58
2008-08-24,10.6
2008-08-25,10.62
2008-08-26,10.64
2008-08-27,10.55
2008-08-28,10.42
2008-08-29,10.48
2008-08-30,10.4625
2008-08-31,10.445
2008-09-01,10.4275
2008-09-02,10.41
2008-09-03,10.41
2008-09-04,10.43
2008-09-05,10.2
2008-09-06,10.2
2008-09-07,10.196666666666664
2008-09-08,10.193333333333333
2008-09-09,10.19
2008-09-10,10.196666666666664
2008-09-11,10.203333333333333
2008-09-12,10.21
2008-09-13,10.19
2008-09-14,10.226666666666668
2008-09-15,10.263333333333332
2008-09-16,10.3
2008-09-17,10.27
2008-09-18,10.24
2008-09-19,10.26
2008-09-20,10.5
2008-09-21,10.438
2008-09-22,10.376
2008-09-23,10.314
2008-09-24,10.252
2008-09-25,10.19
2008-09-26,10.183333333333334
2008-09-27,10.176666666666666
2008-09-28,10.17
2008-09-29,10.163333333333334
2008-09-30,10.156666666666666
2008-10-01,10.15
2008-10-02,10.143333333333334
2008-10-03,10.136666666666667
2008-10-04,10.13
2008-10-05,10.173333333333334
2008-10-06,10.216666666666667
2008-10-07,10.26
2008-10-08,10.03
2008-10-09,10.036666666666667
2008-10-10,10.043333333333333
2008-10-11,10.05
2008-10-12,10.06
2008-10-13,10.07
2008-10-14,10.08
2008-10-15,10.09
2008-10-16,10.1
2008-10-17,10.25
2008-10-18,10.1
2008-10-19,10.1
2008-10-20,10.1
2008-10-21,10.1
2008-10-22,10.1
2008-10-23,10.1
2008-10-24,10.0
2008-10-25,10.13
2008-10-26,10.137142857142855
2008-10-27,10.144285714285717
2008-10-28,10.151428571428571
2008-10-29,10.15857142857143
2008-10-30,10.165714285714284
2008-10-31,10.172857142857145
2008-11-01,10.18
2008-11-02,10.176666666666666
2008-11-03,10.173333333333334
2008-11-04,10.17
2008-11-05,10.1
2008-11-06,10.13
2008-11-07,10.14
2008-11-08,10.11
2008-11-09,10.156666666666666
2008-11-10,10.203333333333333
2008-11-11,10.25
2008-11-12,10.23
2008-11-13,10.236666666666666
2008-11-14,10.243333333333332
2008-11-15,10.25
2008-11-16,10.26
2008-11-17,10.27
2008-11-18,10.28
2008-11-19,10.26
2008-11-20,10.1
2008-11-21,10.32
2008-11-22,10.19
2008-11-23,10.226666666666668
2008-11-24,10.263333333333332
2008-11-25,10.3
2008-11-26,10.3025
2008-11-27,10.305
2008-11-28,10.3075
2008-11-29,10.31
2008-11-30,10.29
2008-12-01,10.27
2008-12-02,10.25
2008-12-03,10.25
2008-12-04,10.0
2008-12-05,10.22
2008-12-06,10.2
2008-12-07,10.22
2008-12-08,10.24
2008-12-09,10.26
2008-12-10,10.28
2008-12-11,10.3
2008-12-12,10.4
2008-12-13,10.5
2008-12-14,10.6
2008-12-15,10.7
2008-12-16,10.8
2008-12-17,10.9
2008-12-18,10.9
2008-12-19,10.9
2008-12-20,10.9
2008-12-21,10.866666666666667
2008-12-22,10.833333333333332
2008-12-23,10.8
2008-12-24,10.7
2008-12-25,10.763333333333332
2008-12-26,10.826666666666668
2008-12-27,10.89
2008-12-28,10.953333333333333
2008-12-29,11.016666666666667
2008-12-30,11.08
2008-12-31,11.1
2009-01-01,11.08
2009-01-02,11.11
2009-01-03,11.15
2009-01-04,11.163333333333332
2009-01-05,11.176666666666668
2009-01-06,11.19
2009-01-07,11.18
2009-01-08,11.253333333333332
2009-01-09,11.326666666666668
2009-01-10,11.4
2009-01-11,11.373333333333333
2009-01-12,11.346666666666668
2009-01-13,11.32
2009-01-14,11.75
2009-01-15,11.29
2009-01-16,11.37
2009-01-17,11.37
2009-01-18,11.28
2009-01-19,11.19
2009-01-20,11.1
2009-01-21,11.13
2009-01-22,11.09
2009-01-23,11.06
2009-01-24,10.98
2009-01-25,10.9725
2009-01-26,10.965
2009-01-27,10.9575
2009-01-28,10.95
2009-01-29,10.97
2009-01-30,10.9
2009-01-31,10.9
2009-02-01,10.916666666666668
2009-02-02,10.933333333333332
2009-02-03,10.95
2009-02-04,10.95
2009-02-05,10.99
2009-02-06,11.02
2009-02-07,11.04
2009-02-08,11.0325
2009-02-09,11.025
2009-02-10,11.0175
2009-02-11,11.01
2009-02-12,11.04
2009-02-13,11.07
2009-02-14,11.1
2009-02-15,11.08
2009-02-16,11.06
2009-02-17,11.04
2009-02-18,11.0
2009-02-19,11.01
2009-02-20,11.03
2009-02-21,11.06
2009-02-22,11.052
2009-02-23,11.044
2009-02-24,11.036
2009-02-25,11.028
2009-02-26,11.02
2009-02-27,11.09
2009-02-28,11.07
2009-03-01,11.04
2009-03-02,11.01
2009-03-03,10.98
2009-03-04,11.09
2009-03-05,11.08
2009-03-06,11.0
2009-03-07,11.11
2009-03-08,11.025
2009-03-09,10.94
2009-03-10,10.855
2009-03-11,10.77
2009-03-12,10.685
2009-03-13,10.6
2009-03-14,10.6
2009-03-15,10.6
2009-03-16,10.6
2009-03-17,10.6
2009-03-18,10.75
2009-03-19,10.8
2009-03-20,11.3
2009-03-21,11.3
2009-03-22,11.3
2009-03-23,11.3
2009-03-24,11.3
2009-03-25,11.3
2009-03-26,11.3
2009-03-27,11.3
2009-03-28,11.3
2009-03-29,11.3
2009-03-30,11.3
2009-03-31,11.3
2009-04-01,11.3
2009-04-02,11.3
2009-04-03,11.3
2009-04-04,11.3
2009-04-05,11.3
2009-04-06,11.3
2009-04-07,11.3
2009-04-08,11.3
2009-04-09,11.3
2009-04-10,11.3
2009-04-11,11.3
2009-04-12,11.3
2009-04-13,11.3
2009-04-14,11.3
2009-04-15,11.3
2009-04-16,11.3
2009-04-17,11.3
2009-04-18,11.3
2009-04-19,11.3
2009-04-20,11.3
2009-04-21,11.3
2009-04-22,11.3
2009-04-23,11.3
2009-04-24,11.3
2009-04-25,11.3
2009-04-26,11.3
2009-04-27,11.3
2009-04-28,11.3
2009-04-29,11.3
2009-04-30,11.3
2009-05-01,11.3
2009-05-02,11.3
2009-05-03,11.3
2009-05-04,11.3
2009-05-05,11.3
2009-05-06,11.3
2009-05-07,11.3
2009-05-08,11.3
2009-05-09,11.3
2009-05-10,11.3
2009-05-11,11.3
2009-05-12,11.3
2009-05-13,11.3
2009-05-14,11.3
2009-05-15,8.5
2009-05-16,11.3
2009-05-17,11.3
2009-05-18,11.3
2009-05-19,11.3
2009-05-20,11.3
2009-05-21,11.3
2009-05-22,11.3
2009-05-23,11.3
2009-05-24,11.3
2009-05-25,11.3
2009-05-26,11.3
2009-05-27,11.3
2009-05-28,11.3
2009-05-29,11.3
2009-05-30,11.3
2009-05-31,11.3
2009-06-01,11.3
2009-06-02,11.3
2009-06-03,11.3
2009-06-04,11.3
2009-06-05,11.3
2009-06-06,11.3
2009-06-07,11.3
2009-06-08,11.3
2009-06-09,11.3
2009-06-10,11.3
2009-06-11,11.3
2009-06-12,11.3
2009-06-13,11.3
2009-06-14,11.2
2009-06-15,11.1
2009-06-16,11.0
2009-06-17,11.06
2009-06-18,10.9
2009-06-19,10.85
2009-06-20,10.88
2009-06-21,10.958
2009-06-22,11.036
2009-06-23,11.114
2009-06-24,11.192
2009-06-25,11.27
2009-06-26,10.8
2009-06-27,11.31
2009-06-28,11.3175
2009-06-29,11.325
2009-06-30,11.3325
2009-07-01,11.34
2009-07-02,11.36
2009-07-03,11.04
2009-07-04,10.94
2009-07-05,11.03
2009-07-06,11.12
2009-07-07,11.21
2009-07-08,11.2
2009-07-09,11.81
2009-07-10,11.79
2009-07-11,11.7925
2009-07-12,11.795
2009-07-13,11.7975
2009-07-14,11.8
2009-07-15,11.9
2009-07-16,11.83
2009-07-17,11.85
2009-07-18,11.65
2009-07-19,11.625
2009-07-20,11.6
2009-07-21,11.575
2009-07-22,11.55
2009-07-23,11.525
2009-07-24,11.5
2009-07-25,11.575
2009-07-26,11.65
2009-07-27,11.725
2009-07-28,11.8
2009-07-29,11.65
2009-07-30,11.35
2009-07-31,11.25
2009-08-01,11.35
2009-08-02,11.4
2009-08-03,11.45
2009-08-04,11.5
2009-08-05,11.525
2009-08-06,11.55
2009-08-07,11.575
2009-08-08,11.6
2009-08-09,11.603333333333332
2009-08-10,11.606666666666667
2009-08-11,11.61
2009-08-12,11.52
2009-08-13,11.75
2009-08-14,11.74
2009-08-15,11.73
2009-08-16,11.72
2009-08-17,11.71
2009-08-18,11.7
2009-08-19,11.7
2009-08-20,11.666666666666668
2009-08-21,11.633333333333333
2009-08-22,11.6
2009-08-23,11.706666666666667
2009-08-24,11.813333333333333
2009-08-25,11.92
2009-08-26,11.8
2009-08-27,11.8
2009-08-28,11.7
2009-08-29,11.5
2009-08-30,11.566666666666668
2009-08-31,11.633333333333333
2009-09-01,11.7
2009-09-02,11.7
2009-09-03,11.733333333333333
2009-09-04,11.766666666666667
2009-09-05,11.8
2009-09-06,11.766666666666667
2009-09-07,11.733333333333333
2009-09-08,11.7
2009-09-09,12.1
2009-09-10,11.7
2009-09-11,12.27
2009-09-12,12.35
2009-09-13,12.183333333333332
2009-09-14,12.016666666666667
2009-09-15,11.85
2009-09-16,11.8
2009-09-17,11.85
2009-09-18,11.85
2009-09-19,11.85
2009-09-20,11.85
2009-09-21,11.85
2009-09-22,11.85
2009-09-23,11.85
2009-09-24,12.0
2009-09-25,11.85
2009-09-26,11.84
2009-09-27,11.83
2009-09-28,11.82
2009-09-29,11.81
2009-09-30,11.8
2009-10-01,11.8
2009-10-02,11.82
2009-10-03,11.84
2009-10-04,11.86
2009-10-05,11.88
2009-10-06,11.9
2009-10-07,11.61
2009-10-08,11.81
2009-10-09,11.6
2009-10-10,11.7
2009-10-11,11.683333333333332
2009-10-12,11.666666666666668
2009-10-13,11.65
2009-10-14,11.9
2009-10-15,11.916666666666668
2009-10-16,11.933333333333332
2009-10-17,11.95
2009-10-18,11.966666666666667
2009-10-19,11.983333333333333
2009-10-20,12.0
2009-10-21,12.0
2009-10-22,13.15
2009-10-23,13.26
2009-10-24,13.25
2009-10-25,12.933333333333332
2009-10-26,12.616666666666667
2009-10-27,12.3
2009-10-28,12.8
2009-10-29,13.35
2009-10-30,13.75
2009-10-31,14.25
2009-11-01,14.5375
2009-11-02,14.825
2009-11-03,15.1125
2009-11-04,15.4
2009-11-05,14.25
2009-11-06,14.1
2009-11-07,14.25
2009-11-08,14.066666666666668
2009-11-09,13.883333333333333
2009-11-10,13.7
2009-11-11,13.65
2009-11-12,13.8
2009-11-13,13.75
2009-11-14,13.7
2009-11-15,13.8025
2009-11-16,13.905
2009-11-17,14.0075
2009-11-18,14.11
2009-11-19,14.25
2009-11-20,13.75
2009-11-21,13.6
2009-11-22,13.666666666666668
2009-11-23,13.733333333333333
2009-11-24,13.8
2009-11-25,14.01
2009-11-26,13.75
2009-11-27,13.73
2009-11-28,13.71
2009-11-29,13.69
2009-11-30,13.67
2009-12-01,13.65
2009-12-02,13.8
2009-12-03,13.75
2009-12-04,13.85
2009-12-05,13.7
2009-12-06,13.633333333333333
2009-12-07,13.566666666666668
2009-12-08,13.5
2009-12-09,13.75
2009-12-10,13.75
2009-12-11,13.6
2009-12-12,13.5
2009-12-13,13.583333333333332
2009-12-14,13.666666666666668
2009-12-15,13.75
2009-12-16,13.766666666666667
2009-12-17,13.783333333333333
2009-12-18,13.8
2009-12-19,13.7
2009-12-20,13.75
2009-12-21,13.8
2009-12-22,13.85
2009-12-23,13.9
2009-12-24,13.9
2009-12-25,13.941666666666668
2009-12-26,13.983333333333333
2009-12-27,14.025
2009-12-28,14.066666666666668
2009-12-29,14.108333333333333
2009-12-30,14.15
2009-12-31,14.5
2010-01-01,14.4
2010-01-02,14.75
2010-01-03,14.75
2010-01-04,14.75
2010-01-05,14.75
2010-01-06,14.75
2010-01-07,14.75
2010-01-08,14.7
2010-01-09,14.8
2010-01-10,14.783333333333333
2010-01-11,14.766666666666667
2010-01-12,14.75
2010-01-13,15.11
2010-01-14,15.037142857142856
2010-01-15,14.964285714285715
2010-01-16,14.891428571428573
2010-01-17,14.81857142857143
2010-01-18,14.745714285714287
2010-01-19,14.672857142857142
2010-01-20,14.6
2010-01-21,14.15
2010-01-22,14.25
2010-01-23,14.4
2010-01-24,14.34
2010-01-25,14.28
2010-01-26,14.22
2010-01-27,14.16
2010-01-28,14.1
2010-01-29,13.75
2010-01-30,13.65
2010-01-31,13.55
2010-02-01,13.45
2010-02-02,13.35
2010-02-03,13.45
2010-02-04,13.516666666666667
2010-02-05,13.583333333333332
2010-02-06,13.65
2010-02-07,13.683333333333332
2010-02-08,13.716666666666667
2010-02-09,13.75
2010-02-10,13.75
2010-02-11,13.6
2010-02-12,13.63
2010-02-13,13.66
2010-02-14,13.69
2010-02-15,13.72
2010-02-16,13.75
2010-02-17,13.9
2010-02-18,13.95
2010-02-19,14.1
2010-02-20,14.25
2010-02-21,13.866666666666667
2010-02-22,13.483333333333333
2010-02-23,13.1
2010-02-24,12.1
2010-02-25,12.25
2010-02-26,12.25
2010-02-27,12.15
2010-02-28,12.05
2010-03-01,11.95
2010-03-02,11.85
2010-03-03,11.75
2010-03-04,12.05
2010-03-05,11.96
2010-03-06,11.87
2010-03-07,11.78
2010-03-08,11.69
2010-03-09,11.6
2010-03-10,11.7
2010-03-11,11.75
2010-03-12,11.8
2010-03-13,11.7
2010-03-14,11.75
2010-03-15,11.8
2010-03-16,11.85
2010-03-17,11.9
2010-03-18,11.95
2010-03-19,12.0
2010-03-20,12.0
2010-03-21,12.0
2010-03-22,12.0
2010-03-23,12.0
2010-03-24,12.156666666666668
2010-03-25,12.313333333333333
2010-03-26,12.47
2010-03-27,12.05
2010-03-28,12.033333333333333
2010-03-29,12.016666666666667
2010-03-30,12.0
2010-03-31,12.0
2010-04-01,12.0
2010-04-02,12.0
2010-04-03,12.0
2010-04-04,12.0
2010-04-05,12.0
2010-04-06,12.0
2010-04-07,12.0
2010-04-08,12.0
2010-04-09,12.0
2010-04-10,12.0
2010-04-11,12.0
2010-04-12,12.0
2010-04-13,12.0
2010-04-14,12.0
2010-04-15,12.0
2010-04-16,12.0
2010-04-17,12.0
2010-04-18,12.0
2010-04-19,12.0
2010-04-20,12.0
2010-04-21,12.0
2010-04-22,12.0
2010-04-23,12.0
2010-04-24,12.0
2010-04-25,12.0
2010-04-26,12.0
2010-04-27,12.0
2010-04-28,12.0
2010-04-29,12.0
2010-04-30,12.0
2010-05-01,12.0
2010-05-02,12.0
2010-05-03,12.0
2010-05-04,12.0
2010-05-05,12.0
2010-05-06,12.0
2010-05-07,12.0
2010-05-08,12.0
2010-05-09,12.0
2010-05-10,12.0
2010-05-11,12.0
2010-05-12,12.0
2010-05-13,12.0
2010-05-14,12.0
2010-05-15,12.0
2010-05-16,12.0
2010-05-17,12.0
2010-05-18,12.0
2010-05-19,12.0
2010-05-20,12.0
2010-05-21,12.0
2010-05-22,12.0
2010-05-23,12.0
2010-05-24,12.0
2010-05-25,12.0
2010-05-26,12.0
2010-05-27,12.0
2010-05-28,12.0
2010-05-29,12.0
2010-05-30,12.016666666666667
2010-05-31,12.033333333333333
2010-06-01,12.05
2010-06-02,12.25
2010-06-03,12.05
2010-06-04,12.0
2010-06-05,12.1
2010-06-06,12.033333333333333
2010-06-07,11.966666666666667
2010-06-08,11.9
2010-06-09,11.9
2010-06-10,12.0
2010-06-11,12.05
2010-06-12,12.1
2010-06-13,12.15
2010-06-14,12.2
2010-06-15,12.25
2010-06-16,12.25
2010-06-17,12.25
2010-06-18,12.1
2010-06-19,12.01
2010-06-20,12.023333333333332
2010-06-21,12.036666666666667
2010-06-22,12.05
2010-06-23,12.1
2010-06-24,12.1
2010-06-25,12.1
2010-06-26,12.05
2010-06-27,12.033333333333333
2010-06-28,12.016666666666667
2010-06-29,12.0
2010-06-30,12.01
2010-07-01,11.8
2010-07-02,12.0
2010-07-03,12.0
2010-07-04,12.0
2010-07-05,12.0
2010-07-06,12.0
2010-07-07,12.0
2010-07-08,11.9
2010-07-09,12.05
2010-07-10,12.0
2010-07-11,12.033333333333333
2010-07-12,12.066666666666668
2010-07-13,12.1
2010-07-14,11.7
2010-07-15,11.7
2010-07-16,12.05
2010-07-17,11.8
2010-07-18,11.866666666666667
2010-07-19,11.933333333333332
2010-07-20,12.0
2010-07-21,12.15
2010-07-22,12.05
2010-07-23,12.2
2010-07-24,12.1
2010-07-25,12.1
2010-07-26,12.1
2010-07-27,12.1
2010-07-28,12.1
2010-07-29,12.1
2010-07-30,12.2
2010-07-31,12.1
2010-08-01,12.0
2010-08-02,11.9
2010-08-03,11.8
2010-08-04,12.0
2010-08-05,12.0
2010-08-06,11.9
2010-08-07,11.95
2010-08-08,11.97
2010-08-09,11.99
2010-08-10,12.01
2010-08-11,12.03
2010-08-12,12.05
2010-08-13,12.0
2010-08-14,12.0
2010-08-15,12.02
2010-08-16,12.04
2010-08-17,12.06
2010-08-18,12.08
2010-08-19,12.1
2010-08-20,12.15
2010-08-21,12.1
2010-08-22,12.1
2010-08-23,12.1
2010-08-24,12.1
2010-08-25,12.1
2010-08-26,12.1
2010-08-27,12.1
2010-08-28,11.95
2010-08-29,11.966666666666667
2010-08-30,11.983333333333333
2010-08-31,12.0
2010-09-01,12.0
2010-09-02,11.916666666666668
2010-09-03,11.833333333333332
2010-09-04,11.75
2010-09-05,11.733333333333333
2010-09-06,11.716666666666667
2010-09-07,11.7
2010-09-08,11.7
2010-09-09,11.7
2010-09-10,11.7
2010-09-11,11.7
2010-09-12,11.7
2010-09-13,11.7
2010-09-14,11.7
2010-09-15,11.9
2010-09-16,11.8
2010-09-17,12.01
2010-09-18,12.0075
2010-09-19,12.005
2010-09-20,12.0025
2010-09-21,12.0
2010-09-22,11.7
2010-09-23,11.8
2010-09-24,11.9
2010-09-25,11.85
2010-09-26,11.8
2010-09-27,11.75
2010-09-28,11.7
2010-09-29,11.7
2010-09-30,11.65
2010-10-01,11.7
2010-10-02,11.725
2010-10-03,11.75
2010-10-04,11.775
2010-10-05,11.8
2010-10-06,11.6
2010-10-07,11.6
2010-10-08,11.6
2010-10-09,11.6
2010-10-10,11.6
2010-10-11,11.6
2010-10-12,11.6
2010-10-13,11.7
2010-10-14,11.7
2010-10-15,11.7
2010-10-16,11.75
2010-10-17,11.8
2010-10-18,11.85
2010-10-19,11.9
2010-10-20,12.05
2010-10-21,12.1
2010-10-22,12.1
2010-10-23,12.1
2010-10-24,12.1
2010-10-25,12.1
2010-10-26,12.1
2010-10-27,12.0
2010-10-28,12.05
2010-10-29,12.05
2010-10-30,12.1
2010-10-31,12.066666666666668
2010-11-01,12.033333333333333
2010-11-02,12.0
2010-11-03,12.0
2010-11-04,12.0
2010-11-05,12.0
2010-11-06,12.0
2010-11-07,12.0
2010-11-08,12.0
2010-11-09,12.0
2010-11-10,11.7
2010-11-11,11.8
2010-11-12,12.0
2010-11-13,11.9
2010-11-14,14.516666666666667
2010-11-15,17.133333333333336
2010-11-16,19.75
2010-11-17,17.266666666666666
2010-11-18,14.783333333333333
2010-11-19,12.3
2010-11-20,12.25
2010-11-21,12.216666666666667
2010-11-22,12.183333333333332
2010-11-23,12.15
2010-11-24,12.15
2010-11-25,12.2
2010-11-26,12.21
2010-11-27,12.15
2010-11-28,12.216666666666667
2010-11-29,12.283333333333333
2010-11-30,12.35
2010-12-01,12.4
2010-12-02,12.41
2010-12-03,12.51
2010-12-04,12.3
2010-12-05,12.3
2010-12-06,12.3
2010-12-07,12.3
2010-12-08,12.3
2010-12-09,12.3
2010-12-10,12.3
2010-12-11,12.4
2010-12-12,12.3625
2010-12-13,12.325
2010-12-14,12.2875
2010-12-15,12.25
2010-12-16,12.2
2010-12-17,12.2
2010-12-18,12.2
2010-12-19,12.2
2010-12-20,12.2
2010-12-21,12.2
2010-12-22,12.2
2010-12-23,12.3
2010-12-24,12.2
2010-12-25,12.2125
2010-12-26,12.225
2010-12-27,12.2375
2010-12-28,12.25
2010-12-29,12.2
2010-12-30,12.25
2010-12-31,12.3
2011-01-01,12.35
2011-01-02,12.33
2011-01-03,12.31
2011-01-04,12.29
2011-01-05,12.27
2011-01-06,12.25
2011-01-07,12.3
2011-01-08,12.5125
2011-01-09,12.725
2011-01-10,12.9375
2011-01-11,13.15
2011-01-12,13.25
2011-01-13,13.1
2011-01-14,13.3
2011-01-15,13.3
2011-01-16,13.3
2011-01-17,13.3
2011-01-18,13.3
2011-01-19,13.3
2011-01-20,13.25
2011-01-21,13.35
2011-01-22,13.05
2011-01-23,12.966666666666667
2011-01-24,12.883333333333333
2011-01-25,12.8
2011-01-26,12.8
2011-01-27,12.8
2011-01-28,12.8
2011-01-29,12.7
2011-01-30,16.05
2011-01-31,19.4
2011-02-01,22.75
2011-02-02,19.33333333333333
2011-02-03,15.916666666666664
2011-02-04,12.5
2011-02-05,12.55
2011-02-06,12.5
2011-02-07,12.45
2011-02-08,12.4
2011-02-09,12.6
2011-02-10,12.5
2011-02-11,12.5
2011-02-12,12.35
2011-02-13,12.333333333333332
2011-02-14,12.316666666666668
2011-02-15,12.3
2011-02-16,12.307142857142857
2011-02-17,12.314285714285711
2011-02-18,12.321428571428573
2011-02-19,12.32857142857143
2011-02-20,12.335714285714287
2011-02-21,12.342857142857142
2011-02-22,12.35
2011-02-23,12.35
2011-02-24,12.2
2011-02-25,12.35
2011-02-26,12.5
2011-02-27,12.433333333333332
2011-02-28,12.366666666666667
2011-03-01,12.3
2011-03-02,12.242857142857142
2011-03-03,12.185714285714289
2011-03-04,12.128571428571426
2011-03-05,12.071428571428573
2011-03-06,12.014285714285712
2011-03-07,11.957142857142856
2011-03-08,11.9
2011-03-09,12.15
2011-03-10,12.15
2011-03-11,12.15
2011-03-12,11.85
2011-03-13,11.966666666666667
2011-03-14,12.083333333333332
2011-03-15,12.2
2011-03-16,12.2
2011-03-17,12.2
2011-03-18,12.2
2011-03-19,12.2
2011-03-20,12.2
2011-03-21,12.2
2011-03-22,12.2
2011-03-23,12.2
2011-03-24,12.2
2011-03-25,12.2
2011-03-26,12.2
2011-03-27,12.2
2011-03-28,12.2
2011-03-29,12.2
2011-03-30,12.2
2011-03-31,12.2
2011-04-01,12.2
2011-04-02,12.2
2011-04-03,12.2
2011-04-04,12.2
2011-04-05,12.2
2011-04-06,12.2
2011-04-07,12.2
2011-04-08,12.2
2011-04-09,12.2
2011-04-10,12.2
2011-04-11,12.2
2011-04-12,12.2
2011-04-13,12.2
2011-04-14,12.2
2011-04-15,12.2
2011-04-16,12.2
2011-04-17,12.2
2011-04-18,12.2
2011-04-19,12.2
2011-04-20,12.2
2011-04-21,12.2
2011-04-22,12.2
2011-04-23,12.2
2011-04-24,12.2
2011-04-25,12.2
2011-04-26,12.2
2011-04-27,12.2
2011-04-28,12.2
2011-04-29,12.2
2011-04-30,12.2
2011-05-01,12.2
2011-05-02,12.2
2011-05-03,12.2
2011-05-04,12.2
2011-05-05,12.2
2011-05-06,12.2
2011-05-07,12.7
2011-05-08,12.7
2011-05-09,12.7
2011-05-10,12.7
2011-05-11,12.7
2011-05-12,12.7
2011-05-13,12.7
2011-05-14,12.7
2011-05-15,12.7
2011-05-16,12.7
2011-05-17,12.7
2011-05-18,12.7
2011-05-19,12.7
2011-05-20,12.7
2011-05-21,12.7
2011-05-22,12.7
2011-05-23,12.7
2011-05-24,12.7
2011-05-25,12.7
2011-05-26,12.7
2011-05-27,12.7
2011-05-28,22.4
2011-05-29,19.166666666666668
2011-05-30,15.933333333333335
2011-05-31,12.7
2011-06-01,12.066666666666668
2011-06-02,11.433333333333332
2011-06-03,10.8
2011-06-04,11.25
2011-06-05,11.033333333333333
2011-06-06,10.816666666666668
2011-06-07,10.6
2011-06-08,10.65
2011-06-09,10.641666666666667
2011-06-10,10.633333333333333
2011-06-11,10.625
2011-06-12,10.616666666666667
2011-06-13,10.608333333333333
2011-06-14,10.6
2011-06-15,10.41
2011-06-16,10.5
2011-06-17,10.35
2011-06-18,10.5
2011-06-19,10.533333333333333
2011-06-20,10.566666666666668
2011-06-21,10.6
2011-06-22,10.65
2011-06-23,10.7
2011-06-24,10.65
2011-06-25,10.65
2011-06-26,10.6
2011-06-27,10.55
2011-06-28,10.5
2011-06-29,10.5
2011-06-30,10.7
2011-07-01,10.68
2011-07-02,10.66
2011-07-03,10.64
2011-07-04,10.62
2011-07-05,10.6
2011-07-06,10.65
2011-07-07,10.65
2011-07-08,10.7
2011-07-09,10.8
2011-07-10,10.816666666666668
2011-07-11,10.833333333333332
2011-07-12,10.85
2011-07-13,10.842857142857142
2011-07-14,10.835714285714287
2011-07-15,10.82857142857143
2011-07-16,10.821428571428573
2011-07-17,10.814285714285711
2011-07-18,10.807142857142857
2011-07-19,10.8
2011-07-20,10.98
2011-07-21,11.02
2011-07-22,11.05
2011-07-23,11.025
2011-07-24,11.0
2011-07-25,10.975
2011-07-26,10.95
2011-07-27,11.01
2011-07-28,10.7
2011-07-29,10.7
2011-07-30,10.7
2011-07-31,10.7
2011-08-01,10.7
2011-08-02,10.7
2011-08-03,10.8
2011-08-04,10.733333333333333
2011-08-05,10.666666666666668
2011-08-06,10.6
2011-08-07,10.6
2011-08-08,10.6
2011-08-09,10.6
2011-08-10,10.6
2011-08-11,10.55
2011-08-12,10.3
2011-08-13,10.36
2011-08-14,10.42
2011-08-15,10.48
2011-08-16,10.54
2011-08-17,10.6
2011-08-18,10.571428571428571
2011-08-19,10.542857142857144
2011-08-20,10.514285714285714
2011-08-21,10.485714285714286
2011-08-22,10.457142857142856
2011-08-23,10.428571428571429
2011-08-24,10.4
2011-08-25,10.4
2011-08-26,10.6
2011-08-27,10.5
2011-08-28,10.483333333333333
2011-08-29,10.466666666666667
2011-08-30,10.45
2011-08-31,10.433333333333332
2011-09-01,10.416666666666668
2011-09-02,10.4
2011-09-03,10.4
2011-09-04,10.383333333333333
2011-09-05,10.366666666666667
2011-09-06,10.35
2011-09-07,10.3
2011-09-08,10.2
2011-09-09,10.35
2011-09-10,10.35
2011-09-11,10.35
2011-09-12,10.35
2011-09-13,10.35
2011-09-14,10.35
2011-09-15,10.35
2011-09-16,10.35
2011-09-17,10.35
2011-09-18,10.35
2011-09-19,10.35
2011-09-20,10.35
2011-09-21,10.3
2011-09-22,10.05
2011-09-23,9.9
2011-09-24,9.9
2011-09-25,9.9
2011-09-26,9.9
2011-09-27,9.9
2011-09-28,9.9
2011-09-29,9.9
2011-09-30,9.9
2011-10-01,9.8
2011-10-02,9.783333333333333
2011-10-03,9.766666666666666
2011-10-04,9.75
2011-10-05,9.7875
2011-10-06,9.825
2011-10-07,9.8625
2011-10-08,9.9
2011-10-09,9.8
2011-10-10,9.7
2011-10-11,9.6
2011-10-12,9.7
2011-10-13,9.8
2011-10-14,10.1
2011-10-15,10.15
2011-10-16,10.166666666666666
2011-10-17,10.183333333333334
2011-10-18,10.2
2011-10-19,10.35
2011-10-20,10.15
2011-10-21,10.18
2011-10-22,10.18
2011-10-23,10.197
2011-10-24,10.214
2011-10-25,10.231
2011-10-26,10.248
2011-10-27,10.265
2011-10-28,10.282
2011-10-29,10.299
2011-10-30,10.316
2011-10-31,10.333
2011-11-01,10.35
2011-11-02,10.5
2011-11-03,10.45
2011-11-04,10.4
2011-11-05,10.35
2011-11-06,10.525
2011-11-07,10.7
2011-11-08,10.875
2011-11-09,11.05
2011-11-10,11.05
2011-11-11,11.05
2011-11-12,11.05
2011-11-13,10.966666666666667
2011-11-14,10.883333333333333
2011-11-15,10.8
2011-11-16,10.5
2011-11-17,10.5
2011-11-18,10.2
2011-11-19,10.25
2011-11-20,10.25
2011-11-21,10.25
2011-11-22,10.25
2011-11-23,10.235714285714286
2011-11-24,10.221428571428572
2011-11-25,10.207142857142856
2011-11-26,10.192857142857145
2011-11-27,10.178571428571429
2011-11-28,10.164285714285716
2011-11-29,10.15
2011-11-30,10.16
2011-12-01,10.17
2011-12-02,10.18
2011-12-03,10.15
2011-12-04,10.17
2011-12-05,10.19
2011-12-06,10.21
2011-12-07,10.23
2011-12-08,10.25
2011-12-09,10.5
2011-12-10,10.5
2011-12-11,10.533333333333333
2011-12-12,10.566666666666668
2011-12-13,10.6
2011-12-14,10.35
2011-12-15,10.6
2011-12-16,10.4
2011-12-17,10.4
2011-12-18,10.416666666666668
2011-12-19,10.433333333333332
2011-12-20,10.45
2011-12-21,10.65
2011-12-22,10.75
2011-12-23,10.8
2011-12-24,10.8
2011-12-25,10.8
2011-12-26,10.8
2011-12-27,10.8
2011-12-28,10.95
2011-12-29,10.85
2011-12-30,11.05
2011-12-31,11.05
2012-01-01,11.056666666666667
2012-01-02,11.063333333333333
2012-01-03,11.07
2012-01-04,11.1
2012-01-05,11.15
2012-01-06,11.25
2012-01-07,11.4
2012-01-08,11.31
2012-01-09,11.22
2012-01-10,11.13
2012-01-11,11.4
2012-01-12,11.5
2012-01-13,11.55
2012-01-14,11.45
2012-01-15,11.6
2012-01-16,11.75
2012-01-17,11.9
2012-01-18,11.75
2012-01-19,11.7
2012-01-20,11.65
2012-01-21,11.4
2012-01-22,11.375
2012-01-23,11.35
2012-01-24,11.325
2012-01-25,11.3
2012-01-26,11.283333333333333
2012-01-27,11.266666666666667
2012-01-28,11.25
2012-01-29,11.25
2012-01-30,11.25
2012-01-31,11.25
2012-02-01,11.25
2012-02-02,11.25
2012-02-03,11.35
2012-02-04,11.35
2012-02-05,11.34
2012-02-06,11.33
2012-02-07,11.32
2012-02-08,11.31
2012-02-09,11.3
2012-02-10,11.31
2012-02-11,11.3
2012-02-12,11.316666666666668
2012-02-13,11.333333333333332
2012-02-14,11.35
2012-02-15,11.35
2012-02-16,11.4
2012-02-17,11.35
2012-02-18,11.35
2012-02-19,11.35
2012-02-20,11.35
2012-02-21,11.35
2012-02-22,11.35
2012-02-23,11.35
2012-02-24,11.35
2012-02-25,11.35
2012-02-26,11.4
2012-02-27,11.45
2012-02-28,11.5
2012-02-29,11.0
2012-03-01,11.35
2012-03-02,11.42
2012-03-03,11.45
2012-03-04,11.416666666666668
2012-03-05,11.383333333333333
2012-03-06,11.35
2012-03-07,11.35
2012-03-08,11.366666666666667
2012-03-09,11.383333333333333
2012-03-10,11.4
2012-03-11,11.45
2012-03-12,11.5
2012-03-13,11.55
2012-03-14,11.6
2012-03-15,13.85
2012-03-16,13.85
2012-03-17,13.85
2012-03-18,13.85
2012-03-19,13.85
2012-03-20,13.85
2012-03-21,13.85
2012-03-22,13.85
2012-03-23,13.85
2012-03-24,13.85
2012-03-25,13.85
2012-03-26,13.85
2012-03-27,13.85
2012-03-28,13.85
2012-03-29,13.85
2012-03-30,13.85
2012-03-31,13.85
2012-04-01,13.316666666666668
2012-04-02,12.783333333333333
2012-04-03,12.25
2012-04-04,12.47857142857143
2012-04-05,12.707142857142856
2012-04-06,12.935714285714289
2012-04-07,13.164285714285713
2012-04-08,13.392857142857142
2012-04-09,13.621428571428574
2012-04-10,13.85
2012-04-11,13.85
2012-04-12,13.85
2012-04-13,13.85
2012-04-14,13.85
2012-04-15,13.85
2012-04-16,13.85
2012-04-17,13.85
2012-04-18,13.85
2012-04-19,13.85
2012-04-20,13.85
2012-04-21,13.85
2012-04-22,13.85
2012-04-23,13.85
2012-04-24,13.85
2012-04-25,13.85
2012-04-26,13.85
2012-04-27,13.85
2012-04-28,13.85
2012-04-29,13.85
2012-04-30,13.85
2012-05-01,13.85
2012-05-02,13.85
2012-05-03,13.85
2012-05-04,13.85
2012-05-05,13.85
2012-05-06,13.85
2012-05-07,13.85
2012-05-08,13.85
2012-05-09,13.85
2012-05-10,13.85
2012-05-11,13.85
2012-05-12,13.85
2012-05-13,13.85
2012-05-14,13.85
2012-05-15,13.85
2012-05-16,13.85
2012-05-17,13.85
2012-05-18,13.85
2012-05-19,13.85
2012-05-20,13.85
2012-05-21,13.85
2012-05-22,13.85
2012-05-23,13.85
2012-05-24,13.85
2012-05-25,13.85
2012-05-26,13.85
2012-05-27,13.85
2012-05-28,13.85
2012-05-29,12.8
2012-05-30,13.85
2012-05-31,12.75
2012-06-01,12.5
2012-06-02,12.5
2012-06-03,12.416666666666668
2012-06-04,12.333333333333332
2012-06-05,12.25
2012-06-06,12.8
2012-06-07,12.75
2012-06-08,13.01
2012-06-09,12.75
2012-06-10,12.75
2012-06-11,12.75
2012-06-12,12.75
2012-06-13,12.5
2012-06-14,12.5
2012-06-15,12.5
2012-06-16,12.8
2012-06-17,12.662
2012-06-18,12.524
2012-06-19,12.386
2012-06-20,12.248
2012-06-21,12.11
2012-06-22,12.01
2012-06-23,11.25
2012-06-24,11.433333333333332
2012-06-25,11.616666666666667
2012-06-26,11.8
2012-06-27,11.75
2012-06-28,11.75
2012-06-29,12.5
2012-06-30,11.8
2012-07-01,11.7
2012-07-02,11.6
2012-07-03,11.5
2012-07-04,12.1
2012-07-05,12.15
2012-07-06,12.2
2012-07-07,12.25
2012-07-08,12.3
2012-07-09,12.35
2012-07-10,12.4
2012-07-11,12.5
2012-07-12,12.75
2012-07-13,13.1
2012-07-14,13.5
2012-07-15,13.45
2012-07-16,13.4
2012-07-17,13.35
2012-07-18,13.35
2012-07-19,13.496666666666668
2012-07-20,13.643333333333333
2012-07-21,13.79
2012-07-22,13.6925
2012-07-23,13.595
2012-07-24,13.4975
2012-07-25,13.4
2012-07-26,13.5
2012-07-27,13.5
2012-07-28,13.55
2012-07-29,13.6
2012-07-30,13.65
2012-07-31,13.7
2012-08-01,13.65
2012-08-02,13.75625
2012-08-03,13.8625
2012-08-04,13.96875
2012-08-05,14.075
2012-08-06,14.18125
2012-08-07,14.2875
2012-08-08,14.39375
2012-08-09,14.5
2012-08-10,14.44
2012-08-11,14.38
2012-08-12,14.32
2012-08-13,14.26
2012-08-14,14.2
2012-08-15,14.31875
2012-08-16,14.4375
2012-08-17,14.55625
2012-08-18,14.675
2012-08-19,14.79375
2012-08-20,14.9125
2012-08-21,15.03125
2012-08-22,15.15
2012-08-23,15.85
2012-08-24,15.3
2012-08-25,15.25
2012-08-26,15.25
2012-08-27,15.25
2012-08-28,15.25
2012-08-29,15.35
2012-08-30,15.5
2012-08-31,15.5
2012-09-01,15.5
2012-09-02,15.5
2012-09-03,15.5
2012-09-04,15.5
2012-09-05,15.11
2012-09-06,15.156666666666668
2012-09-07,15.203333333333333
2012-09-08,15.25
2012-09-09,15.133333333333333
2012-09-10,15.016666666666667
2012-09-11,14.9
2012-09-12,15.15
2012-09-13,14.75
2012-09-14,15.0
2012-09-15,14.75
2012-09-16,14.733333333333333
2012-09-17,14.716666666666667
2012-09-18,14.7
2012-09-19,14.5
2012-09-20,14.366666666666667
2012-09-21,14.233333333333333
2012-09-22,14.1
2012-09-23,14.028571428571427
2012-09-24,13.957142857142856
2012-09-25,13.885714285714286
2012-09-26,13.814285714285711
2012-09-27,13.742857142857142
2012-09-28,13.67142857142857
2012-09-29,13.6
2012-09-30,13.47
2012-10-01,13.34
2012-10-02,13.21
2012-10-03,13.08
2012-10-04,12.95
2012-10-05,13.05
2012-10-06,13.2
2012-10-07,13.4
2012-10-08,13.6
2012-10-09,13.8
2012-10-10,14.4
2012-10-11,14.8
2012-10-12,14.65
2012-10-13,14.65
2012-10-14,14.64
2012-10-15,14.63
2012-10-16,14.62
2012-10-17,14.61
2012-10-18,14.6
2012-10-19,14.6
2012-10-20,14.6
2012-10-21,14.6
2012-10-22,14.6
2012-10-23,14.6
2012-10-24,14.6
2012-10-25,14.6
2012-10-26,14.6
2012-10-27,14.66
2012-10-28,14.72
2012-10-29,14.78
2012-10-30,14.84
2012-10-31,14.9
2012-11-01,14.9
2012-11-02,14.8
2012-11-03,14.8
2012-11-04,14.716666666666667
2012-11-05,14.633333333333333
2012-11-06,14.55
2012-11-07,14.55
2012-11-08,14.8
2012-11-09,14.8
2012-11-10,14.8
2012-11-11,14.791666666666668
2012-11-12,14.783333333333333
2012-11-13,14.775
2012-11-14,14.766666666666667
2012-11-15,14.758333333333333
2012-11-16,14.75
2012-11-17,15.3
2012-11-18,15.216666666666667
2012-11-19,15.133333333333333
2012-11-20,15.05
2012-11-21,15.05
2012-11-22,14.9
2012-11-23,14.95
2012-11-24,15.1
2012-11-25,15.1
2012-11-26,15.1
2012-11-27,15.1
2012-11-28,14.9
2012-11-29,14.7
2012-11-30,14.5
2012-12-01,14.4
2012-12-02,14.333333333333332
2012-12-03,14.266666666666667
2012-12-04,14.2
2012-12-05,14.216666666666667
2012-12-06,14.233333333333333
2012-12-07,14.25
2012-12-08,14.35
2012-12-09,14.35
2012-12-10,14.35
2012-12-11,14.35
2012-12-12,14.25
2012-12-13,14.3
2012-12-14,14.35
2012-12-15,14.4
2012-12-16,14.433333333333332
2012-12-17,14.466666666666667
2012-12-18,14.5
2012-12-19,14.75
2012-12-20,14.616666666666667
2012-12-21,14.483333333333333
2012-12-22,14.35
2012-12-23,14.36
2012-12-24,14.37
2012-12-25,14.38
2012-12-26,14.39
2012-12-27,14.4
2012-12-28,14.65
2012-12-29,14.35
2012-12-30,14.425
2012-12-31,14.5
2013-01-01,14.575
2013-01-02,14.65
2013-01-03,14.65
2013-01-04,14.7
2013-01-05,14.65
2013-01-06,14.633333333333333
2013-01-07,14.616666666666667
2013-01-08,14.6
2013-01-09,14.6
2013-01-10,14.8
2013-01-11,14.7
2013-01-12,14.6
2013-01-13,14.5
2013-01-14,14.4
2013-01-15,14.3
2013-01-16,14.5
2013-01-17,14.35
2013-01-18,14.5
2013-01-19,14.4
2013-01-20,14.383333333333333
2013-01-21,14.366666666666667
2013-01-22,14.35
2013-01-23,14.25
2013-01-24,14.25
2013-01-25,14.36
2013-01-26,14.47
2013-01-27,14.58
2013-01-28,14.69
2013-01-29,14.8
2013-01-30,14.65
2013-01-31,14.666666666666668
2013-02-01,14.683333333333332
2013-02-02,14.7
2013-02-03,14.583333333333332
2013-02-04,14.466666666666667
2013-02-05,14.35
2013-02-06,14.75
2013-02-07,14.75
2013-02-08,14.71
2013-02-09,14.8
2013-02-10,14.725
2013-02-11,14.65
2013-02-12,14.575
2013-02-13,14.5
2013-02-14,14.5
2013-02-15,14.65
2013-02-16,14.5
2013-02-17,14.6
2013-02-18,14.7
2013-02-19,14.8
2013-02-20,14.7
2013-02-21,14.642857142857142
2013-02-22,14.585714285714287
2013-02-23,14.528571428571427
2013-02-24,14.471428571428573
2013-02-25,14.414285714285713
2013-02-26,14.357142857142858
2013-02-27,14.3
2013-02-28,14.35
2013-03-01,14.15
2013-03-02,14.05
2013-03-03,13.95
2013-03-04,13.85
2013-03-05,13.75
2013-03-06,13.75
2013-03-07,13.5
2013-03-08,13.25
2013-03-09,13.5
2013-03-10,13.575
2013-03-11,13.65
2013-03-12,13.725
2013-03-13,13.8
2013-03-14,13.8
2013-03-15,14.04
2013-03-16,14.28
2013-03-17,14.52
2013-03-18,14.76
2013-03-19,15.0
2013-03-20,15.0
2013-03-21,15.0
2013-03-22,15.0
2013-03-23,15.0
2013-03-24,15.0
2013-03-25,15.0
2013-03-26,15.0
2013-03-27,15.0
2013-03-28,15.0
2013-03-29,15.0
2013-03-30,15.0
2013-03-31,15.0
2013-04-01,15.0
2013-04-02,15.0
2013-04-03,15.0
2013-04-04,15.0
2013-04-05,15.0
2013-04-06,15.0
2013-04-07,15.0
2013-04-08,15.0
2013-04-09,15.0
2013-04-10,15.0
2013-04-11,15.0
2013-04-12,15.0
2013-04-13,15.0
2013-04-14,15.0
2013-04-15,15.0
2013-04-16,15.0
2013-04-17,15.0
2013-04-18,15.0
2013-04-19,15.0
2013-04-20,15.0
2013-04-21,15.0
2013-04-22,15.0
2013-04-23,15.0
2013-04-24,15.12
2013-04-25,15.0
2013-04-26,15.0
2013-04-27,15.0
2013-04-28,15.0
2013-04-29,15.0
2013-04-30,15.0
2013-05-01,14.933333333333332
2013-05-02,14.866666666666667
2013-05-03,14.8
2013-05-04,14.5
2013-05-05,14.6
2013-05-06,14.7
2013-05-07,14.8
2013-05-08,14.8
2013-05-09,14.8
2013-05-10,14.8
2013-05-11,14.8
2013-05-12,14.825
2013-05-13,14.85
2013-05-14,14.875
2013-05-15,14.9
2013-05-16,15.0
2013-05-17,14.9
2013-05-18,15.0
2013-05-19,15.133333333333333
2013-05-20,15.266666666666667
2013-05-21,15.4
2013-05-22,15.5
2013-05-23,15.8
2013-05-24,15.35
2013-05-25,15.2875
2013-05-26,15.225
2013-05-27,15.1625
2013-05-28,15.1
2013-05-29,15.25
2013-05-30,15.41
2013-05-31,15.6
2013-06-01,15.05
2013-06-02,15.036666666666667
2013-06-03,15.023333333333332
2013-06-04,15.01
2013-06-05,15.01
2013-06-06,14.9
2013-06-07,14.9
2013-06-08,14.9275
2013-06-09,14.955
2013-06-10,14.9825
2013-06-11,15.01
2013-06-12,15.05
2013-06-13,15.05
2013-06-14,15.05
2013-06-15,15.15
2013-06-16,15.103333333333332
2013-06-17,15.056666666666667
2013-06-18,15.01
2013-06-19,15.05
2013-06-20,15.01
2013-06-21,15.0
2013-06-22,15.1
2013-06-23,15.07
2013-06-24,15.04
2013-06-25,15.01
2013-06-26,14.9
2013-06-27,14.8
2013-06-28,15.01
2013-06-29,14.8
2013-06-30,14.783333333333333
2013-07-01,14.766666666666667
2013-07-02,14.75
2013-07-03,14.866666666666667
2013-07-04,14.983333333333333
2013-07-05,15.1
2013-07-06,15.05
2013-07-07,15.0625
2013-07-08,15.075
2013-07-09,15.0875
2013-07-10,15.1
2013-07-11,15.05
2013-07-12,15.1
2013-07-13,14.8
2013-07-14,14.9
2013-07-15,15.0
2013-07-16,15.1
2013-07-17,15.05
2013-07-18,15.05
2013-07-19,14.98
2013-07-20,14.91
2013-07-21,14.84
2013-07-22,14.77
2013-07-23,14.7
2013-07-24,14.75
2013-07-25,14.75
2013-07-26,14.75
2013-07-27,14.7
2013-07-28,14.716666666666667
2013-07-29,14.733333333333333
2013-07-30,14.75
2013-07-31,14.7625
2013-08-01,14.775
2013-08-02,14.7875
2013-08-03,14.8
2013-08-04,14.8
2013-08-05,14.8
2013-08-06,14.8
2013-08-07,14.8
2013-08-08,14.8
2013-08-09,14.74
2013-08-10,14.68
2013-08-11,14.62
2013-08-12,14.56
2013-08-13,14.5
2013-08-14,14.5
2013-08-15,14.583333333333332
2013-08-16,14.666666666666668
2013-08-17,14.75
2013-08-18,14.666666666666668
2013-08-19,14.583333333333332
2013-08-20,14.5
2013-08-21,14.535714285714285
2013-08-22,14.571428571428573
2013-08-23,14.607142857142858
2013-08-24,14.642857142857142
2013-08-25,14.678571428571427
2013-08-26,14.714285714285715
2013-08-27,14.75
2013-08-28,14.766666666666667
2013-08-29,14.783333333333333
2013-08-30,14.8
2013-08-31,14.9
2013-09-01,14.9
2013-09-02,14.9
2013-09-03,14.9
2013-09-04,14.9
2013-09-05,14.9
2013-09-06,14.9
2013-09-07,14.9
2013-09-08,14.9
2013-09-09,14.9
2013-09-10,14.9
2013-09-11,14.9
2013-09-12,14.9
2013-09-13,14.9
2013-09-14,14.9
2013-09-15,14.9
2013-09-16,14.9
2013-09-17,14.9
2013-09-18,14.933333333333332
2013-09-19,14.966666666666667
2013-09-20,15.0
2013-09-21,14.9
2013-09-22,14.9
2013-09-23,14.9
2013-09-24,14.9
2013-09-25,14.8
2013-09-26,14.8
2013-09-27,14.9
2013-09-28,14.9
2013-09-29,14.866666666666667
2013-09-30,14.833333333333332
2013-10-01,14.8
2013-10-02,14.7
2013-10-03,14.6
2013-10-04,14.5
2013-10-05,14.575
2013-10-06,14.65
2013-10-07,14.725
2013-10-08,14.8
2013-10-09,14.9
2013-10-10,14.8
2013-10-11,15.25
2013-10-12,15.3
2013-10-13,15.35
2013-10-14,15.4
2013-10-15,15.45
2013-10-16,15.5
2013-10-17,15.55
2013-10-18,15.6
2013-10-19,15.65
2013-10-20,15.7
2013-10-21,15.75
2013-10-22,15.8
2013-10-23,16.0
2013-10-24,15.5
2013-10-25,15.5
2013-10-26,15.5
2013-10-27,15.5
2013-10-28,15.5
2013-10-29,15.5
2013-10-30,15.5
2013-10-31,15.4
2013-11-01,15.428571428571427
2013-11-02,15.457142857142856
2013-11-03,15.485714285714288
2013-11-04,15.514285714285712
2013-11-05,15.542857142857144
2013-11-06,15.571428571428573
2013-11-07,15.6
2013-11-08,15.8
2013-11-09,15.9
2013-11-10,16.016666666666666
2013-11-11,16.133333333333333
2013-11-12,16.25
2013-11-13,16.05
2013-11-14,16.1
2013-11-15,16.1
2013-11-16,16.1
2013-11-17,16.1
2013-11-18,16.1
2013-11-19,16.1
2013-11-20,16.1
2013-11-21,16.25
2013-11-22,16.2
2013-11-23,16.2
2013-11-24,16.275
2013-11-25,16.35
2013-11-26,16.425
2013-11-27,16.5
2013-11-28,16.5
2013-11-29,16.0
2013-11-30,16.25
2013-12-01,16.25
2013-12-02,16.25
2013-12-03,16.25
2013-12-04,16.25
2013-12-05,16.25
2013-12-06,16.0
2013-12-07,16.1
2013-12-08,16.1
2013-12-09,16.1
2013-12-10,16.1
2013-12-11,16.1
2013-12-12,16.0
2013-12-13,15.75
2013-12-14,15.75
2013-12-15,15.833333333333332
2013-12-16,15.916666666666668
2013-12-17,16.0
2013-12-18,15.5
2013-12-19,16.1
2013-12-20,15.8
2013-12-21,15.7
2013-12-22,16.03333333333333
2013-12-23,16.366666666666667
2013-12-24,16.7
2013-12-25,16.65
2013-12-26,16.6
2013-12-27,16.55
2013-12-28,16.5
2013-12-29,16.45
2013-12-30,16.4
2013-12-31,16.35
2014-01-01,16.3
2014-01-02,16.25
2014-01-03,16.2
2014-01-04,16.2
2014-01-05,16.166666666666668
2014-01-06,16.133333333333333
2014-01-07,16.1
2014-01-08,16.25
2014-01-09,16.25
2014-01-10,16.2
2014-01-11,16.25
2014-01-12,16.3
2014-01-13,16.35
2014-01-14,16.4
2014-01-15,16.45
2014-01-16,16.5
2014-01-17,16.5
2014-01-18,16.5
2014-01-19,16.55
2014-01-20,16.6
2014-01-21,16.65
2014-01-22,16.7
2014-01-23,16.7
2014-01-24,16.56
2014-01-25,16.7
2014-01-26,16.633333333333333
2014-01-27,16.566666666666666
2014-01-28,16.5
2014-01-29,16.2
2014-01-30,16.066666666666666
2014-01-31,15.933333333333332
2014-02-01,15.8
2014-02-02,15.75
2014-02-03,15.7
2014-02-04,15.65
2014-02-05,15.6
2014-02-06,15.6
2014-02-07,15.5
2014-02-08,15.6
2014-02-09,15.733333333333333
2014-02-10,15.866666666666667
2014-02-11,16.0
2014-02-12,15.8
2014-02-13,15.8
2014-02-14,15.8
2014-02-15,15.8
2014-02-16,15.8
2014-02-17,15.8
2014-02-18,15.8
2014-02-19,15.45
2014-02-20,15.4
2014-02-21,15.45
2014-02-22,15.1
2014-02-23,15.066666666666668
2014-02-24,15.033333333333333
2014-02-25,15.0
2014-02-26,15.5
2014-02-27,15.59375
2014-02-28,15.6875
2014-03-01,15.78125
2014-03-02,15.875
2014-03-03,15.96875
2014-03-04,16.0625
2014-03-05,16.15625
2014-03-06,16.25
2014-03-07,14.6
2014-03-08,15.4
2014-03-09,15.22
2014-03-10,15.04
2014-03-11,14.86
2014-03-12,14.68
2014-03-13,14.5
2014-03-14,14.05
2014-03-15,14.8
2014-03-16,14.725
2014-03-17,14.65
2014-03-18,14.575
2014-03-19,14.5
2014-03-20,14.75
2014-03-21,14.84375
2014-03-22,14.9375
2014-03-23,15.03125
2014-03-24,15.125
2014-03-25,15.21875
2014-03-26,15.3125
2014-03-27,15.40625
2014-03-28,15.5
2014-03-29,15.5
2014-03-30,15.5
2014-03-31,15.5
