date,Potato,Wheat
2005-01-01,2.81,7.485
2005-01-02,2.81,7.485
2005-01-03,2.81,7.485
2005-01-04,2.81,7.515
2005-01-05,2.38,7.51
2005-01-06,2.38,7.505
2005-01-07,2.5,7.5
2005-01-08,2.5,7.505
2005-01-09,2.38,7.515
2005-01-10,2.5,7.49
2005-01-11,2.5,7.3
2005-01-12,2.63,7.336666666666666
2005-01-13,2.63,7.373333333333334
2005-01-14,2.5,7.41
2005-01-15,2.5,7.423333333333334
2005-01-16,2.5,7.436666666666666
2005-01-17,2.5,7.45
2005-01-18,2.5,7.525
2005-01-19,2.5,7.508333333333334
2005-01-20,2.5,7.491666666666666
2005-01-21,2.31,7.475
2005-01-22,2.5,7.51
2005-01-23,2.63,7.509166666666666
2005-01-24,3.0,7.508333333333334
2005-01-25,2.94,7.5075
2005-01-26,2.92,7.506666666666666
2005-01-27,2.9,7.5058333333333325
2005-01-28,2.88,7.505
2005-01-29,3.0,7.46
2005-01-30,3.0,7.52
2005-01-31,3.0,7.54
2005-02-01,2.96,7.51
2005-02-02,2.92,7.54
2005-02-03,2.88,7.57
2005-02-04,2.94,7.6
2005-02-05,3.0,7.71
2005-02-06,2.975,7.65
2005-02-07,2.95,7.57
2005-02-08,2.925,7.45
2005-02-09,2.9,7.506666666666666
2005-02-10,2.875,7.563333333333333
2005-02-11,2.85,7.62
2005-02-12,2.825,7.69
2005-02-13,2.8,7.72
2005-02-14,2.775,7.67
2005-02-15,2.75,7.67
2005-02-16,2.666666666666667,7.646666666666666
2005-02-17,2.583333333333333,7.623333333333334
2005-02-18,2.5,7.6
2005-02-19,2.5,7.6375
2005-02-20,2.63,7.675
2005-02-21,2.5,7.7125
2005-02-22,2.512,7.75
2005-02-23,2.524,7.713333333333334
2005-02-24,2.536,7.676666666666666
2005-02-25,2.548,7.64
2005-02-26,2.56,7.52
2005-02-27,2.56,7.55
2005-02-28,2.5,7.564
2005-03-01,2.52,7.5779999999999985
2005-03-02,2.54,7.592
2005-03-03,2.56,7.606
2005-03-04,2.63,7.62
2005-03-05,2.69,7.6
2005-03-06,2.71,7.5
2005-03-07,2.73,7.39
2005-03-08,2.75,7.4
2005-03-09,2.77,7.453333333333334
2005-03-10,2.79,7.506666666666666
2005-03-11,2.81,7.56
2005-03-12,2.856190476190476,7.52
2005-03-13,2.9023809523809523,7.57
2005-03-14,2.9485714285714284,7.6
2005-03-15,2.994761904761905,7.515
2005-03-16,3.0409523809523806,7.5166666666666675
2005-03-17,3.0871428571428567,7.518333333333333
2005-03-18,3.1333333333333333,7.52
2005-03-19,3.1795238095238094,7.575
2005-03-20,3.225714285714285,7.59
2005-03-21,3.2719047619047616,7.55
2005-03-22,3.3180952380952378,7.49
2005-03-23,3.3642857142857143,7.37
2005-03-24,3.4104761904761904,7.25
2005-03-25,3.456666666666666,7.13
2005-03-26,3.5028571428571427,7.02
2005-03-27,3.5490476190476192,6.91
2005-03-28,3.595238095238096,6.8
2005-03-29,3.6414285714285715,6.7
2005-03-30,3.687619047619048,6.65
2005-03-31,3.733809523809524,6.6
2005-04-01,3.78,6.55
2005-04-02,3.826190476190476,6.705
2005-04-03,3.872380952380953,6.75
2005-04-04,3.918571428571428,6.7
2005-04-05,3.9647619047619047,6.65
2005-04-06,4.0109523809523795,6.6
2005-04-07,4.057142857142857,6.55
2005-04-08,4.1033333333333335,6.5
2005-04-09,4.14952380952381,6.55
2005-04-10,4.195714285714286,6.55
2005-04-11,4.241904761904761,6.55
2005-04-12,4.288095238095238,6.61
2005-04-13,4.3342857142857145,6.59
2005-04-14,4.38047619047619,6.57
2005-04-15,4.426666666666666,6.55
2005-04-16,4.4728571428571415,6.55
2005-04-17,4.519047619047619,6.67
2005-04-18,4.565238095238096,6.6
2005-04-19,4.611428571428571,6.68
2005-04-20,4.657619047619048,6.696666666666666
2005-04-21,4.703809523809523,6.713333333333334
2005-04-22,4.75,6.73
2005-04-23,4.63,6.875
2005-04-24,4.75,6.69
2005-04-25,4.75,6.7
2005-04-26,4.56,6.64
2005-04-27,4.56,6.68
2005-04-28,4.56,6.72
2005-04-29,4.88,6.76
2005-04-30,4.88,6.875
2005-05-01,4.836666666666667,6.95
2005-05-02,4.793333333333333,6.97
2005-05-03,4.75,7.0
2005-05-04,4.75,7.0
2005-05-05,4.75,7.0
2005-05-06,4.69,7.0
2005-05-07,4.69,7.0
2005-05-08,4.69,7.1
2005-05-09,4.5,7.1
2005-05-10,4.5,7.06
2005-05-11,4.5,7.096666666666668
2005-05-12,4.5,7.133333333333334
2005-05-13,4.5,7.17
2005-05-14,4.5,7.22
2005-05-15,4.69,7.24
2005-05-16,4.69,7.2
2005-05-17,4.75,7.285
2005-05-18,4.69,7.276666666666666
2005-05-19,4.69,7.268333333333333
2005-05-20,4.69,7.26
2005-05-21,4.56,7.17
2005-05-22,4.63,7.27
2005-05-23,4.75,7.275
2005-05-24,4.75,7.27
2005-05-25,4.63,7.296666666666666
2005-05-26,4.63,7.323333333333334
2005-05-27,4.56,7.35
2005-05-28,5.0,7.355
2005-05-29,4.69,7.35
2005-05-30,4.69,7.275
2005-05-31,4.69,7.25
2005-06-01,4.753333333333333,7.2666666666666675
2005-06-02,4.816666666666666,7.283333333333334
2005-06-03,4.88,7.3
2005-06-04,5.0,7.28
2005-06-05,4.94,7.32
2005-06-06,4.75,7.325
2005-06-07,4.75,7.375
2005-06-08,4.81,7.333333333333334
2005-06-09,4.81,7.291666666666666
2005-06-10,5.0,7.25
2005-06-11,4.94,7.225
2005-06-12,4.88,7.175
2005-06-13,4.94,7.25
2005-06-14,4.88,7.2
2005-06-15,4.75,7.208333333333334
2005-06-16,4.75,7.216666666666666
2005-06-17,4.75,7.225
2005-06-18,4.69,7.225
2005-06-19,4.69,7.2
2005-06-20,4.69,7.395
2005-06-21,5.0,7.225
2005-06-22,4.69,7.2666666666666675
2005-06-23,4.69,7.308333333333334
2005-06-24,4.69,7.35
2005-06-25,4.69,7.39
2005-06-26,4.69,7.375
2005-06-27,4.75,7.395
2005-06-28,4.69,7.4
2005-06-29,4.702,7.366666666666666
2005-06-30,4.714,7.333333333333334
2005-07-01,4.726,7.3
2005-07-02,4.738,7.39
2005-07-03,4.75,7.175
2005-07-04,5.0,7.35
2005-07-05,4.88,7.37
2005-07-06,5.0,7.363333333333332
2005-07-07,5.0,7.356666666666666
2005-07-08,4.88,7.35
2005-07-09,5.0,7.375
2005-07-10,5.0,7.33
2005-07-11,5.0,7.41
2005-07-12,4.94,7.42
2005-07-13,5.0,7.42
2005-07-14,5.0,7.42
2005-07-15,5.0,7.42
2005-07-16,5.0,7.42
2005-07-17,4.88,7.42
2005-07-18,5.0,7.42
2005-07-19,5.0,7.42
2005-07-20,5.0,7.406666666666666
2005-07-21,5.0,7.393333333333333
2005-07-22,5.13,7.38
2005-07-23,5.0,7.37
2005-07-24,5.0,7.35
2005-07-25,5.0,7.35
2005-07-26,5.0,7.37
2005-07-27,5.06,7.353333333333333
2005-07-28,5.06,7.336666666666666
2005-07-29,5.13,7.32
2005-07-30,5.13,7.19
2005-07-31,5.13,7.33
2005-08-01,5.003333333333333,7.3
2005-08-02,4.876666666666667,7.34
2005-08-03,4.75,7.333333333333334
2005-08-04,4.75,7.326666666666666
2005-08-05,4.75,7.32
2005-08-06,4.75,7.25
2005-08-07,4.69,7.29
2005-08-08,4.69,7.3
2005-08-09,4.69,7.35
2005-08-10,4.69,7.346666666666668
2005-08-11,4.69,7.343333333333334
2005-08-12,4.69,7.34
2005-08-13,4.69,7.3
2005-08-14,4.69,7.35
2005-08-15,4.69,7.3514285714285705
2005-08-16,4.69,7.352857142857142
2005-08-17,4.69,7.354285714285713
2005-08-18,4.69,7.355714285714287
2005-08-19,4.69,7.357142857142858
2005-08-20,4.69,7.358571428571427
2005-08-21,4.5,7.36
2005-08-22,4.37,7.36
2005-08-23,4.5,7.33
2005-08-24,4.38,7.326666666666666
2005-08-25,4.38,7.323333333333334
2005-08-26,4.38,7.32
2005-08-27,4.5,7.323333333333334
2005-08-28,4.5,7.326666666666666
2005-08-29,4.37,7.33
2005-08-30,4.25,7.33
2005-08-31,4.25,7.33
2005-09-01,4.25,7.33
2005-09-02,4.25,7.33
2005-09-03,4.25,7.35
2005-09-04,4.5,7.36
2005-09-05,4.5,7.36
2005-09-06,4.25,7.36
2005-09-07,4.25,7.346666666666668
2005-09-08,4.25,7.333333333333334
2005-09-09,4.25,7.32
2005-09-10,4.25,7.38
2005-09-11,4.25,7.33
2005-09-12,4.13,7.4
2005-09-13,4.13,7.39
2005-09-14,4.13,7.35
2005-09-15,4.13,7.31
2005-09-16,4.25,7.27
2005-09-17,4.88,7.43
2005-09-18,4.88,7.49
2005-09-19,6.9,7.4
2005-09-20,4.88,7.45
2005-09-21,5.0,7.45
2005-09-22,5.0,7.45
2005-09-23,4.63,7.45
2005-09-24,4.88,7.5
2005-09-25,4.63,7.51
2005-09-26,5.38,7.5
2005-09-27,4.75,7.49
2005-09-28,4.88,7.496666666666666
2005-09-29,4.88,7.503333333333334
2005-09-30,8.13,7.51
2005-10-01,4.88,7.52
2005-10-02,4.963333333333333,7.583333333333334
2005-10-03,5.046666666666667,7.646666666666666
2005-10-04,5.13,7.71
2005-10-05,5.25,7.753333333333334
2005-10-06,5.25,7.796666666666666
2005-10-07,5.38,7.84
2005-10-08,5.253333333333334,7.875
2005-10-09,5.126666666666666,7.85
2005-10-10,5.0,7.82
2005-10-11,5.0,7.82
2005-10-12,5.0,7.746666666666666
2005-10-13,5.0,7.673333333333334
2005-10-14,4.75,7.6
2005-10-15,4.88,7.85
2005-10-16,4.75,7.87
2005-10-17,4.75,7.88
2005-10-18,4.75,7.85375
2005-10-19,8.75,7.8275
2005-10-20,8.75,7.80125
2005-10-21,8.75,7.775
2005-10-22,6.88,7.84
2005-10-23,5.0,7.875
2005-10-24,5.0,8.08
2005-10-25,5.0,8.08
2005-10-26,5.25,8.023333333333332
2005-10-27,5.25,7.966666666666666
2005-10-28,5.38,7.91
2005-10-29,5.5,7.81
2005-10-30,5.38,8.01
2005-10-31,5.13,8.004
2005-11-01,5.336666666666666,7.997999999999998
2005-11-02,5.543333333333334,7.992000000000001
2005-11-03,5.75,7.9860000000000015
2005-11-04,6.25,7.98
2005-11-05,6.13,8.086666666666666
2005-11-06,6.25,8.193333333333333
2005-11-07,6.5,8.3
2005-11-08,6.31,8.2875
2005-11-09,6.81,8.275
2005-11-10,7.31,8.2625
2005-11-11,7.81,8.25
2005-11-12,8.13,8.292857142857143
2005-11-13,8.13,8.335714285714285
2005-11-14,8.13,8.378571428571428
2005-11-15,9.68,8.42142857142857
2005-11-16,8.5,8.464285714285715
2005-11-17,8.75,8.507142857142856
2005-11-18,8.44,8.55
2005-11-19,8.44,8.58
2005-11-20,9.06,8.8
2005-11-21,8.69,8.77
2005-11-22,8.75,8.93
2005-11-23,7.88,8.796666666666667
2005-11-24,7.88,8.663333333333334
2005-11-25,7.5,8.53
2005-11-26,5.5,8.78
2005-11-27,6.75,8.57
2005-11-28,6.75,8.572000000000001
2005-11-29,5.63,8.574
2005-11-30,5.31,8.576
2005-12-01,5.206666666666666,8.578
2005-12-02,5.1033333333333335,8.58
2005-12-03,5.0,8.77
2005-12-04,5.63,8.52
2005-12-05,6.25,8.645
2005-12-06,6.88,8.995
2005-12-07,6.25,8.906666666666666
2005-12-08,6.75,8.818333333333333
2005-12-09,6.06,8.73
2005-12-10,5.94,8.755
2005-12-11,6.25,8.72
2005-12-12,5.94,8.55
2005-12-13,6.25,8.63
2005-12-14,6.25,8.606666666666666
2005-12-15,5.94,8.583333333333334
2005-12-16,5.5,8.56
2005-12-17,5.25,8.72
2005-12-18,5.75,8.675
2005-12-19,5.93,8.685
2005-12-20,5.94,8.695
2005-12-21,6.25,8.705
2005-12-22,5.31,8.715
2005-12-23,5.31,8.725
2005-12-24,5.31,8.7
2005-12-25,5.13,8.7
2005-12-26,5.31,8.9
2005-12-27,5.13,8.97
2005-12-28,5.13,8.93
2005-12-29,4.69,8.89
2005-12-30,4.69,8.85
2005-12-31,4.38,8.85
2006-01-01,4.483333333333333,8.82
2006-01-02,4.586666666666667,8.9
2006-01-03,4.69,8.98
2006-01-04,4.13,9.013333333333334
2006-01-05,4.5,9.046666666666667
2006-01-06,4.25,9.08
2006-01-07,3.88,9.08
2006-01-08,3.88,9.075
2006-01-09,4.0,9.1
2006-01-10,4.69,9.35
2006-01-11,4.25,9.466666666666667
2006-01-12,5.0,9.583333333333334
2006-01-13,5.25,9.7
2006-01-14,5.0,9.855
2006-01-15,5.0,9.875
2006-01-16,5.0,9.83
2006-01-17,5.0,9.83
2006-01-18,4.06,9.895
2006-01-19,4.69,9.96
2006-01-20,4.5,10.025
2006-01-21,4.5,9.91
2006-01-22,4.5,9.875
2006-01-23,4.94,9.8
2006-01-24,4.5,9.885
2006-01-25,4.5,9.69
2006-01-26,4.666666666666667,9.495
2006-01-27,4.833333333333333,9.3
2006-01-28,5.0,9.105
2006-01-29,4.75,9.1
2006-01-30,4.75,9.08
2006-01-31,4.75,9.07
2006-02-01,4.73,9.33
2006-02-02,4.71,9.59
2006-02-03,4.69,9.85
2006-02-04,4.5,10.04
2006-02-05,4.5,10.05
2006-02-06,4.63,9.71
2006-02-07,4.75,9.7
2006-02-08,4.5,9.743333333333334
2006-02-09,4.13,9.786666666666667
2006-02-10,4.38,9.83
2006-02-11,4.38,9.91
2006-02-12,4.5,9.725
2006-02-13,4.5,9.41
2006-02-14,4.5,9.675
2006-02-15,4.543333333333333,9.618333333333334
2006-02-16,4.586666666666667,9.561666666666666
2006-02-17,4.63,9.505
2006-02-18,4.69,9.43
2006-02-19,4.75,9.33
2006-02-20,4.75,9.4
2006-02-21,4.88,9.4
2006-02-22,4.836666666666667,9.368333333333334
2006-02-23,4.793333333333333,9.336666666666666
2006-02-24,4.75,9.305
2006-02-25,4.75,9.27
2006-02-26,4.75,9.25
2006-02-27,4.75,9.325
2006-02-28,4.88,8.875
2006-03-01,4.9,8.883333333333333
2006-03-02,4.92,8.891666666666666
2006-03-03,4.94,8.9
2006-03-04,5.0,8.71
2006-03-05,5.0,8.8
2006-03-06,5.0,8.785
2006-03-07,5.06,8.76
2006-03-08,5.75,8.936666666666666
2006-03-09,5.18,9.113333333333333
2006-03-10,5.18,9.29
2006-03-11,5.203333333333334,9.4
2006-03-12,5.226666666666667,9.525
2006-03-13,5.25,9.33
2006-03-14,5.13,9.25
2006-03-15,5.336666666666666,9.3
2006-03-16,5.543333333333334,9.35
2006-03-17,5.75,9.4
2006-03-18,4.75,9.595
2006-03-19,5.13,9.6
2006-03-20,5.38,9.66
2006-03-21,5.38,9.9
2006-03-22,5.336666666666666,9.766666666666666
2006-03-23,5.293333333333334,9.633333333333333
2006-03-24,5.25,9.5
2006-03-25,4.88,9.4
2006-03-26,5.18,9.05
2006-03-27,5.0,8.11
2006-03-28,5.25,7.575
2006-03-29,5.0,7.535
2006-03-30,5.75,7.495
2006-03-31,5.63,7.455
2006-04-01,5.546666666666666,7.6
2006-04-02,5.463333333333334,7.41
2006-04-03,5.38,7.225
2006-04-04,5.06,7.2
2006-04-05,5.13,7.2
2006-04-06,5.0,7.2
2006-04-07,5.0,7.2
2006-04-08,5.0,7.35
2006-04-09,5.0,7.4
2006-04-10,5.0,7.35
2006-04-11,5.0,7.35
2006-04-12,5.0,7.333333333333334
2006-04-13,5.25,7.316666666666666
2006-04-14,5.13,7.3
2006-04-15,5.5,7.3
2006-04-16,5.37,7.45
2006-04-17,5.75,7.3
2006-04-18,5.5,7.4
2006-04-19,5.5,7.5
2006-04-20,5.5,7.6
2006-04-21,5.25,7.7
2006-04-22,5.5,8.1
2006-04-23,5.25,7.95
2006-04-24,5.5,8.1
2006-04-25,5.56,8.125
2006-04-26,7.5,8.133333333333333
2006-04-27,6.88,8.141666666666666
2006-04-28,7.0,8.15
2006-04-29,5.63,8.05
2006-04-30,5.75,8.05
2006-05-01,5.916666666666666,7.9
2006-05-02,6.083333333333334,7.75
2006-05-03,6.25,7.85
2006-05-04,5.75,7.95
2006-05-05,5.75,8.05
2006-05-06,5.5,8.1
2006-05-07,5.63,8.091666666666667
2006-05-08,5.5,8.083333333333334
2006-05-09,5.75,8.075
2006-05-10,5.75,8.075
2006-05-11,5.75,8.075
2006-05-12,5.75,8.075
2006-05-13,5.75,8.075
2006-05-14,5.75,8.075
2006-05-15,5.88,8.2
2006-05-16,6.0,8.2
2006-05-17,5.75,8.15
2006-05-18,5.75,8.141666666666666
2006-05-19,5.5,8.133333333333333
2006-05-20,5.63,8.125
2006-05-21,5.63,8.125
2006-05-22,5.63,8.2
2006-05-23,5.75,8.05
2006-05-24,6.88,8.05
2006-05-25,5.5,8.05
2006-05-26,5.5,8.05
2006-05-27,5.5,8.175
2006-05-28,5.5,8.18
2006-05-29,5.5,8.15
2006-05-30,5.88,8.175
2006-05-31,7.25,8.141666666666666
2006-06-01,6.845,8.108333333333334
2006-06-02,6.44,8.075
2006-06-03,6.035,8.15
2006-06-04,5.63,8.07
2006-06-05,5.63,8.115
2006-06-06,5.63,8.1
2006-06-07,5.63,8.116666666666667
2006-06-08,5.63,8.133333333333333
2006-06-09,5.63,8.15
2006-06-10,5.63,8.2
2006-06-11,5.88,8.32
2006-06-12,5.75,8.3
2006-06-13,5.75,8.2
2006-06-14,5.63,8.183333333333334
2006-06-15,5.63,8.166666666666666
2006-06-16,5.5,8.15
2006-06-17,5.5,8.2
2006-06-18,5.63,8.17
2006-06-19,5.5,8.27
2006-06-20,5.63,7.9
2006-06-21,8.13,7.9833333333333325
2006-06-22,5.5,8.066666666666666
2006-06-23,5.63,8.15
2006-06-24,5.75,8.05
2006-06-25,5.5,8.1
2006-06-26,5.5,8.1
2006-06-27,5.5,8.15
2006-06-28,7.5,8.166666666666666
2006-06-29,5.5,8.183333333333334
2006-06-30,5.5,8.2
2006-07-01,5.5,8.2
2006-07-02,5.5,8.25
2006-07-03,5.5,8.253333333333334
2006-07-04,5.63,8.256666666666666
2006-07-05,8.75,8.26
2006-07-06,5.63,8.263333333333334
2006-07-07,5.63,8.266666666666666
2006-07-08,8.44,8.27
2006-07-09,5.63,8.21
2006-07-10,5.75,8.3
2006-07-11,5.75,8.25
2006-07-12,7.5,8.233333333333334
2006-07-13,8.75,8.216666666666667
2006-07-14,5.75,8.2
2006-07-15,5.75,8.25
2006-07-16,5.75,8.32
2006-07-17,5.88,8.35
2006-07-18,5.75,8.35
2006-07-19,8.75,8.375
2006-07-20,5.75,8.4
2006-07-21,5.75,8.425
2006-07-22,5.75,8.4
2006-07-23,5.75,8.4
2006-07-24,5.75,8.42
2006-07-25,5.75,8.4
2006-07-26,6.38,8.416666666666666
2006-07-27,5.75,8.433333333333334
2006-07-28,5.63,8.45
2006-07-29,5.75,8.55
2006-07-30,5.75,8.541666666666666
2006-07-31,5.75,8.533333333333333
2006-08-01,5.75,8.525
2006-08-02,5.75,8.516666666666666
2006-08-03,5.75,8.508333333333333
2006-08-04,5.63,8.5
2006-08-05,5.88,8.45
2006-08-06,5.75,8.525
2006-08-07,5.5,8.5
2006-08-08,5.88,8.625
2006-08-09,8.75,8.716666666666667
2006-08-10,5.88,8.808333333333334
2006-08-11,5.88,8.9
2006-08-12,7.5,8.9
2006-08-13,6.0,8.9
2006-08-14,7.5,9.05
2006-08-15,7.0,9.18
2006-08-16,6.5,9.31
2006-08-17,6.0,9.44
2006-08-18,6.25,9.57
2006-08-19,6.25,9.57
2006-08-20,6.25,9.57
2006-08-21,6.25,9.45
2006-08-22,6.38,9.45
2006-08-23,6.25,9.516666666666666
2006-08-24,6.25,9.583333333333334
2006-08-25,6.25,9.65
2006-08-26,6.5,9.685
2006-08-27,6.5,9.56
2006-08-28,6.63,9.69
2006-08-29,6.5,9.57
2006-08-30,7.5,9.58
2006-08-31,6.5,9.59
2006-09-01,6.543333333333334,9.6
2006-09-02,6.586666666666666,9.66
2006-09-03,6.63,9.656666666666666
2006-09-04,7.0,9.653333333333334
2006-09-05,6.75,9.65
2006-09-06,6.88,9.656666666666666
2006-09-07,6.88,9.663333333333334
2006-09-08,7.63,9.67
2006-09-09,8.75,9.67
2006-09-10,7.63,9.775
2006-09-11,7.5,9.7
2006-09-12,7.5,9.75
2006-09-13,7.63,9.733333333333334
2006-09-14,7.63,9.716666666666667
2006-09-15,7.63,9.7
2006-09-16,7.5,9.67
2006-09-17,7.5,9.7
2006-09-18,7.63,9.696428571428571
2006-09-19,7.63,9.692857142857145
2006-09-20,10.63,9.689285714285717
2006-09-21,11.88,9.685714285714283
2006-09-22,9.44,9.682142857142855
2006-09-23,8.13,9.678571428571429
2006-09-24,8.13,9.675
2006-09-25,8.13,9.65
2006-09-26,8.13,9.65
2006-09-27,11.25,9.653333333333334
2006-09-28,8.13,9.656666666666666
2006-09-29,8.44,9.66
2006-09-30,8.44,9.65
2006-10-01,8.985,9.65
2006-10-02,9.53,9.652
2006-10-03,10.075,9.654
2006-10-04,10.62,9.656
2006-10-05,7.88,9.658
2006-10-06,7.5,9.66
2006-10-07,10.0,9.69
2006-10-08,8.13,9.72
2006-10-09,7.81,9.75
2006-10-10,7.81,9.7
2006-10-11,9.38,9.726666666666668
2006-10-12,7.5,9.753333333333334
2006-10-13,7.5,9.78
2006-10-14,8.75,9.82
2006-10-15,7.5,10.11
2006-10-16,7.81,10.05
2006-10-17,7.75,10.1
2006-10-18,8.88,10.106666666666666
2006-10-19,8.75,10.113333333333333
2006-10-20,8.38,10.12
2006-10-21,7.5,10.1
2006-10-22,8.44,10.21
2006-10-23,8.75,10.1
2006-10-24,11.5,10.14
2006-10-25,11.25,10.26
2006-10-26,10.31,10.38
2006-10-27,10.31,10.5
2006-10-28,10.63,10.55
2006-10-29,11.88,10.6
2006-10-30,11.88,10.6
2006-10-31,11.25,10.47
2006-11-01,11.043333333333333,10.526
2006-11-02,10.836666666666668,10.582
2006-11-03,10.63,10.638
2006-11-04,10.0,10.694
2006-11-05,12.5,10.75
2006-11-06,8.75,10.55
2006-11-07,9.38,10.53
2006-11-08,9.17,10.653333333333332
2006-11-09,8.96,10.776666666666667
2006-11-10,8.75,10.9
2006-11-11,11.88,10.85
2006-11-12,9.38,10.95
2006-11-13,6.25,11.27
2006-11-14,7.5,11.226
2006-11-15,8.126666666666667,11.182
2006-11-16,8.753333333333334,11.138
2006-11-17,9.38,11.094
2006-11-18,6.25,11.05
2006-11-19,6.25,11.12
2006-11-20,6.56,10.65
2006-11-21,6.56,10.72
2006-11-22,6.88,10.7775
2006-11-23,6.56,10.835
2006-11-24,6.13,10.8925
2006-11-25,5.94,10.95
2006-11-26,5.38,11.17
2006-11-27,4.88,11.15
2006-11-28,4.88,11.07
2006-11-29,4.904,10.99
2006-11-30,4.928,10.91
2006-12-01,4.952,10.83
2006-12-02,4.976,10.75
2006-12-03,5.0,11.07
2006-12-04,4.88,10.9
2006-12-05,5.31,10.8
2006-12-06,5.0,10.85
2006-12-07,4.88,10.9
2006-12-08,4.13,10.95
2006-12-09,4.057142857142857,10.87
2006-12-10,3.9842857142857135,10.85
2006-12-11,3.911428571428572,11.0
2006-12-12,3.838571428571429,10.92
2006-12-13,3.7657142857142856,10.88
2006-12-14,3.692857142857143,10.84
2006-12-15,3.62,10.8
2006-12-16,3.496666666666667,10.85
2006-12-17,3.373333333333333,10.72
2006-12-18,3.25,10.8
2006-12-19,3.63,10.65
2006-12-20,3.75,10.673333333333332
2006-12-21,3.38,10.696666666666667
2006-12-22,3.13,10.72
2006-12-23,3.31,10.65
2006-12-24,3.31,10.75
2006-12-25,4.25,10.65
2006-12-26,4.25,10.7
2006-12-27,4.06,10.64
2006-12-28,4.4,10.58
2006-12-29,2.75,10.52
2006-12-30,2.75,10.56
2006-12-31,2.75,10.55
2007-01-01,3.38,10.63
2007-01-02,3.3175,10.6
2007-01-03,3.255,10.566666666666668
2007-01-04,3.1925,10.533333333333333
2007-01-05,3.13,10.5
2007-01-06,3.13,10.37
2007-01-07,3.13,10.35
2007-01-08,2.81,10.55
2007-01-09,2.81,10.56
2007-01-10,2.833333333333333,10.523333333333332
2007-01-11,2.856666666666667,10.486666666666668
2007-01-12,2.88,10.45
2007-01-13,2.81,10.53
2007-01-14,3.13,10.49
2007-01-15,3.0,10.23
2007-01-16,3.13,9.7
2007-01-17,3.213333333333333,9.926666666666666
2007-01-18,3.296666666666667,10.153333333333334
2007-01-19,3.38,10.38
2007-01-20,3.38,9.8
2007-01-21,3.38,10.3
2007-01-22,3.63,10.45
2007-01-23,3.63,9.8
2007-01-24,3.592,9.83
2007-01-25,3.554,9.86
2007-01-26,3.516,9.89
2007-01-27,3.478,9.92
2007-01-28,3.44,9.95
2007-01-29,3.44,9.55
2007-01-30,3.88,9.6
2007-01-31,3.75,9.65
2007-02-01,3.44,9.7
2007-02-02,3.44,10.02
2007-02-03,3.44,10.0
2007-02-04,3.44,10.05
2007-02-05,3.63,10.11
2007-02-06,3.63,10.35
2007-02-07,3.63,10.333333333333332
2007-02-08,3.63,10.316666666666668
2007-02-09,3.63,10.3
2007-02-10,3.88,10.35
2007-02-11,4.69,10.41
2007-02-12,5.38,10.37
2007-02-13,5.0,10.37
2007-02-14,5.0,10.38
2007-02-15,4.88,10.39
2007-02-16,4.5,10.4
2007-02-17,4.06,10.35
2007-02-18,4.13,10.3
2007-02-19,3.75,10.19
2007-02-20,3.88,10.26
2007-02-21,4.13,10.223333333333334
2007-02-22,4.38,10.186666666666666
2007-02-23,4.63,10.15
2007-02-24,4.69,10.1
2007-02-25,4.38,10.1
2007-02-26,4.5,10.06
2007-02-27,4.88,10.05
2007-02-28,5.0,9.966666666666667
2007-03-01,4.88,9.883333333333333
2007-03-02,4.75,9.8
2007-03-03,4.88,9.95
2007-03-04,5.0,9.923333333333334
2007-03-05,5.0,9.896666666666668
2007-03-06,5.13,9.87
2007-03-07,5.0,9.863333333333333
2007-03-08,5.38,9.856666666666666
2007-03-09,5.75,9.85
2007-03-10,5.88,9.59
2007-03-11,5.88,10.05
2007-03-12,5.94,9.9
2007-03-13,6.0,9.94
2007-03-14,5.63,10.002
2007-03-15,5.31,10.064
2007-03-16,5.13,10.126
2007-03-17,5.38,10.188
2007-03-18,5.38,10.25
2007-03-19,5.94,10.1
2007-03-20,5.94,10.3
2007-03-21,5.75,10.283333333333333
2007-03-22,5.94,10.266666666666667
2007-03-23,4.63,10.25
2007-03-24,5.5,10.35
2007-03-25,5.63,10.25
2007-03-26,5.75,9.87
2007-03-27,5.5,10.1
2007-03-28,4.38,10.04
2007-03-29,4.75,9.98
2007-03-30,4.38,9.92
2007-03-31,4.38,9.86
2007-04-01,4.06,9.8
2007-04-02,4.024,9.7
2007-04-03,3.988,9.32
2007-04-04,3.952,9.23
2007-04-05,3.916,9.14
2007-04-06,3.88,9.05
2007-04-07,5.94,9.23
2007-04-08,5.94,9.22
2007-04-09,5.31,8.35
2007-04-10,5.75,8.55
2007-04-11,5.626666666666666,8.7
2007-04-12,5.503333333333334,8.85
2007-04-13,5.38,9.0
2007-04-14,5.0,9.0
2007-04-15,5.38,8.85
2007-04-16,5.454,8.9
2007-04-17,5.528,9.1
2007-04-18,5.602,9.133333333333333
2007-04-19,5.676,9.166666666666666
2007-04-20,5.75,9.2
2007-04-21,5.75,9.1
2007-04-22,5.88,9.07
2007-04-23,5.75,9.02
2007-04-24,5.88,9.12
2007-04-25,5.836666666666666,9.08
2007-04-26,5.793333333333334,9.04
2007-04-27,5.75,9.0
2007-04-28,5.75,8.95
2007-04-29,5.88,9.0
2007-04-30,5.88,9.0
2007-05-01,5.75,9.0
2007-05-02,5.793333333333334,9.0
2007-05-03,5.836666666666666,9.0
2007-05-04,5.88,9.0
2007-05-05,5.94,9.05
2007-05-06,5.94,8.77
2007-05-07,5.94,9.0
2007-05-08,5.94,8.975
2007-05-09,5.836666666666666,8.95
2007-05-10,5.7333333333333325,8.925
2007-05-11,5.63,8.9
2007-05-12,5.63,8.92
2007-05-13,5.63,8.95
2007-05-14,5.94,8.85
2007-05-15,5.88,8.8
2007-05-16,5.9,8.79
2007-05-17,5.92,8.78
2007-05-18,5.94,8.77
2007-05-19,6.13,8.92
2007-05-20,5.94,9.05
2007-05-21,5.63,8.82
2007-05-22,5.63,8.7
2007-05-23,5.42,8.75
2007-05-24,5.21,8.8
2007-05-25,5.0,8.85
2007-05-26,6.13,8.75
2007-05-27,6.13,8.741666666666667
2007-05-28,6.25,8.733333333333334
2007-05-29,6.13,8.725
2007-05-30,6.253333333333334,8.716666666666667
2007-05-31,6.376666666666666,8.708333333333334
2007-06-01,6.5,8.7
2007-06-02,6.5,8.75
2007-06-03,6.5,8.795
2007-06-04,6.38,8.84
2007-06-05,6.5,8.885
2007-06-06,6.46,8.93
2007-06-07,6.42,8.975
2007-06-08,6.38,9.02
2007-06-09,5.94,9.03
2007-06-10,6.25,9.04
2007-06-11,6.25,9.05
2007-06-12,6.25,9.01
2007-06-13,6.333333333333334,9.023333333333332
2007-06-14,6.416666666666666,9.036666666666667
2007-06-15,6.5,9.05
2007-06-16,6.5,9.08
2007-06-17,6.63,9.02
2007-06-18,6.63,9.02
2007-06-19,6.56,9.05
2007-06-20,6.6075,9.12
2007-06-21,6.655,9.19
2007-06-22,6.7025,9.26
2007-06-23,6.75,9.245
2007-06-24,6.56,9.23
2007-06-25,6.63,9.215
2007-06-26,6.63,9.2
2007-06-27,6.63,9.216666666666667
2007-06-28,6.63,9.233333333333334
2007-06-29,6.63,9.25
2007-06-30,6.63,9.2
2007-07-01,6.56,9.25
2007-07-02,7.0,9.15
2007-07-03,7.0,9.3
2007-07-04,6.876666666666666,9.316666666666666
2007-07-05,6.753333333333334,9.333333333333334
2007-07-06,6.63,9.35
2007-07-07,6.63,9.57
2007-07-08,6.63,9.51
2007-07-09,6.75,9.5
2007-07-10,6.75,9.7
2007-07-11,6.71,9.733333333333334
2007-07-12,6.67,9.766666666666666
2007-07-13,6.63,9.8
2007-07-14,6.63,9.833333333333334
2007-07-15,6.63,9.866666666666667
2007-07-16,7.0,9.9
2007-07-17,7.0,9.8
2007-07-18,7.0,9.8
2007-07-19,7.0,9.8
2007-07-20,7.0,9.8
2007-07-21,7.0,9.816666666666666
2007-07-22,7.0,9.833333333333334
2007-07-23,7.0,9.85
2007-07-24,6.87,9.85
2007-07-25,6.873333333333334,9.856666666666666
2007-07-26,6.876666666666666,9.863333333333333
2007-07-27,6.88,9.87
2007-07-28,7.0,9.95
2007-07-29,7.13,9.95
2007-07-30,6.88,9.85
2007-07-31,7.0,9.9
2007-08-01,7.0,9.9
2007-08-02,7.0,9.9
2007-08-03,7.0,9.9
2007-08-04,7.0,9.72
2007-08-05,7.13,9.71
2007-08-06,6.88,9.7
2007-08-07,7.25,9.75
2007-08-08,7.083333333333334,9.736666666666666
2007-08-09,6.916666666666666,9.723333333333334
2007-08-10,6.75,9.71
2007-08-11,13.13,9.8
2007-08-12,7.19,9.5
2007-08-13,7.13,9.7
2007-08-14,7.13,9.65
2007-08-15,7.13,9.666666666666666
2007-08-16,7.13,9.683333333333334
2007-08-17,7.13,9.7
2007-08-18,7.13,9.71
2007-08-19,7.0,9.75
2007-08-20,7.0,9.65
2007-08-21,7.13,9.7
2007-08-22,7.086666666666666,9.683333333333334
2007-08-23,7.043333333333334,9.666666666666666
2007-08-24,7.0,9.65
2007-08-25,6.88,9.75
2007-08-26,6.63,9.76
2007-08-27,6.88,9.67
2007-08-28,7.0,9.6775
2007-08-29,7.043333333333334,9.685
2007-08-30,7.086666666666666,9.6925
2007-08-31,7.13,9.7
2007-09-01,7.0,9.62
2007-09-02,7.13,9.71
2007-09-03,7.13,9.545
2007-09-04,7.5,9.58875
2007-09-05,7.426,9.6325
2007-09-06,7.352,9.67625
2007-09-07,7.278,9.72
2007-09-08,7.204,9.5
2007-09-09,7.13,9.75
2007-09-10,7.5,9.75
2007-09-11,7.5,9.7
2007-09-12,7.603333333333333,9.766666666666666
2007-09-13,7.706666666666666,9.833333333333334
2007-09-14,7.81,9.9
2007-09-15,7.81,9.72
2007-09-16,7.81,9.65
2007-09-17,7.81,9.6
2007-09-18,7.81,9.51
2007-09-19,8.02,9.596666666666666
2007-09-20,8.23,9.683333333333334
2007-09-21,8.44,9.77
2007-09-22,8.336666666666666,9.77
2007-09-23,8.233333333333334,9.72
2007-09-24,8.13,9.6
2007-09-25,8.13,9.7
2007-09-26,8.13,9.7
2007-09-27,8.13,9.7
2007-09-28,8.13,9.7
2007-09-29,8.13,9.7
2007-09-30,7.5,9.7
2007-10-01,8.13,9.65
2007-10-02,8.233333333333334,9.6625
2007-10-03,8.336666666666666,9.675
2007-10-04,8.44,9.6875
2007-10-05,8.13,9.7
2007-10-06,8.13,9.75
2007-10-07,8.13,9.74
2007-10-08,8.13,9.85
2007-10-09,8.13,9.98
2007-10-10,8.13,10.01
2007-10-11,8.13,10.04
2007-10-12,8.13,10.07
2007-10-13,8.13,10.1
2007-10-14,8.13,10.1
2007-10-15,8.13,10.0
2007-10-16,8.13,10.0
2007-10-17,8.13,10.066666666666666
2007-10-18,8.13,10.133333333333333
2007-10-19,8.13,10.2
2007-10-20,8.13,10.2
2007-10-21,8.13,10.2
2007-10-22,8.13,10.1
2007-10-23,8.13,10.15
2007-10-24,8.023333333333332,10.166666666666666
2007-10-25,7.916666666666666,10.183333333333334
2007-10-26,7.81,10.2
2007-10-27,7.81,10.4
2007-10-28,7.81,10.27
2007-10-29,8.13,10.21
2007-10-30,7.81,10.05
2007-10-31,7.603333333333333,10.13
2007-11-01,7.396666666666666,10.21
2007-11-02,7.19,10.29
2007-11-03,7.19,10.37
2007-11-04,7.19,10.4
2007-11-05,8.75,10.4
2007-11-06,7.19,10.42
2007-11-07,7.086666666666666,10.393333333333333
2007-11-08,6.9833333333333325,10.366666666666667
2007-11-09,6.88,10.34
2007-11-10,6.25,10.283333333333333
2007-11-11,7.19,10.226666666666668
2007-11-12,7.19,10.17
2007-11-13,10.0,10.4
2007-11-14,9.166666666666666,10.366666666666667
2007-11-15,8.333333333333334,10.333333333333332
2007-11-16,7.5,10.3
2007-11-17,7.5,10.27
2007-11-18,7.5,10.25
2007-11-19,8.75,9.82
2007-11-20,8.75,10.2
2007-11-21,8.126666666666667,10.133333333333333
2007-11-22,7.503333333333334,10.066666666666666
2007-11-23,6.88,10.0
2007-11-24,6.25,10.2
2007-11-25,6.25,10.2
2007-11-26,6.5,10.2
2007-11-27,7.5,10.22
2007-11-28,7.21,10.163333333333334
2007-11-29,6.92,10.106666666666666
2007-11-30,6.63,10.05
2007-12-01,7.25,10.0
2007-12-02,7.25,10.12
2007-12-03,6.75,10.15
2007-12-04,6.75,10.12
2007-12-05,6.166666666666666,10.1
2007-12-06,5.583333333333334,10.08
2007-12-07,5.0,10.06
2007-12-08,5.5,10.17
2007-12-09,5.5,10.05
2007-12-10,5.5,10.07
2007-12-11,5.5,9.87
2007-12-12,5.543333333333334,9.886666666666667
2007-12-13,5.586666666666666,9.903333333333334
2007-12-14,5.63,9.92
2007-12-15,4.88,10.0
2007-12-16,4.88,10.1
2007-12-17,4.88,10.2
2007-12-18,4.69,10.1
2007-12-19,4.71,10.1
2007-12-20,4.73,10.1
2007-12-21,4.75,10.1
2007-12-22,4.75,10.05
2007-12-23,4.69,10.2
2007-12-24,4.75,10.05
2007-12-25,4.626,10.2
2007-12-26,4.502,10.2
2007-12-27,4.378,10.2
2007-12-28,4.254,10.2
2007-12-29,4.13,10.0
2007-12-30,4.086666666666667,10.12
2007-12-31,4.043333333333333,10.1
2008-01-01,4.0,10.2
2008-01-02,4.166666666666667,10.216666666666667
2008-01-03,4.333333333333333,10.233333333333334
2008-01-04,4.5,10.25
2008-01-05,4.5,10.12
2008-01-06,4.25,10.15
2008-01-07,4.25,10.15
2008-01-08,4.63,10.2
2008-01-09,4.38,10.353333333333332
2008-01-10,4.13,10.506666666666668
2008-01-11,3.88,10.66
2008-01-12,4.06,10.45
2008-01-13,3.88,10.5
2008-01-14,4.0,10.55
2008-01-15,4.25,10.4
2008-01-16,4.21,10.563333333333333
2008-01-17,4.17,10.726666666666668
2008-01-18,4.13,10.89
2008-01-19,4.13,10.7
2008-01-20,4.13,10.82
2008-01-21,4.13,10.56
2008-01-22,4.13,10.85
2008-01-23,4.316666666666666,10.76
2008-01-24,4.503333333333333,10.67
2008-01-25,4.69,10.58
2008-01-26,4.8966666666666665,10.583333333333332
2008-01-27,5.1033333333333335,10.586666666666668
2008-01-28,5.31,10.59
2008-01-29,5.31,10.55
2008-01-30,4.956666666666667,10.636666666666667
2008-01-31,4.6033333333333335,10.723333333333333
2008-02-01,4.25,10.81
2008-02-02,4.25,10.65
2008-02-03,4.25,10.65
2008-02-04,4.75,10.69
2008-02-05,5.0,10.65
2008-02-06,4.916666666666667,10.6
2008-02-07,4.833333333333333,10.55
2008-02-08,4.75,10.5
2008-02-09,4.75,10.45
2008-02-10,4.75,10.4
2008-02-11,5.0,10.55
2008-02-12,4.88,10.51
2008-02-13,4.92,10.556666666666667
2008-02-14,4.96,10.603333333333332
2008-02-15,5.0,10.65
2008-02-16,4.88,10.65
2008-02-17,4.88,10.6
2008-02-18,4.88,10.6
2008-02-19,5.0,10.6
2008-02-20,5.0,10.666666666666668
2008-02-21,5.0,10.733333333333333
2008-02-22,5.0,10.8
2008-02-23,4.88,10.92
2008-02-24,4.88,10.8
2008-02-25,4.88,10.85
2008-02-26,4.88,10.85
2008-02-27,4.836666666666667,10.866666666666667
2008-02-28,4.793333333333333,10.883333333333333
2008-02-29,4.75,10.9
2008-03-01,4.75,10.62
2008-03-02,4.75,10.7
2008-03-03,4.75,10.65
2008-03-04,4.75,10.65
2008-03-05,4.793333333333333,10.666666666666668
2008-03-06,4.836666666666667,10.683333333333332
2008-03-07,4.88,10.7
2008-03-08,4.88,10.85
2008-03-09,4.88,10.85
2008-03-10,4.88,10.82
2008-03-11,4.88,10.8
2008-03-12,4.8133333333333335,10.8
2008-03-13,4.746666666666667,10.8
2008-03-14,4.68,10.8
2008-03-15,4.75,10.8
2008-03-16,4.63,10.9
2008-03-17,4.38,10.8
2008-03-18,4.38,10.8
2008-03-19,4.38,10.82
2008-03-20,4.38,10.84
2008-03-21,4.38,10.86
2008-03-22,4.38,10.806666666666667
2008-03-23,4.38,10.753333333333332
2008-03-24,4.38,10.7
2008-03-25,4.38,10.65
2008-03-26,4.38,10.69
2008-03-27,4.38,10.73
2008-03-28,4.38,10.77
2008-03-29,4.361428571428572,10.57
2008-03-30,4.342857142857143,10.37
2008-03-31,4.324285714285715,10.57
2008-04-01,4.305714285714285,10.49
2008-04-02,4.2871428571428565,10.56
2008-04-03,4.268571428571429,10.63
2008-04-04,4.25,10.7
2008-04-05,4.63,10.84
2008-04-06,4.63,10.5
2008-04-07,4.5,10.65
2008-04-08,4.5,10.0
2008-04-09,4.5,10.0
2008-04-10,4.5,10.0
2008-04-11,4.5,10.0
2008-04-12,4.0,10.0
2008-04-13,4.0,10.0
2008-04-14,4.0,10.0
2008-04-15,4.0,10.0
2008-04-16,4.125,10.0
2008-04-17,4.25,10.0
2008-04-18,4.375,10.0
2008-04-19,4.5,10.0
2008-04-20,4.625,10.05
2008-04-21,4.75,10.1
2008-04-22,4.75,10.15
2008-04-23,4.75,10.2
2008-04-24,4.75,10.25
2008-04-25,4.75,10.3
2008-04-26,4.75,10.3
2008-04-27,4.75,10.3
2008-04-28,4.5,10.3
2008-04-29,4.4375,10.3
2008-04-30,4.375,10.366666666666667
2008-05-01,4.3125,10.433333333333332
2008-05-02,4.25,10.5
2008-05-03,4.25,10.9
2008-05-04,4.25,11.0
2008-05-05,4.25,10.957142857142856
2008-05-06,4.0,10.914285714285713
2008-05-07,4.083333333333333,10.871428571428574
2008-05-08,4.166666666666667,10.82857142857143
2008-05-09,4.25,10.785714285714288
2008-05-10,4.63,10.742857142857142
2008-05-11,4.63,10.7
2008-05-12,4.68,10.7
2008-05-13,4.75,10.7
2008-05-14,4.666666666666667,10.7
2008-05-15,4.583333333333333,10.7
2008-05-16,4.5,10.7
2008-05-17,4.63,10.7
2008-05-18,4.64,10.7
2008-05-19,4.65,10.7
2008-05-20,4.66,10.7
2008-05-21,4.67,10.666666666666668
2008-05-22,4.68,10.633333333333333
2008-05-23,4.69,10.6
2008-05-24,4.69,10.5
2008-05-25,4.6875,10.4
2008-05-26,4.69,10.45
2008-05-27,4.69,10.4
2008-05-28,4.5,10.4
2008-05-29,4.69,10.4
2008-05-30,4.69,10.4
2008-05-31,4.5,10.45
2008-06-01,4.5,10.5
2008-06-02,4.5,10.5
2008-06-03,4.69,10.45
2008-06-04,4.376666666666667,10.483333333333333
2008-06-05,4.0633333333333335,10.516666666666667
2008-06-06,3.75,10.55
2008-06-07,4.69,10.55
2008-06-08,4.5,10.533333333333333
2008-06-09,4.69,10.516666666666667
2008-06-10,4.63,10.5
2008-06-11,4.586666666666667,10.516666666666667
2008-06-12,4.543333333333333,10.533333333333333
2008-06-13,4.5,10.55
2008-06-14,4.56,10.55
2008-06-15,4.62,10.5
2008-06-16,4.68,10.6
2008-06-17,4.69,10.6
2008-06-18,4.753333333333333,10.533333333333333
2008-06-19,4.816666666666666,10.466666666666667
2008-06-20,4.88,10.4
2008-06-21,4.69,10.45
2008-06-22,4.625,10.5
2008-06-23,4.0,10.5
2008-06-24,4.0,10.55
2008-06-25,3.966666666666667,10.533333333333333
2008-06-26,3.933333333333333,10.516666666666667
2008-06-27,3.9,10.5
2008-06-28,3.8,10.5
2008-06-29,3.9,10.45
2008-06-30,4.0,10.45
2008-07-01,4.1,10.4
2008-07-02,4.133333333333333,10.4
2008-07-03,4.166666666666667,10.4
2008-07-04,4.2,10.4
2008-07-05,4.0,10.35
2008-07-06,4.0,10.3
2008-07-07,4.0,10.35
2008-07-08,3.9,10.3
2008-07-09,4.6,10.316666666666668
2008-07-10,5.3,10.333333333333332
2008-07-11,6.0,10.35
2008-07-12,5.0,10.35
2008-07-13,5.625,10.4
2008-07-14,7.5,10.4
2008-07-15,7.5,10.4
2008-07-16,7.5,10.4
2008-07-17,7.5,10.4
2008-07-18,7.5,10.4
2008-07-19,7.5,10.35
2008-07-20,6.88,10.35
2008-07-21,6.88,10.35
2008-07-22,7.19,10.3
2008-07-23,7.085,10.283333333333333
2008-07-24,6.98,10.266666666666667
2008-07-25,6.875,10.25
2008-07-26,6.88,10.25
2008-07-27,6.88,10.3
2008-07-28,6.88,10.35
2008-07-29,6.88,10.45
2008-07-30,7.413333333333334,10.4
2008-07-31,7.946666666666666,10.35
2008-08-01,8.48,10.3
2008-08-02,8.125,10.35
2008-08-03,7.8,10.3
2008-08-04,7.81,10.3
2008-08-05,8.125,10.3
2008-08-06,8.125,10.333333333333332
2008-08-07,8.125,10.366666666666667
2008-08-08,8.125,10.4
2008-08-09,8.125,10.4
2008-08-10,8.125,10.3
2008-08-11,7.8125,10.3
2008-08-12,8.44,10.3
2008-08-13,8.377,10.3
2008-08-14,8.314,10.3
2008-08-15,8.251,10.3
2008-08-16,8.187999999999999,10.3
2008-08-17,8.125,10.3
2008-08-18,8.125,10.3
2008-08-19,8.125,10.3
2008-08-20,8.958333333333334,10.3
2008-08-21,9.791666666666666,10.3
2008-08-22,10.625,10.3
2008-08-23,10.625,10.25
2008-08-24,8.25,10.35
2008-08-25,5.875,10.3
2008-08-26,3.5,10.25
2008-08-27,5.125,10.2
2008-08-28,6.75,10.15
2008-08-29,8.375,10.1
2008-08-30,10.0,10.15
2008-08-31,4.0,10.1
2008-09-01,4.0,10.1
2008-09-02,4.1,10.1
2008-09-03,4.2,10.133333333333333
2008-09-04,4.3,10.166666666666666
2008-09-05,4.4,10.2
2008-09-06,4.5,10.2
2008-09-07,4.625,10.1
2008-09-08,4.625,10.1
2008-09-09,4.625,10.1
2008-09-10,4.625,10.1
2008-09-11,4.625,10.1
2008-09-12,4.625,10.1
2008-09-13,4.625,10.1
2008-09-14,4.625,10.25
2008-09-15,4.625,10.2
2008-09-16,4.625,10.25
2008-09-17,4.625,10.333333333333332
2008-09-18,4.625,10.416666666666668
2008-09-19,4.625,10.5
2008-09-20,4.625,10.6
2008-09-21,4.625,10.5
2008-09-22,4.8125,10.35
2008-09-23,5.0,10.35
2008-09-24,5.0,10.35
2008-09-25,5.0,10.35
2008-09-26,5.0,10.35
2008-09-27,5.0,10.45
2008-09-28,5.0,10.5
2008-09-29,5.0,10.6
2008-09-30,5.0,10.55
2008-10-01,5.0,10.525
2008-10-02,5.0,10.5
2008-10-03,5.0,10.475
2008-10-04,5.0,10.45
2008-10-05,5.0,10.45
2008-10-06,5.0,10.45
2008-10-07,5.0,10.5
2008-10-08,5.0,10.533333333333333
2008-10-09,5.0,10.566666666666668
2008-10-10,5.0,10.6
2008-10-11,5.0,10.5
2008-10-12,5.0,10.55
2008-10-13,5.0,10.55
2008-10-14,4.0,10.6
2008-10-15,4.333333333333333,10.65
2008-10-16,4.666666666666667,10.7
2008-10-17,5.0,10.75
2008-10-18,5.0,10.55
2008-10-19,4.375,10.6
2008-10-20,5.0,10.65
2008-10-21,4.75,10.65
2008-10-22,4.833333333333333,10.666666666666668
2008-10-23,4.916666666666667,10.683333333333332
2008-10-24,5.0,10.7
2008-10-25,4.75,10.75
2008-10-26,4.75,10.75
2008-10-27,4.25,10.75
2008-10-28,4.5,10.75
2008-10-29,4.416666666666667,10.733333333333333
2008-10-30,4.333333333333333,10.716666666666667
2008-10-31,4.25,10.7
2008-11-01,4.25,10.6
2008-11-02,4.25,10.75
2008-11-03,4.25,10.8
2008-11-04,5.6875,10.7
2008-11-05,7.125,10.666666666666668
2008-11-06,8.5625,10.633333333333333
2008-11-07,10.0,10.6
2008-11-08,8.75,10.65
2008-11-09,8.75,10.65
2008-11-10,3.5,10.6
2008-11-11,3.5,10.7
2008-11-12,4.0,10.766666666666667
2008-11-13,4.5,10.833333333333332
2008-11-14,5.0,10.9
2008-11-15,5.0,11.0
2008-11-16,5.0,11.016666666666667
2008-11-17,5.0,11.033333333333333
2008-11-18,5.0,11.05
2008-11-19,4.833333333333333,11.066666666666668
2008-11-20,4.666666666666667,11.083333333333332
2008-11-21,4.5,11.1
2008-11-22,4.625,11.1
2008-11-23,4.5,11.1
2008-11-24,4.5,11.1
2008-11-25,4.5,11.1125
2008-11-26,4.5,11.125
2008-11-27,4.5,11.1375
2008-11-28,4.5,11.15
2008-11-29,4.333333333333333,11.1625
2008-11-30,4.166666666666667,11.175
2008-12-01,4.0,11.1875
2008-12-02,4.0,11.2
2008-12-03,3.833333333333333,11.2
2008-12-04,3.666666666666667,11.2
2008-12-05,3.5,11.2
2008-12-06,3.5,11.1
2008-12-07,3.5,11.1
2008-12-08,3.125,11.1
2008-12-09,3.125,11.1
2008-12-10,3.083333333333333,11.066666666666668
2008-12-11,3.041666666666667,11.033333333333333
2008-12-12,3.0,11.0
2008-12-13,3.125,11.0
2008-12-14,3.125,11.0
2008-12-15,3.0,10.95
2008-12-16,2.8125,10.95
2008-12-17,2.75,10.966666666666667
2008-12-18,2.6875,10.983333333333333
2008-12-19,2.625,11.0
2008-12-20,2.5625,11.0
2008-12-21,2.5,11.0
2008-12-22,2.5,11.05
2008-12-23,2.5,11.1
2008-12-24,2.4675,11.1
2008-12-25,2.435,11.1
2008-12-26,2.4025,11.1
2008-12-27,2.37,11.2
2008-12-28,2.5,11.2
2008-12-29,2.5,11.3
2008-12-30,2.5,11.4
2008-12-31,2.5416666666666665,11.366666666666667
2009-01-01,2.583333333333333,11.333333333333332
2009-01-02,2.625,11.3
2009-01-03,2.5,11.3
2009-01-04,2.5,11.25
2009-01-05,2.625,11.3
2009-01-06,2.625,11.25
2009-01-07,2.583333333333333,11.233333333333333
2009-01-08,2.5416666666666665,11.216666666666667
2009-01-09,2.5,11.2
2009-01-10,3.4375,11.3
2009-01-11,2.5,11.25
2009-01-12,2.5,11.25
2009-01-13,2.5,11.25
2009-01-14,2.5,11.3
2009-01-15,2.5,11.35
2009-01-16,2.5,11.4
2009-01-17,2.5,11.25
2009-01-18,2.5,11.25
2009-01-19,2.5,11.25
2009-01-20,2.5,11.25
2009-01-21,2.5,11.266666666666667
2009-01-22,2.5,11.283333333333333
2009-01-23,2.5,11.3
2009-01-24,2.375,11.35
2009-01-25,2.375,11.3
2009-01-26,2.375,11.3
2009-01-27,2.375,11.3
2009-01-28,2.375,11.3
2009-01-29,2.375,11.3
2009-01-30,2.375,11.3
2009-01-31,2.375,11.5
2009-02-01,2.375,11.5
2009-02-02,2.5,11.5
2009-02-03,2.5,11.55
2009-02-04,2.5,11.533333333333333
2009-02-05,2.5,11.516666666666667
2009-02-06,2.5,11.5
2009-02-07,2.5,11.5
2009-02-08,2.5,11.55
2009-02-09,2.5,11.55
2009-02-10,2.5,11.55
2009-02-11,2.625,11.55
2009-02-12,2.75,11.55
2009-02-13,2.875,11.55
2009-02-14,3.0,11.5
2009-02-15,3.0,11.516666666666667
2009-02-16,3.0,11.533333333333333
2009-02-17,3.0,11.55
2009-02-18,3.041666666666667,11.566666666666668
2009-02-19,3.083333333333333,11.583333333333332
2009-02-20,3.125,11.6
2009-02-21,3.125,11.7
2009-02-22,3.125,11.7
2009-02-23,3.125,11.65
2009-02-24,4.375,11.65
2009-02-25,4.125,11.666666666666668
2009-02-26,3.875,11.683333333333332
2009-02-27,3.625,11.7
2009-02-28,3.625,11.6
2009-03-01,3.625,11.4
2009-03-02,4.5,11.4
2009-03-03,4.5,11.35
2009-03-04,4.541666666666667,11.3
2009-03-05,4.583333333333333,11.25
2009-03-06,4.625,11.2
2009-03-07,4.5,11.15
2009-03-08,4.5,11.2
2009-03-09,4.5,11.35
2009-03-10,4.5,11.2125
2009-03-11,4.5,11.075
2009-03-12,4.5,10.9375
2009-03-13,4.5,10.8
2009-03-14,5.0,10.9
2009-03-15,5.0,10.75
2009-03-16,5.0,10.7
2009-03-17,5.0,10.6
2009-03-18,5.0,10.65
2009-03-19,5.0,10.7
2009-03-20,5.0,10.75
2009-03-21,5.5,10.95
2009-03-22,5.5,11.0
2009-03-23,5.75,11.25
2009-03-24,5.75,11.0
2009-03-25,6.0,11.083333333333332
2009-03-26,6.25,11.166666666666668
2009-03-27,6.5,11.25
2009-03-28,6.5,11.2
2009-03-29,6.5,11.15
2009-03-30,6.6,11.1
2009-03-31,6.6,11.05
2009-04-01,6.7958333333333325,11.0
2009-04-02,6.991666666666666,10.95
2009-04-03,7.1875,10.9
2009-04-04,7.1875,10.9
2009-04-05,7.1875,10.8
2009-04-06,7.125,10.5
2009-04-07,7.0,10.5
2009-04-08,7.1,10.466666666666667
2009-04-09,7.2,10.433333333333332
2009-04-10,7.3,10.4
2009-04-11,7.3,10.65
2009-04-12,7.2,10.45
2009-04-13,7.375,10.44
2009-04-14,7.5,10.43
2009-04-15,7.5,10.42
2009-04-16,7.5,10.41
2009-04-17,7.5,10.4
2009-04-18,7.5,10.35
2009-04-19,7.5,10.3
2009-04-20,7.5,10.3
2009-04-21,7.5,10.35
2009-04-22,7.5,10.35
2009-04-23,7.5,10.35
2009-04-24,7.5,10.35
2009-04-25,7.5,10.4
2009-04-26,7.5,10.4
2009-04-27,7.5,10.35
2009-04-28,7.5,10.3
2009-04-29,7.666666666666666,10.3
2009-04-30,7.833333333333334,10.3
2009-05-01,8.0,10.3
2009-05-02,8.0,10.3
2009-05-03,8.0,10.4
2009-05-04,8.0,10.35
2009-05-05,7.5,10.25
2009-05-06,7.541666666666666,10.2625
2009-05-07,7.583333333333334,10.275
2009-05-08,7.625,10.2875
2009-05-09,8.375,10.3
2009-05-10,8.375,10.3
2009-05-11,8.375,10.4
2009-05-12,8.125,10.4
2009-05-13,8.125,10.4
2009-05-14,8.125,10.4
2009-05-15,8.125,10.4
2009-05-16,7.875,10.45
2009-05-17,7.875,10.45
2009-05-18,8.2,10.6
2009-05-19,8.2,10.5
2009-05-20,8.2,10.5
2009-05-21,8.2,10.5
2009-05-22,8.2,10.5
2009-05-23,8.2,10.5
2009-05-24,7.8,10.5
2009-05-25,8.2,10.5
2009-05-26,8.5,10.5
2009-05-27,8.553571428571429,10.433333333333332
2009-05-28,8.607142857142856,10.366666666666667
2009-05-29,8.660714285714285,10.3
2009-05-30,8.714285714285715,10.35
2009-05-31,8.767857142857144,10.35
2009-06-01,8.821428571428571,10.3
2009-06-02,8.875,10.35
2009-06-03,8.875,10.333333333333332
2009-06-04,8.875,10.316666666666668
2009-06-05,8.875,10.3
2009-06-06,13.75,10.4
2009-06-07,13.125,10.4
2009-06-08,9.0,10.4
2009-06-09,9.0,10.4
2009-06-10,9.333333333333334,10.4
2009-06-11,9.666666666666666,10.4
2009-06-12,10.0,10.4
2009-06-13,10.5,10.3
2009-06-14,10.5,10.35
2009-06-15,10.5,10.3
2009-06-16,10.5,10.3
2009-06-17,11.166666666666668,10.283333333333333
2009-06-18,11.833333333333332,10.266666666666667
2009-06-19,12.5,10.25
2009-06-20,10.5,10.2
2009-06-21,10.5,10.2
2009-06-22,10.5,10.25
2009-06-23,10.625,10.35
2009-06-24,10.520833333333332,10.35
2009-06-25,10.416666666666668,10.35
2009-06-26,10.3125,10.35
2009-06-27,10.5,10.3
2009-06-28,10.5,10.25
2009-06-29,10.5,10.35
2009-06-30,10.5,10.35
2009-07-01,10.5,10.35
2009-07-02,10.5,10.35
2009-07-03,10.5,10.35
2009-07-04,10.5,10.3
2009-07-05,10.5,10.4
2009-07-06,10.75,10.3
2009-07-07,10.75,10.25
2009-07-08,10.75,10.316666666666668
2009-07-09,10.75,10.383333333333333
2009-07-10,10.75,10.45
2009-07-11,10.875,10.45
2009-07-12,10.875,10.55
2009-07-13,10.875,10.6
2009-07-14,10.625,10.6
2009-07-15,10.625,10.6
2009-07-16,10.625,10.6
2009-07-17,10.625,10.6
2009-07-18,10.625,10.6
2009-07-19,10.625,10.65
2009-07-20,10.625,10.65
2009-07-21,10.625,10.55
2009-07-22,10.625,10.55
2009-07-23,10.625,10.55
2009-07-24,10.625,10.55
2009-07-25,10.5,10.5
2009-07-26,10.5,10.5
2009-07-27,10.5,10.55
2009-07-28,10.5,10.45
2009-07-29,10.5,10.433333333333332
2009-07-30,10.5,10.416666666666668
2009-07-31,10.5,10.4
2009-08-01,10.5,10.5
2009-08-02,10.625,10.5
2009-08-03,10.5,10.4
2009-08-04,10.5,10.35
2009-08-05,10.5,10.433333333333332
2009-08-06,10.5,10.516666666666667
2009-08-07,10.5,10.6
2009-08-08,10.5,10.7
2009-08-09,10.5,10.75
2009-08-10,10.5,10.9
2009-08-11,10.5,11.05
2009-08-12,10.5,11.0
2009-08-13,10.5,10.95
2009-08-14,10.5,10.9
2009-08-15,10.666666666666668,10.933333333333332
2009-08-16,10.833333333333332,10.966666666666667
2009-08-17,11.0,11.0
2009-08-18,11.0,11.0
2009-08-19,11.041666666666668,11.033333333333333
2009-08-20,11.083333333333332,11.066666666666668
2009-08-21,11.125,11.1
2009-08-22,11.25,11.1
2009-08-23,11.125,11.1
2009-08-24,11.25,11.1
2009-08-25,11.25,11.15
2009-08-26,11.25,11.15
2009-08-27,11.25,11.15
2009-08-28,11.25,11.15
2009-08-29,11.25,11.1
2009-08-30,11.25,11.1
2009-08-31,11.25,11.15
2009-09-01,11.25,11.15
2009-09-02,11.583333333333332,11.15
2009-09-03,11.916666666666668,11.15
2009-09-04,12.25,11.15
2009-09-05,12.125,11.1
2009-09-06,12.5,11.15
2009-09-07,12.815,11.15
2009-09-08,12.815,11.2
2009-09-09,13.126666666666667,11.3
2009-09-10,13.438333333333333,11.4
2009-09-11,13.75,11.5
2009-09-12,14.375,11.65
2009-09-13,14.375,11.65
2009-09-14,14.375,11.45
2009-09-15,14.375,11.4
2009-09-16,14.583333333333332,11.45
2009-09-17,14.791666666666668,11.5
2009-09-18,15.0,11.55
2009-09-19,15.0,11.5
2009-09-20,15.0,11.55
2009-09-21,16.25,11.5
2009-09-22,16.25,11.5
2009-09-23,16.25,11.6
2009-09-24,16.25,11.65
2009-09-25,16.25,11.7
2009-09-26,16.25,11.7
2009-09-27,16.25,11.75
2009-09-28,16.07142857142857,11.7
2009-09-29,15.892857142857142,11.65
2009-09-30,15.714285714285715,11.62
2009-10-01,15.535714285714285,11.59
2009-10-02,15.357142857142858,11.56
2009-10-03,15.178571428571427,11.53
2009-10-04,15.0,11.5
2009-10-05,15.0,11.4
2009-10-06,15.0,11.5
2009-10-07,15.0,11.616666666666667
2009-10-08,15.0,11.733333333333333
2009-10-09,15.0,11.85
2009-10-10,15.0,11.85
2009-10-11,15.0,11.9
2009-10-12,15.625,11.75
2009-10-13,15.625,12.0
2009-10-14,15.416666666666668,12.066666666666668
2009-10-15,15.208333333333332,12.133333333333333
2009-10-16,15.0,12.2
2009-10-17,15.0,12.25
2009-10-18,15.0,12.25
2009-10-19,15.0,12.25
2009-10-20,15.0,12.6
2009-10-21,15.0,12.6
2009-10-22,15.0,12.6
2009-10-23,15.0,12.6
2009-10-24,15.625,12.5
2009-10-25,15.625,12.55
2009-10-26,15.625,12.7
2009-10-27,15.625,12.7
2009-10-28,15.625,12.933333333333332
2009-10-29,15.625,13.166666666666668
2009-10-30,15.625,13.4
2009-10-31,15.625,13.6
2009-11-01,15.625,13.55
2009-11-02,15.375,13.5
2009-11-03,15.125,13.5
2009-11-04,14.875,13.516666666666667
2009-11-05,14.625,13.533333333333333
2009-11-06,14.375,13.55
2009-11-07,15.625,13.7
2009-11-08,16.25,13.75
2009-11-09,15.0,13.6
2009-11-10,15.0,13.6
2009-11-11,14.375,13.533333333333333
2009-11-12,13.75,13.466666666666667
2009-11-13,13.125,13.4
2009-11-14,12.5,13.5
2009-11-15,12.5,13.6
2009-11-16,13.4375,12.2
2009-11-17,12.5,13.7
2009-11-18,12.0,13.666666666666668
2009-11-19,11.5,13.633333333333333
2009-11-20,11.0,13.6
2009-11-21,11.0,13.5
2009-11-22,10.625,13.7
2009-11-23,10.5,13.7
2009-11-24,10.5,13.6
2009-11-25,10.25,13.533333333333333
2009-11-26,10.0,13.466666666666667
2009-11-27,9.75,13.4
2009-11-28,9.75,13.5
2009-11-29,9.75,13.5
2009-11-30,9.5,13.5
2009-12-01,9.5,13.4
2009-12-02,9.5,13.566666666666668
2009-12-03,9.5,13.733333333333333
2009-12-04,9.5,13.9
2009-12-05,8.5,14.1
2009-12-06,8.5,14.2
2009-12-07,8.75,14.2
2009-12-08,7.625,14.2
2009-12-09,7.666666666666666,14.066666666666668
2009-12-10,7.708333333333334,13.933333333333332
2009-12-11,7.75,13.8
2009-12-12,7.5,13.85
2009-12-13,7.5,13.85
2009-12-14,7.75,14.0
2009-12-15,7.5,13.95
2009-12-16,7.166666666666666,13.9
2009-12-17,6.833333333333334,13.85
2009-12-18,6.5,13.8
2009-12-19,6.40625,13.9
2009-12-20,6.3125,14.0
2009-12-21,6.21875,13.9
2009-12-22,6.125,14.0
2009-12-23,6.1,13.95
2009-12-24,6.075,13.9
2009-12-25,6.05,13.85
2009-12-26,6.025,13.8
2009-12-27,6.0,13.85
2009-12-28,6.0,13.8
2009-12-29,6.2,13.4
2009-12-30,6.3,13.466666666666667
2009-12-31,6.4,13.533333333333333
2010-01-01,6.5,13.6
2010-01-02,6.5,13.7
2010-01-03,6.5,13.9
2010-01-04,7.5,13.9
2010-01-05,7.5,14.1
2010-01-06,6.833333333333334,13.966666666666667
2010-01-07,6.166666666666666,13.833333333333332
2010-01-08,5.5,13.7
2010-01-09,4.6875,14.0
2010-01-10,4.6875,14.3
2010-01-11,5.5,14.2
2010-01-12,6.0,14.0
2010-01-13,5.833333333333334,14.15
2010-01-14,5.666666666666666,14.3
2010-01-15,5.5,14.45
2010-01-16,5.5,14.2
2010-01-17,5.5,14.15
2010-01-18,5.0,14.2
2010-01-19,5.25,14.2
2010-01-20,5.166666666666666,14.2
2010-01-21,5.083333333333333,14.2
2010-01-22,5.0,14.2
2010-01-23,4.625,13.9
2010-01-24,4.625,14.0
2010-01-25,4.75,13.7
2010-01-26,4.6875,13.7
2010-01-27,4.625,13.7
2010-01-28,4.5625,13.7
2010-01-29,4.5,13.7
2010-01-30,4.5,13.6
2010-01-31,4.0,13.6
2010-02-01,3.875,13.65
2010-02-02,4.25,13.7
2010-02-03,4.166666666666667,13.7
2010-02-04,4.083333333333333,13.7
2010-02-05,4.0,13.7
2010-02-06,4.125,13.7
2010-02-07,4.375,13.7
2010-02-08,5.0,13.7
2010-02-09,5.5,13.4
2010-02-10,5.166666666666666,13.433333333333332
2010-02-11,4.833333333333333,13.466666666666667
2010-02-12,4.5,13.5
2010-02-13,4.0,13.6
2010-02-14,4.0,13.5
2010-02-15,4.25,13.25
2010-02-16,4.25,13.35
2010-02-17,4.1,13.35
2010-02-18,3.95,13.35
2010-02-19,3.8,13.35
2010-02-20,4.0,13.45
2010-02-21,3.9,13.4
2010-02-22,3.875,13.4
2010-02-23,4.25,13.4
2010-02-24,4.208333333333333,13.383333333333333
2010-02-25,4.166666666666667,13.366666666666667
2010-02-26,4.125,13.35
2010-02-27,4.125,13.5
2010-02-28,4.25,13.4
2010-03-01,4.6875,13.16
2010-03-02,4.6875,12.92
2010-03-03,4.541666666666667,12.68
2010-03-04,4.395833333333333,12.44
2010-03-05,4.25,12.2
2010-03-06,4.125,12.2
2010-03-07,4.125,12.2
2010-03-08,4.125,12.25
2010-03-09,4.25,12.2
2010-03-10,4.25,12.166666666666668
2010-03-11,4.25,12.133333333333333
2010-03-12,4.25,12.1
2010-03-13,4.25,12.2
2010-03-14,4.25,11.75
2010-03-15,4.25,11.85
2010-03-16,4.25,11.95
2010-03-17,4.25,11.983333333333333
2010-03-18,4.25,12.016666666666667
2010-03-19,4.25,12.05
2010-03-20,3.5,12.0
2010-03-21,3.25,12.05
2010-03-22,3.375,12.0
2010-03-23,3.375,11.85
2010-03-24,3.75,11.733333333333333
2010-03-25,4.125,11.616666666666667
2010-03-26,4.5,11.5
2010-03-27,4.5,11.4
2010-03-28,4.5,11.4
2010-03-29,4.5,11.15
2010-03-30,4.5,11.15
2010-03-31,4.416666666666667,11.1
2010-04-01,4.333333333333333,11.05
2010-04-02,4.25,11.0
2010-04-03,4.125,11.0
2010-04-04,3.6875,11.0
2010-04-05,4.5,11.0
2010-04-06,5.0,11.0
2010-04-07,5.0,11.0
2010-04-08,5.0,11.0
2010-04-09,5.0,11.0
2010-04-10,4.583333333333333,11.0
2010-04-11,4.166666666666667,11.0
2010-04-12,3.75,11.0
2010-04-13,4.75,11.0
2010-04-14,4.666666666666667,11.016666666666667
2010-04-15,4.583333333333333,11.033333333333333
2010-04-16,4.5,11.05
2010-04-17,5.5,11.1
2010-04-18,5.5,11.1
2010-04-19,5.25,11.05
2010-04-20,5.1875,11.1
2010-04-21,5.125,11.1
2010-04-22,5.0625,11.1
2010-04-23,5.0,11.1
2010-04-24,5.0,11.2
2010-04-25,5.0,11.4
2010-04-26,5.0,11.35
2010-04-27,5.0,11.4
2010-04-28,5.0,11.366666666666667
2010-04-29,5.0,11.333333333333332
2010-04-30,5.0,11.3
2010-05-01,4.6,11.25
2010-05-02,5.0,11.25
2010-05-03,4.6,11.2
2010-05-04,4.6,11.3
2010-05-05,4.6,11.3
2010-05-06,4.6,11.3
2010-05-07,4.6,11.3
2010-05-08,4.6,11.4
2010-05-09,4.6,11.5
2010-05-10,4.6,11.5
2010-05-11,4.4,11.4
2010-05-12,4.6,11.433333333333332
2010-05-13,4.8,11.466666666666667
2010-05-14,5.0,11.5
2010-05-15,5.0,11.45
2010-05-16,5.0,11.2
2010-05-17,5.0,11.44
2010-05-18,4.8,11.48
2010-05-19,4.8,11.486666666666668
2010-05-20,4.8,11.493333333333332
2010-05-21,4.8,11.5
2010-05-22,4.8,11.65
2010-05-23,4.8,11.6
2010-05-24,4.8,11.7
2010-05-25,4.8,11.65
2010-05-26,4.8,11.666666666666668
2010-05-27,4.8,11.683333333333332
2010-05-28,4.8,11.7
2010-05-29,5.033333333333333,11.8
2010-05-30,5.266666666666667,11.8
2010-05-31,5.5,11.8
2010-06-01,5.5,11.8
2010-06-02,5.6,11.9
2010-06-03,5.7,12.0
2010-06-04,5.8,12.1
2010-06-05,5.6,12.3
2010-06-06,5.6,12.0
2010-06-07,5.0,12.2
2010-06-08,5.4,12.5
2010-06-09,5.533333333333334,12.466666666666667
2010-06-10,5.666666666666666,12.433333333333332
2010-06-11,5.8,12.4
2010-06-12,5.8,12.4
2010-06-13,5.8,12.4
2010-06-14,5.8,12.3
2010-06-15,5.8,12.35
2010-06-16,5.8,12.35
2010-06-17,5.8,12.35
2010-06-18,5.8,12.35
2010-06-19,5.8,12.45
2010-06-20,5.8,12.4
2010-06-21,5.8,12.5
2010-06-22,5.8,12.3
2010-06-23,5.8,12.4
2010-06-24,5.8,12.5
2010-06-25,5.8,12.6
2010-06-26,5.866666666666666,12.3
2010-06-27,5.933333333333334,12.35
2010-06-28,6.0,12.2
2010-06-29,6.0,12.0
2010-06-30,5.933333333333334,12.0
2010-07-01,5.866666666666666,12.0
2010-07-02,5.8,12.0
2010-07-03,5.8,12.1
2010-07-04,5.8,12.0
2010-07-05,5.8,11.7
2010-07-06,5.8,12.1
2010-07-07,5.8,12.166666666666668
2010-07-08,5.8,12.233333333333333
2010-07-09,5.8,12.3
2010-07-10,5.8,12.2
2010-07-11,5.8,12.15
2010-07-12,5.8,12.25
2010-07-13,5.8,12.25
2010-07-14,5.7,12.233333333333333
2010-07-15,5.6,12.216666666666667
2010-07-16,5.5,12.2
2010-07-17,5.5,12.2
2010-07-18,5.5,12.1
2010-07-19,10.0,12.3
2010-07-20,5.5,11.95
2010-07-21,5.4,12.0
2010-07-22,5.3,12.05
2010-07-23,5.2,12.1
2010-07-24,5.0,12.0
2010-07-25,5.2,12.0
2010-07-26,5.0,12.1
2010-07-27,5.0,12.0
2010-07-28,4.733333333333333,11.966666666666667
2010-07-29,4.466666666666667,11.933333333333332
2010-07-30,4.2,11.9
2010-07-31,4.2,11.6
2010-08-01,4.2,11.7
2010-08-02,4.1,11.8
2010-08-03,4.0,11.95
2010-08-04,4.15,12.0
2010-08-05,4.3,12.05
2010-08-06,4.45,12.1
2010-08-07,4.6,12.0
2010-08-08,4.6,11.95
2010-08-09,4.2,11.9
2010-08-10,4.2,11.85
2010-08-11,4.2,11.9
2010-08-12,4.2,11.95
2010-08-13,4.2,12.0
2010-08-14,7.5,12.0
2010-08-15,7.5,11.966666666666667
2010-08-16,7.5,11.933333333333332
2010-08-17,7.5,11.9
2010-08-18,7.5,11.916666666666668
2010-08-19,7.5,11.933333333333332
2010-08-20,7.5,11.95
2010-08-21,4.0,12.0
2010-08-22,7.5,12.0
2010-08-23,7.5,12.2
2010-08-24,7.5,11.95
2010-08-25,7.68,11.966666666666667
2010-08-26,7.86,11.983333333333333
2010-08-27,8.04,12.0
2010-08-28,8.22,11.9
2010-08-29,8.4,11.75
2010-08-30,8.38,11.8
2010-08-31,8.36,11.8
2010-09-01,8.34,11.783333333333333
2010-09-02,8.32,11.766666666666667
2010-09-03,8.3,11.75
2010-09-04,5.4,11.8
2010-09-05,5.4,11.8
2010-09-06,7.2,11.9
2010-09-07,5.4,12.0
2010-09-08,5.533333333333334,12.033333333333333
2010-09-09,5.666666666666666,12.066666666666668
2010-09-10,5.8,12.1
2010-09-11,5.6,11.9
2010-09-12,5.6,12.05
2010-09-13,6.2,12.1
2010-09-14,6.2,12.2
2010-09-15,6.466666666666666,12.166666666666668
2010-09-16,6.7333333333333325,12.133333333333333
2010-09-17,7.0,12.1
2010-09-18,7.4,12.0
2010-09-19,8.0,12.0
2010-09-20,8.0,11.85
2010-09-21,11.6,11.95
2010-09-22,11.4,11.983333333333333
2010-09-23,11.2,12.016666666666667
2010-09-24,11.0,12.05
2010-09-25,9.0,12.4
2010-09-26,9.0,12.2
2010-09-27,9.0,12.0
2010-09-28,11.0,12.3
2010-09-29,10.333333333333332,12.2
2010-09-30,9.666666666666666,12.1
2010-10-01,9.0,12.0
2010-10-02,9.333333333333334,12.05
2010-10-03,9.666666666666666,12.1
2010-10-04,10.0,12.15
2010-10-05,10.0,11.95
2010-10-06,10.0,11.983333333333333
2010-10-07,10.0,12.016666666666667
2010-10-08,10.0,12.05
2010-10-09,10.5,12.1
2010-10-10,10.5,12.3
2010-10-11,11.0,12.2
2010-10-12,11.0,12.3
2010-10-13,10.666666666666668,12.3
2010-10-14,10.333333333333332,12.3
2010-10-15,10.0,12.3
2010-10-16,10.5,12.25
2010-10-17,9.0,12.35
2010-10-18,8.5,12.5
2010-10-19,9.5,12.4
2010-10-20,9.666666666666666,12.4
2010-10-21,9.833333333333334,12.4
2010-10-22,10.0,12.4
2010-10-23,10.0,12.4
2010-10-24,9.166666666666666,12.35
2010-10-25,8.333333333333334,12.3
2010-10-26,7.5,12.25
2010-10-27,7.5,12.2
2010-10-28,7.5,12.15
2010-10-29,7.5,12.1
2010-10-30,8.0,12.1
2010-10-31,8.0,12.2
2010-11-01,7.5,12.2
2010-11-02,10.5,12.2
2010-11-03,9.5,12.2
2010-11-04,8.5,12.2
2010-11-05,7.5,12.2
2010-11-06,7.5,12.4
2010-11-07,7.5,12.0
2010-11-08,8.0,12.0
2010-11-09,7.5,12.0
2010-11-10,8.666666666666666,12.166666666666668
2010-11-11,9.833333333333334,12.333333333333332
2010-11-12,11.0,12.5
2010-11-13,10.5,12.25
2010-11-14,10.5,12.3
2010-11-15,10.5,12.4
2010-11-16,10.5,12.4
2010-11-17,10.0,12.4
2010-11-18,9.5,12.4
2010-11-19,9.0,12.4
2010-11-20,6.5,12.7
2010-11-21,9.0,12.4
2010-11-22,9.0,12.7
2010-11-23,9.0,12.45
2010-11-24,8.666666666666666,12.466666666666667
2010-11-25,8.333333333333334,12.483333333333333
2010-11-26,8.0,12.5
2010-11-27,8.0,12.35
2010-11-28,8.0,12.35
2010-11-29,8.4,12.6
2010-11-30,8.0,12.4
2010-12-01,7.666666666666666,12.4
2010-12-02,7.333333333333334,12.4
2010-12-03,7.0,12.4
2010-12-04,6.0,12.47
2010-12-05,6.0,12.5
2010-12-06,6.0,12.4
2010-12-07,6.0,12.35
2010-12-08,6.0,12.333333333333332
2010-12-09,6.0,12.316666666666668
2010-12-10,6.0,12.3
2010-12-11,5.5,12.3
2010-12-12,5.5,12.4
2010-12-13,5.0,12.3
2010-12-14,5.0,12.4
2010-12-15,4.666666666666667,12.5
2010-12-16,4.333333333333333,12.6
2010-12-17,4.0,12.7
2010-12-18,4.0,12.7
2010-12-19,4.5,12.7
2010-12-20,4.5,12.5
2010-12-21,4.5,12.6
2010-12-22,4.333333333333333,12.633333333333333
2010-12-23,4.166666666666667,12.666666666666668
2010-12-24,4.0,12.7
2010-12-25,4.0,12.6
2010-12-26,4.0,12.6
2010-12-27,4.2,12.6
2010-12-28,4.2,12.6
2010-12-29,4.866666666666667,12.566666666666668
2010-12-30,5.533333333333334,12.533333333333333
2010-12-31,6.2,12.5
2011-01-01,5.5,12.75
2011-01-02,5.0,12.7
2011-01-03,5.0,13.25
2011-01-04,4.5,12.9
2011-01-05,4.4,12.933333333333332
2011-01-06,4.3,12.966666666666667
2011-01-07,4.2,13.0
2011-01-08,4.4,13.0
2011-01-09,4.4,13.1
2011-01-10,4.4,13.1
2011-01-11,4.6,13.2
2011-01-12,4.466666666666667,13.283333333333333
2011-01-13,4.333333333333333,13.366666666666667
2011-01-14,4.2,13.45
2011-01-15,4.2,13.6
2011-01-16,3.8,13.55
2011-01-17,3.8,13.3
2011-01-18,3.8,13.3
2011-01-19,3.8,13.15
2011-01-20,3.8,13.0
2011-01-21,3.8,12.85
2011-01-22,3.5,12.95
2011-01-23,3.6,13.0
2011-01-24,4.0,13.0
2011-01-25,4.0,13.0
2011-01-26,3.733333333333333,13.033333333333333
2011-01-27,3.466666666666667,13.066666666666668
2011-01-28,3.2,13.1
2011-01-29,3.4,13.1
2011-01-30,3.4,13.15
2011-01-31,3.4,13.2
2011-02-01,3.4,13.1
2011-02-02,3.4,13.133333333333333
2011-02-03,3.4,13.166666666666668
2011-02-04,3.4,13.2
2011-02-05,3.4,13.0
2011-02-06,3.4,13.05
2011-02-07,3.4,13.0
2011-02-08,3.7,12.8
2011-02-09,3.733333333333333,12.833333333333332
2011-02-10,3.766666666666667,12.866666666666667
2011-02-11,3.8,12.9
2011-02-12,3.8,12.75
2011-02-13,3.8,12.85
2011-02-14,4.0,12.85
2011-02-15,4.6,12.8
2011-02-16,4.533333333333333,12.833333333333332
2011-02-17,4.466666666666667,12.866666666666667
2011-02-18,4.4,12.9
2011-02-19,4.4,12.75
2011-02-20,4.4,12.75
2011-02-21,4.4,12.7
2011-02-22,4.8,12.65
2011-02-23,4.733333333333333,12.683333333333332
2011-02-24,4.666666666666667,12.716666666666667
2011-02-25,4.6,12.75
2011-02-26,4.6,12.92
2011-02-27,4.5,12.86
2011-02-28,4.6,12.65
2011-03-01,5.0,12.7
2011-03-02,5.0,12.733333333333333
2011-03-03,5.0,12.766666666666667
2011-03-04,5.0,12.8
2011-03-05,5.0,12.8
2011-03-06,5.0,12.7
2011-03-07,5.0,12.65
2011-03-08,5.0,12.6
2011-03-09,5.0,12.633333333333333
2011-03-10,5.0,12.666666666666668
2011-03-11,5.0,12.7
2011-03-12,5.0,12.65
2011-03-13,5.0,12.7
2011-03-14,4.6,12.7
2011-03-15,5.0,12.7
2011-03-16,5.0,12.683333333333332
2011-03-17,5.0,12.666666666666668
2011-03-18,5.0,12.65
2011-03-19,5.0,12.5
2011-03-20,5.0,12.25
2011-03-21,5.0,12.0
2011-03-22,5.0,11.75
2011-03-23,5.066666666666666,11.6
2011-03-24,5.133333333333334,11.45
2011-03-25,5.2,11.3
2011-03-26,5.0,11.5
2011-03-27,4.8,11.3
2011-03-28,4.4,11.45
2011-03-29,4.8,11.5
2011-03-30,4.666666666666667,11.466666666666667
2011-03-31,4.533333333333333,11.433333333333332
2011-04-01,4.4,11.4
2011-04-02,4.6,11.5
2011-04-03,5.0,11.55
2011-04-04,5.0,11.6
2011-04-05,5.2,11.6
2011-04-06,5.066666666666666,11.5
2011-04-07,4.933333333333334,11.4
2011-04-08,4.8,11.3
2011-04-09,4.8,11.35
2011-04-10,4.8,11.3
2011-04-11,4.8,11.3
2011-04-12,5.4,11.25
2011-04-13,5.4,11.35
2011-04-14,5.4,11.45
2011-04-15,5.4,11.55
2011-04-16,6.1,11.35
2011-04-17,5.0,11.4
2011-04-18,4.8,11.5
2011-04-19,5.2,11.5
2011-04-20,5.4,11.516666666666667
2011-04-21,5.6,11.533333333333333
2011-04-22,5.8,11.55
2011-04-23,5.8,11.2
2011-04-24,5.6,11.5
2011-04-25,5.8,11.5
2011-04-26,5.6,11.7
2011-04-27,5.6,11.703333333333333
2011-04-28,5.6,11.706666666666667
2011-04-29,5.6,11.71
2011-04-30,5.6,11.7
2011-05-01,5.4,11.7
2011-05-02,5.4,11.7
2011-05-03,5.4,11.7
2011-05-04,5.466666666666666,11.703333333333333
2011-05-05,5.533333333333334,11.706666666666667
2011-05-06,5.6,11.71
2011-05-07,5.6,11.7
2011-05-08,5.4,11.7
2011-05-09,5.4,11.7
2011-05-10,5.6,11.7
2011-05-11,5.666666666666666,11.703333333333333
2011-05-12,5.7333333333333325,11.706666666666667
2011-05-13,5.8,11.71
2011-05-14,5.8,11.71
2011-05-15,5.8,11.75
2011-05-16,5.6,11.8
2011-05-17,5.6,11.8
2011-05-18,5.6,11.8
2011-05-19,5.6,11.8
2011-05-20,5.6,11.8
2011-05-21,5.6,11.75
2011-05-22,5.6,11.75
2011-05-23,6.0,11.8
2011-05-24,6.0,11.7
2011-05-25,6.0,11.783333333333333
2011-05-26,6.0,11.866666666666667
2011-05-27,6.0,11.95
2011-05-28,6.0,11.8
2011-05-29,6.0,11.7
2011-05-30,6.0,11.7
2011-05-31,6.0,11.75
2011-06-01,6.0,11.7
2011-06-02,6.0,11.65
2011-06-03,6.0,11.6
2011-06-04,6.0,11.7
2011-06-05,6.0,11.6
2011-06-06,6.0,11.5
2011-06-07,6.0,11.45
2011-06-08,6.0,11.533333333333333
2011-06-09,6.0,11.616666666666667
2011-06-10,6.0,11.7
2011-06-11,6.0,11.69
2011-06-12,6.0,11.73
2011-06-13,6.2,11.74
2011-06-14,6.2,11.87
2011-06-15,6.133333333333334,12.06
2011-06-16,6.066666666666666,12.25
2011-06-17,6.0,12.44
2011-06-18,6.0,12.27
2011-06-19,6.2,11.8
2011-06-20,6.4,11.82
2011-06-21,6.0,11.72
2011-06-22,6.0,11.93
2011-06-23,6.0,12.14
2011-06-24,6.0,12.35
2011-06-25,6.0,11.6
2011-06-26,6.2,11.2
2011-06-27,6.0,11.87
2011-06-28,6.0,11.81
2011-06-29,6.0,11.656666666666668
2011-06-30,6.0,11.503333333333332
2011-07-01,6.0,11.35
2011-07-02,7.0,11.62
2011-07-03,7.0,11.65
2011-07-04,6.0,11.51
2011-07-05,8.5,11.94
2011-07-06,8.5,11.77
2011-07-07,8.5,11.6
2011-07-08,8.5,11.43
2011-07-09,8.5,11.4
2011-07-10,8.5,11.65
2011-07-11,8.5,11.37
2011-07-12,8.5,11.35
2011-07-13,7.666666666666666,11.383333333333333
2011-07-14,6.833333333333334,11.416666666666668
2011-07-15,6.0,11.45
2011-07-16,8.5,11.42
2011-07-17,8.5,11.47
2011-07-18,8.5,11.55
2011-07-19,8.5,11.45
2011-07-20,8.466666666666667,11.656666666666668
2011-07-21,8.433333333333334,11.863333333333333
2011-07-22,8.4,12.07
2011-07-23,8.4,11.56
2011-07-24,8.5,11.55
2011-07-25,8.4,11.45
2011-07-26,5.8,12.12
2011-07-27,6.7333333333333325,12.48
2011-07-28,7.666666666666666,12.84
2011-07-29,8.6,13.2
2011-07-30,8.5,11.44
2011-07-31,8.4,11.38
2011-08-01,5.8,11.44
2011-08-02,8.4,11.7
2011-08-03,8.233333333333334,12.173333333333332
2011-08-04,8.066666666666666,12.646666666666668
2011-08-05,7.9,13.12
2011-08-06,7.8,12.513333333333332
2011-08-07,7.7,11.906666666666668
2011-08-08,7.6,11.3
2011-08-09,7.0,11.37
2011-08-10,6.466666666666666,11.39
2011-08-11,5.933333333333334,11.41
2011-08-12,5.4,11.43
2011-08-13,7.7,12.21
2011-08-14,5.7,11.66
2011-08-15,6.24,11.628
2011-08-16,6.78,11.595999999999998
2011-08-17,7.32,11.564
2011-08-18,7.86,11.532
2011-08-19,8.4,11.5
2011-08-20,8.8,11.37
2011-08-21,8.0,11.4
2011-08-22,9.5,11.43
2011-08-23,10.5,11.46
2011-08-24,9.9,11.37
2011-08-25,9.3,11.28
2011-08-26,8.7,11.19
2011-08-27,8.7,11.5
2011-08-28,8.75,12.87
2011-08-29,8.4,11.44
2011-08-30,5.6,10.75
2011-08-31,6.566666666666666,10.976666666666668
2011-09-01,7.533333333333334,11.203333333333333
2011-09-02,8.5,11.43
2011-09-03,7.6,11.28
2011-09-04,6.7,11.3
2011-09-05,5.8,11.05
2011-09-06,5.85,10.96
2011-09-07,5.9,11.0
2011-09-08,5.95,11.04
2011-09-09,6.0,11.08
2011-09-10,8.5,11.13
2011-09-11,6.0,11.25
2011-09-12,6.0,11.35
2011-09-13,6.0,11.35
2011-09-14,6.0,11.286666666666667
2011-09-15,6.0,11.223333333333333
2011-09-16,6.0,11.16
2011-09-17,6.0,11.24
2011-09-18,6.0,11.48
2011-09-19,6.0,11.32
2011-09-20,8.5,11.37
2011-09-21,8.5,11.536666666666667
2011-09-22,8.5,11.703333333333333
2011-09-23,8.5,11.87
2011-09-24,8.5,11.25
2011-09-25,6.0,11.12
2011-09-26,8.5,11.16
2011-09-27,8.5,11.1
2011-09-28,8.5,11.216666666666667
2011-09-29,8.5,11.333333333333332
2011-09-30,8.5,11.45
2011-10-01,6.0,11.07
2011-10-02,6.0,11.083333333333332
2011-10-03,6.0,11.096666666666668
2011-10-04,6.0,11.11
2011-10-05,5.833333333333334,11.1
2011-10-06,5.666666666666666,11.09
2011-10-07,5.5,11.08
2011-10-08,5.5,11.35
2011-10-09,5.5,11.27
2011-10-10,5.0,11.87
2011-10-11,6.5,11.05
2011-10-12,6.166666666666666,11.073333333333332
2011-10-13,5.833333333333334,11.096666666666668
2011-10-14,5.5,11.12
2011-10-15,5.5,11.12
2011-10-16,5.5,11.45
2011-10-17,5.5,11.08
2011-10-18,5.5,11.45
2011-10-19,5.5,11.516666666666667
2011-10-20,5.5,11.583333333333332
2011-10-21,5.5,11.65
2011-10-22,6.5,10.97
2011-10-23,5.0,10.85
2011-10-24,5.0,10.93
2011-10-25,5.0,10.75
2011-10-26,5.0,10.773333333333332
2011-10-27,5.0,10.796666666666667
2011-10-28,5.0,10.82
2011-10-29,5.5,11.1
2011-10-30,5.5,11.25
2011-10-31,6.0,10.93
2011-11-01,6.0,11.02
2011-11-02,6.0,11.213333333333333
2011-11-03,6.0,11.406666666666668
2011-11-04,6.0,11.6
2011-11-05,6.0,11.15
2011-11-06,6.0,11.22
2011-11-07,7.0,11.59
2011-11-08,5.0,11.29
2011-11-09,5.333333333333334,11.726666666666668
2011-11-10,5.666666666666666,12.163333333333332
2011-11-11,6.0,12.6
2011-11-12,5.5,11.4
2011-11-13,5.0,11.68
2011-11-14,5.5,11.45
2011-11-15,5.5,11.87
2011-11-16,5.5,11.736666666666668
2011-11-17,5.5,11.603333333333332
2011-11-18,5.5,11.47
2011-11-19,7.0,11.66
2011-11-20,7.0,11.72
2011-11-21,6.0,11.9
2011-11-22,6.0,12.0
2011-11-23,6.0,11.856666666666667
2011-11-24,6.0,11.713333333333333
2011-11-25,6.0,11.57
2011-11-26,5.0,11.55
2011-11-27,4.5,11.52
2011-11-28,5.0,11.82
2011-11-29,5.5,11.39
2011-11-30,5.166666666666666,11.453333333333333
2011-12-01,4.833333333333333,11.516666666666667
2011-12-02,4.5,11.58
2011-12-03,4.5,11.63
2011-12-04,4.5,11.35
2011-12-05,4.5,11.25
2011-12-06,4.0,11.31
2011-12-07,4.0,11.296666666666667
2011-12-08,4.0,11.283333333333333
2011-12-09,4.0,11.27
2011-12-10,4.0,11.25
2011-12-11,4.0,11.2
2011-12-12,3.5,11.5
2011-12-13,4.0,11.4
2011-12-14,3.833333333333333,11.5
2011-12-15,3.666666666666667,11.6
2011-12-16,3.5,11.7
2011-12-17,3.5,11.4
2011-12-18,3.5,11.4
2011-12-19,3.5,11.41
2011-12-20,4.0,11.42
2011-12-21,3.833333333333333,11.43
2011-12-22,3.666666666666667,11.44
2011-12-23,3.5,11.45
2011-12-24,3.5,11.61
2011-12-25,3.5,11.5
2011-12-26,3.5,11.4
2011-12-27,3.5,11.4
2011-12-28,3.5,11.433333333333332
2011-12-29,3.5,11.466666666666667
2011-12-30,3.5,11.5
2011-12-31,3.2,11.535714285714285
2012-01-01,3.5,11.571428571428573
2012-01-02,3.2,11.607142857142858
2012-01-03,3.2,11.642857142857142
2012-01-04,3.25,11.678571428571427
2012-01-05,3.3,11.714285714285715
2012-01-06,3.35,11.75
2012-01-07,3.4,12.0
2012-01-08,3.45,12.02
2012-01-09,3.5,12.21
2012-01-10,3.5,12.0
2012-01-11,3.5,12.0
2012-01-12,3.5,12.0
2012-01-13,3.5,12.0
2012-01-14,4.0,12.11
2012-01-15,4.166666666666667,12.2
2012-01-16,4.333333333333333,11.9
2012-01-17,4.5,11.9
2012-01-18,4.5,11.966666666666667
2012-01-19,4.5,12.033333333333333
2012-01-20,4.5,12.1
2012-01-21,4.6,12.0
2012-01-22,4.6,12.1
2012-01-23,4.5,11.9
2012-01-24,4.4,12.0
2012-01-25,4.5,11.975
2012-01-26,4.566666666666666,11.95
2012-01-27,4.633333333333333,11.925
2012-01-28,4.7,11.9
2012-01-29,4.7,11.95
2012-01-30,4.7,11.75
2012-01-31,4.7,11.84
2012-02-01,4.633333333333333,11.943333333333333
2012-02-02,4.566666666666666,12.046666666666667
2012-02-03,4.5,12.15
2012-02-04,4.6,12.05
2012-02-05,4.4,12.0
2012-02-06,4.4,12.02
2012-02-07,4.35,12.04
2012-02-08,4.3,12.06
2012-02-09,4.25,12.08
2012-02-10,4.2,12.1
2012-02-11,4.4,12.22
2012-02-12,4.4,12.0
2012-02-13,4.4,12.17
2012-02-14,4.4,12.0
2012-02-15,4.466666666666667,12.016666666666667
2012-02-16,4.533333333333333,12.033333333333333
2012-02-17,4.6,12.05
2012-02-18,4.6,11.97
2012-02-19,4.6,12.0
2012-02-20,4.6,12.0
2012-02-21,4.6,12.1
2012-02-22,5.0,12.066666666666668
2012-02-23,5.4,12.033333333333333
2012-02-24,5.8,12.0
2012-02-25,5.8,11.9
2012-02-26,5.2,12.15
2012-02-27,5.0,12.0
2012-02-28,5.2,12.0
2012-02-29,5.266666666666667,12.033333333333333
2012-03-01,5.333333333333334,12.066666666666668
2012-03-02,5.4,12.1
2012-03-03,5.4,12.05
2012-03-04,5.6,11.93
2012-03-05,5.4,12.0
2012-03-06,5.4,12.05
2012-03-07,5.533333333333334,12.0375
2012-03-08,5.666666666666666,12.025
2012-03-09,5.8,12.0125
2012-03-10,6.0,12.0
2012-03-11,6.0,12.1
2012-03-12,3.5,12.1
2012-03-13,4.875,12.0
2012-03-14,6.25,12.083333333333332
2012-03-15,7.625,12.166666666666668
2012-03-16,9.0,12.25
2012-03-17,8.0,12.3
2012-03-18,7.5,12.6
2012-03-19,7.0,12.55
2012-03-20,7.2,12.7
2012-03-21,7.133333333333334,12.666666666666668
2012-03-22,7.066666666666666,12.633333333333333
2012-03-23,7.0,12.6
2012-03-24,7.5,12.5
2012-03-25,7.5,12.55
2012-03-26,7.2,12.35
2012-03-27,7.2,12.25
2012-03-28,7.1,12.333333333333332
2012-03-29,7.0,12.416666666666668
2012-03-30,6.9,12.5
2012-03-31,7.5,12.5
2012-04-01,7.5,12.25
2012-04-02,7.8,12.6
2012-04-03,8.7,12.5
2012-04-04,8.8,12.616666666666667
2012-04-05,8.9,12.733333333333333
2012-04-06,9.0,12.85
2012-04-07,9.5,12.85
2012-04-08,9.5,12.85
2012-04-09,9.5,12.85
2012-04-10,9.5,12.85
2012-04-11,9.5,12.85
2012-04-12,9.5,12.85
2012-04-13,9.5,12.85
2012-04-14,10.0,12.85
2012-04-15,10.0,12.85
2012-04-16,10.0,12.85
2012-04-17,9.8,12.85
2012-04-18,9.8,12.85
2012-04-19,9.8,12.85
2012-04-20,9.8,12.85
2012-04-21,10.0,12.85
2012-04-22,9.8,12.85
2012-04-23,9.8,12.85
2012-04-24,10.3,12.0
2012-04-25,10.466666666666667,11.916666666666668
2012-04-26,10.633333333333333,11.833333333333332
2012-04-27,10.8,11.75
2012-04-28,11.0,12.36
2012-04-29,11.0,12.55
2012-04-30,11.0,12.75
2012-05-01,11.0,12.85
2012-05-02,11.0,12.85
2012-05-03,11.0,12.85
2012-05-04,11.0,12.85
2012-05-05,11.0,12.31
2012-05-06,5.5,12.4
2012-05-07,5.5,12.85
2012-05-08,5.5,12.85
2012-05-09,5.4,12.65
2012-05-10,5.3,12.45
2012-05-11,5.2,12.25
2012-05-12,5.3,12.85
2012-05-13,5.5,12.65
2012-05-14,5.15,12.75
2012-05-15,5.4,12.85
2012-05-16,5.4,12.85
2012-05-17,5.4,12.85
2012-05-18,5.4,12.85
2012-05-19,5.4,12.85
2012-05-20,5.3,12.85
2012-05-21,5.4,12.85
2012-05-22,5.5,12.85
2012-05-23,6.625,12.65
2012-05-24,7.75,12.45
2012-05-25,8.875,12.25
2012-05-26,10.0,12.85
2012-05-27,10.4,12.85
2012-05-28,10.3,12.2
2012-05-29,10.4,12.85
2012-05-30,10.533333333333333,12.85
2012-05-31,10.666666666666668,12.85
2012-06-01,10.8,12.85
2012-06-02,10.8,12.85
2012-06-03,10.6,12.5
2012-06-04,10.6,12.5
2012-06-05,11.0,12.4025
2012-06-06,11.0,12.305
2012-06-07,11.0,12.2075
2012-06-08,11.0,12.11
2012-06-09,11.0,11.6
2012-06-10,11.0,11.6
2012-06-11,6.0,11.6
2012-06-12,6.5,11.6
2012-06-13,6.333333333333334,11.566666666666668
2012-06-14,6.166666666666666,11.533333333333333
2012-06-15,6.0,11.5
2012-06-16,6.0,11.82
2012-06-17,9.0,11.6
2012-06-18,12.0,11.6
2012-06-19,7.0,11.65
2012-06-20,6.566666666666666,11.633333333333333
2012-06-21,6.133333333333334,11.616666666666667
2012-06-22,5.7,11.6
2012-06-23,5.7,11.9
2012-06-24,5.8,11.71
2012-06-25,5.75,11.6
2012-06-26,5.6,11.94
2012-06-27,5.68,11.86
2012-06-28,5.76,11.78
2012-06-29,5.84,11.7
2012-06-30,5.92,11.75
2012-07-01,6.0,11.8
2012-07-02,6.15,11.72
2012-07-03,11.4,11.6
2012-07-04,9.516666666666666,11.646666666666668
2012-07-05,7.633333333333333,11.693333333333333
2012-07-06,5.75,11.74
2012-07-07,5.8,11.75
2012-07-08,5.85,11.7
2012-07-09,5.85,11.65
2012-07-10,5.95,11.8
2012-07-11,6.066666666666666,12.033333333333333
2012-07-12,6.183333333333334,12.266666666666667
2012-07-13,6.3,12.5
2012-07-14,6.0,12.7
2012-07-15,6.15,12.6
2012-07-16,6.15,12.6
2012-07-17,6.15,11.58
2012-07-18,6.15,11.986666666666668
2012-07-19,6.15,12.393333333333333
2012-07-20,6.15,12.8
2012-07-21,6.1,13.21
2012-07-22,6.15,12.8
2012-07-23,6.15,13.15
2012-07-24,6.15,13.2
2012-07-25,8.166666666666666,13.166666666666668
2012-07-26,10.183333333333332,13.133333333333333
2012-07-27,12.2,13.1
2012-07-28,12.1,13.2
2012-07-29,12.2,13.3
2012-07-30,6.0,13.45
2012-07-31,6.0,13.62
2012-08-01,8.266666666666666,13.513333333333332
2012-08-02,10.533333333333333,13.406666666666668
2012-08-03,12.8,13.3
2012-08-04,12.5,13.4
2012-08-05,12.6,13.5
2012-08-06,13.2,13.5
2012-08-07,12.8,13.6
2012-08-08,13.033333333333333,13.57
2012-08-09,13.266666666666667,13.54
2012-08-10,13.5,13.51
2012-08-11,13.5,13.5
2012-08-12,13.8,13.4
2012-08-13,13.8,13.55
2012-08-14,13.8,13.6
2012-08-15,13.6,13.65
2012-08-16,13.4,13.7
2012-08-17,13.2,13.75
2012-08-18,13.0,14.2
2012-08-19,13.0,14.3
2012-08-20,13.0,14.4
2012-08-21,13.2,14.51
2012-08-22,13.1,15.033333333333333
2012-08-23,13.0,15.556666666666667
2012-08-24,12.9,16.08
2012-08-25,13.0,15.0
2012-08-26,13.0,15.1
2012-08-27,12.5,15.21
2012-08-28,12.5,15.8
2012-08-29,12.6,15.666666666666668
2012-08-30,12.7,15.533333333333333
2012-08-31,12.8,15.4
2012-09-01,11.7,15.4
2012-09-02,11.7,15.0
2012-09-03,11.7,14.7
2012-09-04,11.5,14.8
2012-09-05,11.5,14.816666666666668
2012-09-06,11.5,14.833333333333332
2012-09-07,11.5,14.85
2012-09-08,11.5,14.8
2012-09-09,11.5,14.85
2012-09-10,10.0,14.9
2012-09-11,10.7,14.9
2012-09-12,10.866666666666667,14.933333333333332
2012-09-13,11.033333333333333,14.966666666666667
2012-09-14,11.2,15.0
2012-09-15,11.0,15.1
2012-09-16,11.2,15.0
2012-09-17,11.1,15.0
2012-09-18,11.0,15.1
2012-09-19,11.1,15.0
2012-09-20,11.2,14.9
2012-09-21,11.3,14.8
2012-09-22,10.5,14.8
2012-09-23,11.0,14.4
2012-09-24,10.8,14.3
2012-09-25,11.0,14.4
2012-09-26,11.0,14.366666666666667
2012-09-27,11.0,14.333333333333332
2012-09-28,11.0,14.3
2012-09-29,10.5,14.38
2012-09-30,10.5,14.25
2012-10-01,10.5,14.3
2012-10-02,10.5,14.2775
2012-10-03,10.5,14.255
2012-10-04,10.5,14.2325
2012-10-05,10.5,14.21
2012-10-06,10.7,14.4
2012-10-07,9.5,14.9
2012-10-08,10.0,15.0
2012-10-09,10.8,15.2
2012-10-10,10.533333333333333,15.216666666666667
2012-10-11,10.266666666666667,15.233333333333333
2012-10-12,10.0,15.25
2012-10-13,9.6,15.3
2012-10-14,10.3,15.15
2012-10-15,10.5,15.17
2012-10-16,10.5,15.22
2012-10-17,10.666666666666668,15.246666666666668
2012-10-18,10.833333333333332,15.273333333333332
2012-10-19,11.0,15.3
2012-10-20,10.5,15.3
2012-10-21,10.5,15.3
2012-10-22,10.5,15.25
2012-10-23,10.45,15.25
2012-10-24,10.4,15.266666666666667
2012-10-25,10.35,15.283333333333333
2012-10-26,10.3,15.3
2012-10-27,11.0,15.2
2012-10-28,10.6,15.1
2012-10-29,10.2,15.15
2012-10-30,9.8,15.2
2012-10-31,10.2,15.266666666666667
2012-11-01,10.6,15.333333333333332
2012-11-02,11.0,15.4
2012-11-03,10.0,15.3
2012-11-04,9.5,15.4
2012-11-05,12.0,15.4
2012-11-06,12.0,15.2
2012-11-07,12.2,15.266666666666667
2012-11-08,12.4,15.333333333333332
2012-11-09,12.6,15.4
2012-11-10,12.8,15.4
2012-11-11,13.0,15.4
2012-11-12,12.0,15.4
2012-11-13,6.0,15.4
2012-11-14,6.642857142857142,15.466666666666667
2012-11-15,7.2857142857142865,15.533333333333333
2012-11-16,7.928571428571429,15.6
2012-11-17,8.571428571428571,15.8
2012-11-18,9.214285714285717,15.9
2012-11-19,9.857142857142858,16.0
2012-11-20,10.5,16.0
2012-11-21,10.5,16.0
2012-11-22,10.5,16.0
2012-11-23,10.5,16.0
2012-11-24,10.5,15.8
2012-11-25,10.5,15.5
2012-11-26,10.4,15.4
2012-11-27,10.3,15.4
2012-11-28,10.2,15.366666666666667
2012-11-29,10.1,15.333333333333332
2012-11-30,10.0,15.3
2012-12-01,10.2,15.4
2012-12-02,10.2,15.5
2012-12-03,9.0,15.5
2012-12-04,8.2,15.5
2012-12-05,7.9,15.5
2012-12-06,7.6,15.5
2012-12-07,7.3,15.5
2012-12-08,7.0,15.75
2012-12-09,6.8,15.5
2012-12-10,6.4,15.35
2012-12-11,6.6,15.5
2012-12-12,6.8,15.533333333333333
2012-12-13,7.0,15.566666666666668
2012-12-14,7.2,15.6
2012-12-15,7.4,15.4
2012-12-16,7.0,15.5
2012-12-17,6.8,15.5
2012-12-18,7.0,15.71
2012-12-19,6.566666666666666,15.706666666666667
2012-12-20,6.133333333333334,15.703333333333333
2012-12-21,5.7,15.7
2012-12-22,6.4,15.6
2012-12-23,6.0,15.5
2012-12-24,6.0,15.5
2012-12-25,6.0,15.7
2012-12-26,6.0,15.633333333333333
2012-12-27,6.0,15.566666666666668
2012-12-28,6.0,15.5
2012-12-29,5.6,15.5
2012-12-30,5.7,15.6
2012-12-31,6.6,15.5
2013-01-01,6.8,15.5
2013-01-02,6.7333333333333325,15.536666666666667
2013-01-03,6.666666666666666,15.573333333333332
2013-01-04,6.6,15.61
2013-01-05,6.6,15.6
2013-01-06,5.9,15.4
2013-01-07,6.4,15.4
2013-01-08,6.6,15.3
2013-01-09,6.666666666666666,15.4
2013-01-10,6.7333333333333325,15.5
2013-01-11,6.8,15.6
2013-01-12,6.8,15.94
2013-01-13,6.6,15.65
2013-01-14,6.8,15.7
2013-01-15,6.6,15.6
2013-01-16,6.84,15.6
2013-01-17,7.08,15.6
2013-01-18,7.32,15.6
2013-01-19,7.56,15.6
2013-01-20,7.8,15.6
2013-01-21,7.8,15.6
2013-01-22,8.0,15.56
2013-01-23,7.933333333333334,15.606666666666667
2013-01-24,7.866666666666666,15.653333333333332
2013-01-25,7.8,15.7
2013-01-26,7.7666666666666675,15.666666666666668
2013-01-27,7.7333333333333325,15.633333333333333
2013-01-28,7.7,15.6
2013-01-29,7.0,15.65
2013-01-30,7.0,15.633333333333333
2013-01-31,7.0,15.616666666666667
2013-02-01,7.0,15.6
2013-02-02,7.0,15.4
2013-02-03,7.0,15.05
2013-02-04,7.2,17.45
2013-02-05,7.0,16.9875
2013-02-06,7.0,16.525
2013-02-07,7.0,16.0625
2013-02-08,7.0,15.6
2013-02-09,7.0,15.6
2013-02-10,7.0,15.65
2013-02-11,7.0,15.6
2013-02-12,6.5,15.82
2013-02-13,6.666666666666666,15.746666666666668
2013-02-14,6.833333333333334,15.673333333333332
2013-02-15,7.0,15.6
2013-02-16,6.6,15.6
2013-02-17,7.0,15.75
2013-02-18,8.6,15.5
2013-02-19,7.4,16.32
2013-02-20,7.6,16.046666666666667
2013-02-21,7.8,15.773333333333332
2013-02-22,8.0,15.5
2013-02-23,8.0,15.8
2013-02-24,8.0,15.8
2013-02-25,7.8,15.6
2013-02-26,7.8,15.7
2013-02-27,7.533333333333334,15.666666666666668
2013-02-28,7.2666666666666675,15.633333333333333
2013-03-01,7.0,15.6
2013-03-02,6.933333333333334,15.6
2013-03-03,6.866666666666666,15.65
2013-03-04,6.8,15.4
2013-03-05,6.8,15.5
2013-03-06,6.8,15.6
2013-03-07,6.8,15.7
2013-03-08,6.8,15.8
2013-03-09,7.0,15.7
2013-03-10,6.8,15.6
2013-03-11,7.5,15.6
2013-03-12,7.2,15.8
2013-03-13,7.333333333333334,15.7
2013-03-14,7.466666666666666,15.6
2013-03-15,7.6,15.5
2013-03-16,7.6,15.0
2013-03-17,7.8,18.01
2013-03-18,8.0,15.2
2013-03-19,7.2,15.4
2013-03-20,7.2,15.45
2013-03-21,7.2,15.5
2013-03-22,7.2,15.55
2013-03-23,7.4,15.35
2013-03-24,7.2,15.25
2013-03-25,7.2,15.5
2013-03-26,7.36,15.4
2013-03-27,7.52,15.216666666666667
2013-03-28,7.68,15.033333333333333
2013-03-29,7.84,14.85
2013-03-30,8.0,15.3
2013-03-31,7.4,15.15
2013-04-01,8.0,15.0
2013-04-02,8.0,15.0
2013-04-03,8.166666666666666,14.666666666666668
2013-04-04,8.333333333333334,14.333333333333332
2013-04-05,8.5,14.0
2013-04-06,8.8,13.55
2013-04-07,9.5,13.4
2013-04-08,9.0,13.6
2013-04-09,9.0,13.6
2013-04-10,9.333333333333334,13.583333333333332
2013-04-11,9.666666666666666,13.566666666666668
2013-04-12,10.0,13.55
2013-04-13,10.0,13.6
2013-04-14,10.5,13.55
2013-04-15,10.5,13.55
2013-04-16,9.5,13.55
2013-04-17,9.333333333333334,13.633333333333333
2013-04-18,9.166666666666666,13.716666666666667
2013-04-19,9.0,13.8
2013-04-20,10.5,13.8
2013-04-21,10.5,14.3
2013-04-22,11.5,14.25
2013-04-23,5.75,14.3
2013-04-24,7.5,14.25
2013-04-25,9.25,14.166666666666668
2013-04-26,11.0,14.083333333333332
2013-04-27,10.0,14.0
2013-04-28,10.0,14.0
2013-04-29,8.0,14.0
2013-04-30,10.0,14.2
2013-05-01,12.0,14.183333333333332
2013-05-02,12.0,14.166666666666668
2013-05-03,12.0,14.15
2013-05-04,12.0,14.25
2013-05-05,10.5,14.3
2013-05-06,11.0,14.25
2013-05-07,11.0,15.5
2013-05-08,10.6,15.216666666666667
2013-05-09,10.2,14.933333333333332
2013-05-10,9.8,14.65
2013-05-11,10.0,15.51
2013-05-12,12.0,14.3
2013-05-13,14.0,15.8
2013-05-14,12.0,14.5
2013-05-15,12.0,14.666666666666668
2013-05-16,12.0,14.833333333333332
2013-05-17,12.0,15.0
2013-05-18,14.0,15.5
2013-05-19,14.0,15.5
2013-05-20,12.0,15.11
2013-05-21,11.0,14.7
2013-05-22,10.5,14.87
2013-05-23,10.0,15.04
2013-05-24,9.5,15.21
2013-05-25,11.0,15.25
2013-05-26,11.0,15.6
2013-05-27,11.0,15.56
2013-05-28,11.0,15.52
2013-05-29,11.0,15.48
2013-05-30,11.0,15.44
2013-05-31,11.0,15.4
2013-06-01,11.333333333333332,15.6
2013-06-02,11.666666666666668,15.8
2013-06-03,12.0,15.4
2013-06-04,10.0,15.5
2013-06-05,9.5,15.416666666666668
2013-06-06,9.0,15.333333333333332
2013-06-07,8.5,15.25
2013-06-08,10.0,15.5
2013-06-09,10.0,15.55
2013-06-10,10.5,15.65
2013-06-11,11.0,15.5
2013-06-12,11.0,15.416666666666668
2013-06-13,11.0,15.333333333333332
2013-06-14,11.0,15.25
2013-06-15,11.0,15.2
2013-06-16,11.0,15.4
2013-06-17,11.5,15.15
2013-06-18,11.0,15.3
2013-06-19,11.333333333333332,15.25
2013-06-20,11.666666666666668,15.2
2013-06-21,12.0,15.15
2013-06-22,10.0,14.9
2013-06-23,10.0,15.15
2013-06-24,10.0,15.0
2013-06-25,10.0,15.0
2013-06-26,10.333333333333332,15.0
2013-06-27,10.666666666666668,15.0
2013-06-28,11.0,15.0
2013-06-29,10.0,14.85
2013-06-30,10.0,14.8
2013-07-01,10.5,14.85
2013-07-02,10.0,15.0
2013-07-03,10.0,14.916666666666668
2013-07-04,10.0,14.833333333333332
2013-07-05,10.0,14.75
2013-07-06,10.5,14.92
2013-07-07,10.5,14.85
2013-07-08,12.0,14.85
2013-07-09,11.0,14.65
2013-07-10,11.666666666666668,14.7
2013-07-11,12.333333333333332,14.75
2013-07-12,13.0,14.8
2013-07-13,11.0,14.7
2013-07-14,11.0,14.75
2013-07-15,11.0,14.8
2013-07-16,11.0,14.85
2013-07-17,10.333333333333332,14.9
2013-07-18,9.666666666666666,14.95
2013-07-19,9.0,15.0
2013-07-20,9.0,15.1
2013-07-21,9.2,15.1
2013-07-22,9.0,14.9
2013-07-23,9.0,14.8
2013-07-24,10.0,14.8
2013-07-25,11.0,14.8
2013-07-26,12.0,14.8
2013-07-27,12.0,14.95
2013-07-28,10.0,14.9
2013-07-29,11.0,14.8
2013-07-30,9.0,14.8
2013-07-31,10.0,14.833333333333332
2013-08-01,11.0,14.866666666666667
2013-08-02,12.0,14.9
2013-08-03,11.0,14.9
2013-08-04,11.583333333333332,14.8
2013-08-05,12.166666666666668,14.9
2013-08-06,12.75,14.8
2013-08-07,13.333333333333332,14.866666666666667
2013-08-08,13.916666666666668,14.933333333333332
2013-08-09,14.5,15.0
2013-08-10,14.5,14.9
2013-08-11,12.0,14.9
2013-08-12,10.0,14.9
2013-08-13,11.0,14.95
2013-08-14,15.0,15.0
2013-08-15,13.666666666666668,15.05
2013-08-16,12.333333333333332,15.1
2013-08-17,11.0,15.15
2013-08-18,12.0,15.15
2013-08-19,18.0,15.0
2013-08-20,16.0,15.15
2013-08-21,16.6,15.15
2013-08-22,17.2,15.15
2013-08-23,17.8,15.15
2013-08-24,18.4,15.0
2013-08-25,19.0,15.2
2013-08-26,19.0,15.2
2013-08-27,17.333333333333332,15.183333333333332
2013-08-28,15.666666666666668,15.166666666666668
2013-08-29,14.0,15.15
2013-08-30,12.333333333333336,15.1
2013-08-31,10.666666666666668,15.2
2013-09-01,9.0,15.2
2013-09-02,9.6,15.25
2013-09-03,10.0,15.3
2013-09-04,13.333333333333332,15.283333333333333
2013-09-05,16.666666666666664,15.266666666666667
2013-09-06,20.0,15.25
2013-09-07,16.0,15.25
2013-09-08,12.0,15.25
2013-09-09,11.0,15.3
2013-09-10,17.0,15.5
2013-09-11,14.666666666666668,15.466666666666667
2013-09-12,12.333333333333332,15.433333333333332
2013-09-13,10.0,15.4
2013-09-14,10.0,15.4
2013-09-15,10.0,15.45
2013-09-16,11.5,15.5
2013-09-17,13.0,15.3
2013-09-18,13.333333333333332,15.35
2013-09-19,13.666666666666668,15.4
2013-09-20,14.0,15.45
2013-09-21,15.0,15.6
2013-09-22,10.0,15.65
2013-09-23,11.0,15.6
2013-09-24,11.0,15.5
2013-09-25,10.333333333333332,15.5
2013-09-26,9.666666666666666,15.5
2013-09-27,9.0,15.5
2013-09-28,10.0,15.45
2013-09-29,12.0,15.5
2013-09-30,14.0,15.494000000000002
2013-10-01,16.0,15.488
2013-10-02,14.333333333333332,15.482
2013-10-03,12.666666666666668,15.476
2013-10-04,11.0,15.47
2013-10-05,20.0,15.4
2013-10-06,20.0,15.4
2013-10-07,20.0,15.4
2013-10-08,17.0,15.25
2013-10-09,15.333333333333332,15.33
2013-10-10,13.666666666666668,15.41
2013-10-11,12.0,15.49
2013-10-12,20.0,15.6
2013-10-13,12.0,15.65
2013-10-14,12.0,15.4
2013-10-15,13.5,15.5
2013-10-16,15.0,15.666666666666668
2013-10-17,16.5,15.833333333333332
2013-10-18,18.0,16.0
2013-10-19,20.0,16.2
2013-10-20,20.0,16.0
2013-10-21,20.0,15.75
2013-10-22,20.0,15.7
2013-10-23,19.666666666666668,15.7
2013-10-24,19.33333333333333,15.7
2013-10-25,19.0,15.7
2013-10-26,20.0,16.2
2013-10-27,20.0,16.0
2013-10-28,19.0,15.85
2013-10-29,8.0,16.0
2013-10-30,11.0,15.94
2013-10-31,14.0,15.88
2013-11-01,17.0,15.82
2013-11-02,18.0,15.76
2013-11-03,19.33333333333333,15.7
2013-11-04,20.666666666666664,15.73
2013-11-05,22.0,15.76
2013-11-06,21.25,15.79
2013-11-07,20.5,15.82
2013-11-08,19.75,15.85
2013-11-09,19.0,16.1
2013-11-10,20.0,16.0
2013-11-11,21.0,16.6
2013-11-12,22.0,16.41
2013-11-13,20.666666666666664,16.428
2013-11-14,19.33333333333333,16.445999999999998
2013-11-15,18.0,16.464000000000002
2013-11-16,20.0,16.482
2013-11-17,17.0,16.5
2013-11-18,18.0,16.5
2013-11-19,19.0,16.21
2013-11-20,10.0,16.37333333333333
2013-11-21,17.0,16.53666666666667
2013-11-22,19.0,16.7
2013-11-23,17.0,16.65
2013-11-24,16.0,17.0
2013-11-25,17.0,16.7
2013-11-26,14.0,17.0
2013-11-27,13.333333333333332,16.833333333333332
2013-11-28,12.666666666666668,16.666666666666668
2013-11-29,12.0,16.5
2013-11-30,14.0,16.0
2013-12-01,14.0,16.0
2013-12-02,13.0,16.35
2013-12-03,14.0,15.7
2013-12-04,14.0,15.766666666666667
2013-12-05,14.0,15.833333333333332
2013-12-06,14.0,15.9
2013-12-07,14.0,16.1
2013-12-08,14.0,16.5
2013-12-09,12.0,16.25
2013-12-10,13.0,16.3
2013-12-11,13.333333333333332,16.366666666666667
2013-12-12,13.666666666666668,16.433333333333334
2013-12-13,14.0,16.5
2013-12-14,13.0,16.3
2013-12-15,12.0,16.4
2013-12-16,11.0,16.65
2013-12-17,12.0,16.3
2013-12-18,12.0,16.366666666666667
2013-12-19,12.0,16.433333333333334
2013-12-20,12.0,16.5
2013-12-21,10.0,16.4
2013-12-22,11.0,16.5
2013-12-23,11.0,16.4
2013-12-24,11.0,16.4
2013-12-25,9.5,16.366666666666667
2013-12-26,8.0,16.333333333333332
2013-12-27,6.5,16.3
2013-12-28,5.0,16.3
2013-12-29,5.666666666666666,16.15
2013-12-30,6.333333333333334,16.15
2013-12-31,7.0,16.1125
2014-01-01,7.666666666666668,16.075
2014-01-02,8.333333333333334,16.0375
2014-01-03,9.0,16.0
2014-01-04,9.5,16.5
2014-01-05,9.0,16.0
2014-01-06,9.0,16.0
2014-01-07,9.5,16.3
2014-01-08,9.0,16.366666666666667
2014-01-09,8.5,16.433333333333334
2014-01-10,8.0,16.5
2014-01-11,10.0,16.2
2014-01-12,8.0,16.3
2014-01-13,8.0,16.21
2014-01-14,8.0,16.05
2014-01-15,8.0,16.2
2014-01-16,8.0,16.35
2014-01-17,8.0,16.5
2014-01-18,8.0,16.9
2014-01-19,8.0,16.8
2014-01-20,8.0,16.85
2014-01-21,8.5,16.5
2014-01-22,9.0,16.67
2014-01-23,9.5,16.84
2014-01-24,10.0,17.01
2014-01-25,10.0,16.17
2014-01-26,9.333333333333334,16.19666666666667
2014-01-27,8.666666666666666,16.223333333333333
2014-01-28,8.0,16.25
2014-01-29,8.0,16.21666666666667
2014-01-30,8.0,16.183333333333334
2014-01-31,8.0,16.15
2014-02-01,7.5,16.3
2014-02-02,7.0,16.3
2014-02-03,7.5,16.4
2014-02-04,8.0,16.6
2014-02-05,7.5,16.4875
2014-02-06,7.5,16.375
2014-02-07,7.5,16.2625
2014-02-08,7.5,16.15
2014-02-09,7.333333333333334,16.4
2014-02-10,7.166666666666666,16.25
2014-02-11,7.0,16.35
2014-02-12,7.166666666666666,16.21666666666667
2014-02-13,7.333333333333334,16.083333333333332
2014-02-14,7.5,15.95
2014-02-15,7.0,16.4
2014-02-16,7.0,16.21
2014-02-17,7.0,16.68
2014-02-18,7.0,16.6
2014-02-19,7.333333333333334,16.53333333333333
2014-02-20,7.666666666666666,16.46666666666667
2014-02-21,8.0,16.4
2014-02-22,7.2,16.5
2014-02-23,7.2,16.71
2014-02-24,7.0,16.5
2014-02-25,8.0,16.5
2014-02-26,8.166666666666666,16.46
2014-02-27,8.333333333333334,16.42
2014-02-28,8.5,16.38
2014-03-01,9.0,15.5
2014-03-02,9.5,16.36
2014-03-03,9.0,16.1
2014-03-04,9.0,16.0
2014-03-05,9.36,16.04
2014-03-06,9.72,16.08
2014-03-07,10.08,16.12
2014-03-08,10.44,16.16
2014-03-09,10.8,16.2
2014-03-10,9.7,16.58
2014-03-11,11.5,16.0
2014-03-12,11.0,16.166666666666668
2014-03-13,10.5,16.333333333333332
2014-03-14,10.0,16.5
2014-03-15,10.0,16.25
2014-03-16,10.0,16.35
2014-03-17,10.0,16.31
2014-03-18,10.0,16.27
2014-03-19,10.0,16.23
2014-03-20,10.0,16.19
2014-03-21,10.0,16.15
2014-03-22,10.0,15.7
2014-03-23,9.5,16.0
2014-03-24,11.0,16.0
2014-03-25,12.0,15.8
2014-03-26,11.666666666666668,15.7
2014-03-27,11.333333333333332,15.6
2014-03-28,11.0,15.5
2014-03-29,10.0,15.55
2014-03-30,11.0,15.55
2014-03-31,10.0,15.55
