date,Onion,Rice
2009-01-01,12.0,22.0
2009-01-02,12.0,22.0
2009-01-03,12.0,22.0
2009-01-04,12.0,22.0
2009-01-05,12.0,22.0
2009-01-06,12.0,22.0
2009-01-07,12.0,22.0
2009-01-08,12.0,22.0
2009-01-09,12.0,22.0
2009-01-10,12.0,22.0
2009-01-11,12.0,22.0
2009-01-12,12.0,22.0
2009-01-13,12.0,22.0
2009-01-14,12.0,22.0
2009-01-15,12.0,22.0
2009-01-16,12.0,22.0
2009-01-17,12.0,22.0
2009-01-18,12.0,22.0
2009-01-19,12.0,22.0
2009-01-20,12.0,22.0
2009-01-21,12.0,22.0
2009-01-22,12.0,22.0
2009-01-23,12.0,22.0
2009-01-24,12.0,22.0
2009-01-25,12.0,22.0
2009-01-26,12.0,22.0
2009-01-27,12.0,22.0
2009-01-28,12.0,22.0
2009-01-29,12.0,22.0
2009-01-30,12.0,22.0
2009-01-31,14.5,22.25
2009-02-01,17.0,22.5
2009-02-02,19.5,22.75
2009-02-03,22.0,23.0
2009-02-04,22.0,23.0
2009-02-05,22.0,23.0
2009-02-06,22.0,23.0
2009-02-07,22.0,23.0
2009-02-08,22.0,23.0
2009-02-09,22.0,23.0
2009-02-10,22.0,23.0
2009-02-11,22.0,23.0
2009-02-12,22.0,23.0
2009-02-13,22.0,23.0
2009-02-14,22.0,23.0
2009-02-15,22.0,23.0
2009-02-16,22.0,23.0
2009-02-17,22.0,23.0
2009-02-18,22.0,23.0
2009-02-19,22.0,23.0
2009-02-20,22.0,23.0
2009-02-21,22.0,23.0
2009-02-22,22.0,23.0
2009-02-23,22.0,23.0
2009-02-24,22.0,23.0
2009-02-25,22.0,23.0
2009-02-26,22.0,23.0
2009-02-27,22.0,23.0
2009-02-28,22.0,23.0
2009-03-01,22.0,23.0
2009-03-02,22.0,23.0
2009-03-03,22.0,23.0
2009-03-04,22.0,23.0
2009-03-05,22.0,23.0
2009-03-06,22.0,23.0
2009-03-07,22.0,23.0
2009-03-08,22.0,23.0
2009-03-09,22.0,23.0
2009-03-10,22.0,23.0
2009-03-11,22.0,23.0
2009-03-12,22.0,23.0
2009-03-13,22.0,23.0
2009-03-14,22.0,23.0
2009-03-15,22.0,23.0
2009-03-16,22.0,23.0
2009-03-17,22.0,23.0
2009-03-18,22.0,23.0
2009-03-19,18.0,23.0
2009-03-20,18.0,23.0
2009-03-21,17.75,22.5
2009-03-22,17.5,22.0
2009-03-23,17.25,21.5
2009-03-24,17.0,21.0
2009-03-25,17.0,21.0
2009-03-26,17.0,21.0
2009-03-27,17.0,21.0
2009-03-28,17.0,21.0
2009-03-29,17.0,21.0
2009-03-30,17.0,21.0
2009-03-31,17.0,21.0
2009-04-01,17.0,21.0
2009-04-02,17.0,21.0
2009-04-03,17.0,21.0
2009-04-04,17.0,21.0
2009-04-05,17.0,21.0
2009-04-06,17.0,21.0
2009-04-07,17.0,21.0
2009-04-08,17.0,21.0
2009-04-09,17.0,21.0
2009-04-10,17.0,21.0
2009-04-11,17.0,21.0
2009-04-12,17.0,21.0
2009-04-13,17.0,21.0
2009-04-14,17.0,21.0
2009-04-15,17.0,21.0
2009-04-16,17.0,21.0
2009-04-17,17.0,21.0
2009-04-18,17.0,21.0
2009-04-19,17.0,21.0
2009-04-20,17.0,21.0
2009-04-21,17.0,21.0
2009-04-22,17.0,21.0
2009-04-23,14.0,24.0
2009-04-24,14.0,24.0
2009-04-25,14.0,24.0
2009-04-26,14.0,24.0
2009-04-27,14.0,24.0
2009-04-28,14.0,24.0
2009-04-29,14.0,24.0
2009-04-30,14.0,24.0
2009-05-01,14.0,24.0
2009-05-02,14.0,24.0
2009-05-03,14.0,24.0
2009-05-04,14.0,24.0
2009-05-05,14.0,24.0
2009-05-06,14.0,24.0
2009-05-07,14.0,24.0
2009-05-08,14.0,24.0
2009-05-09,14.0,24.0
2009-05-10,14.0,24.0
2009-05-11,14.0,24.0
2009-05-12,14.0,24.0
2009-05-13,14.0,24.0
2009-05-14,14.0,24.0
2009-05-15,12.0,24.0
2009-05-16,12.0,24.0
2009-05-17,12.0,24.0
2009-05-18,12.0,24.0
2009-05-19,12.0,24.0
2009-05-20,12.0,24.0
2009-05-21,12.0,24.0
2009-05-22,12.0,24.0
2009-05-23,12.0,24.0
2009-05-24,12.0,24.0
2009-05-25,12.0,24.0
2009-05-26,12.0,24.0
2009-05-27,12.0,24.0
2009-05-28,12.0,24.0
2009-05-29,12.0,24.0
2009-05-30,12.0,24.0
2009-05-31,12.0,24.0
2009-06-01,12.0,24.0
2009-06-02,12.0,24.0
2009-06-03,12.0,24.0
2009-06-04,12.0,24.0
2009-06-05,12.0,24.0
2009-06-06,12.0,24.0
2009-06-07,12.0,24.0
2009-06-08,12.0,24.0
2009-06-09,12.0,24.0
2009-06-10,12.0,24.0
2009-06-11,12.0,24.0
2009-06-12,12.0,24.0
2009-06-13,12.0,24.0
2009-06-14,12.0,24.0
2009-06-15,12.0,24.0
2009-06-16,12.0,24.0
2009-06-17,12.0,24.0
2009-06-18,12.0,24.0
2009-06-19,12.0,24.0
2009-06-20,12.0,24.0
2009-06-21,12.0,24.0
2009-06-22,12.0,24.0
2009-06-23,12.0,24.0
2009-06-24,12.0,24.0
2009-06-25,12.0,24.0
2009-06-26,12.0,24.0
2009-06-27,12.0,24.0
2009-06-28,12.0,24.0
2009-06-29,12.0,24.0
2009-06-30,12.0,24.0
2009-07-01,12.0,24.0
2009-07-02,12.0,24.0
2009-07-03,12.0,24.0
2009-07-04,12.0,24.0
2009-07-05,12.0,24.0
2009-07-06,12.0,24.0
2009-07-07,12.0,24.0
2009-07-08,12.0,24.0
2009-07-09,12.0,24.0
2009-07-10,12.0,24.0
2009-07-11,12.0,24.0
2009-07-12,12.0,24.0
2009-07-13,12.0,24.0
2009-07-14,12.0,24.0
2009-07-15,12.0,24.0
2009-07-16,12.0,24.0
2009-07-17,14.0,24.0
2009-07-18,14.0,24.0
2009-07-19,14.0,24.0
2009-07-20,14.0,24.0
2009-07-21,14.0,24.0
2009-07-22,14.0,25.0
2009-07-23,14.0,25.0
2009-07-24,14.0,25.0
2009-07-25,14.0,25.0
2009-07-26,14.0,25.0
2009-07-27,14.0,25.0
2009-07-28,14.0,25.0
2009-07-29,14.0,25.0
2009-07-30,14.0,25.0
2009-07-31,14.0,25.0
2009-08-01,14.0,25.0
2009-08-02,14.0,25.0
2009-08-03,14.0,25.0
2009-08-04,14.0,25.0
2009-08-05,14.0,25.0
2009-08-06,14.0,25.0
2009-08-07,14.0,25.0
2009-08-08,14.0,25.0
2009-08-09,14.0,25.0
2009-08-10,14.0,25.0
2009-08-11,14.0,25.0
2009-08-12,14.0,25.0
2009-08-13,14.0,25.0
2009-08-14,14.0,25.0
2009-08-15,14.0,25.0
2009-08-16,14.0,25.0
2009-08-17,14.0,25.0
2009-08-18,14.0,25.0
2009-08-19,14.0,25.0
2009-08-20,14.0,25.0
2009-08-21,14.0,25.0
2009-08-22,14.0,25.0
2009-08-23,14.0,25.0
2009-08-24,14.0,25.0
2009-08-25,14.0,25.0
2009-08-26,14.0,25.0
2009-08-27,14.0,25.0
2009-08-28,14.0,25.0
2009-08-29,14.0,25.0
2009-08-30,14.0,25.0
2009-08-31,14.0,25.0
2009-09-01,14.0,25.0
2009-09-02,14.0,25.0
2009-09-03,14.0,25.0
2009-09-04,14.0,25.0
2009-09-05,14.0,25.0
2009-09-06,14.0,25.0
2009-09-07,14.0,25.0
2009-09-08,14.0,25.0
2009-09-09,14.0,25.0
2009-09-10,14.0,25.0
2009-09-11,14.0,25.0
2009-09-12,14.0,25.0
2009-09-13,14.0,25.0
2009-09-14,14.0,25.0
2009-09-15,14.0,25.0
2009-09-16,14.0,25.0
2009-09-17,14.0,25.0
2009-09-18,14.0,25.0
2009-09-19,14.2,25.0
2009-09-20,14.4,25.0
2009-09-21,14.6,25.0
2009-09-22,14.8,25.0
2009-09-23,15.0,25.0
2009-09-24,15.0,25.0
2009-09-25,15.0,25.0
2009-09-26,15.0,25.0
2009-09-27,15.0,25.0
2009-09-28,15.0,25.0
2009-09-29,15.0,25.0
2009-09-30,15.0,25.0
2009-10-01,15.0,25.0
2009-10-02,15.0,25.0
2009-10-03,15.0,25.0
2009-10-04,15.0,25.0
2009-10-05,15.0,25.0
2009-10-06,15.0,25.0
2009-10-07,20.0,25.0
2009-10-08,20.0,25.0
2009-10-09,20.0,25.0
2009-10-10,20.0,25.0
2009-10-11,20.0,25.0
2009-10-12,20.0,25.0
2009-10-13,20.0,25.0
2009-10-14,25.0,25.0
2009-10-15,25.0,25.0
2009-10-16,25.0,25.0
2009-10-17,25.0,25.0
2009-10-18,25.0,25.0
2009-10-19,25.0,25.0
2009-10-20,25.0,25.0
2009-10-21,25.0,25.0
2009-10-22,26.0,25.0
2009-10-23,26.0,25.0
2009-10-24,26.0,25.0
2009-10-25,26.0,25.0
2009-10-26,26.0,25.0
2009-10-27,26.0,25.0
2009-10-28,26.0,25.0
2009-10-29,26.0,25.0
2009-10-30,26.0,25.0
2009-10-31,26.0,25.0
2009-11-01,26.0,25.0
2009-11-02,26.0,25.0
2009-11-03,26.0,25.0
2009-11-04,26.0,25.0
2009-11-05,26.0,25.0
2009-11-06,26.0,25.0
2009-11-07,26.0,25.0
2009-11-08,26.0,25.0
2009-11-09,26.0,25.0
2009-11-10,26.0,25.0
2009-11-11,26.0,25.0
2009-11-12,26.0,25.0
2009-11-13,26.0,25.0
2009-11-14,26.0,25.0
2009-11-15,26.0,25.0
2009-11-16,26.0,25.0
2009-11-17,26.0,25.0
2009-11-18,26.0,25.0
2009-11-19,26.0,25.0
2009-11-20,26.0,25.0
2009-11-21,26.0,25.0
2009-11-22,26.0,25.0
2009-11-23,26.0,25.0
2009-11-24,26.0,25.0
2009-11-25,26.0,25.0
2009-11-26,26.0,25.0
2009-11-27,26.0,25.0
2009-11-28,26.0,25.0
2009-11-29,26.0,25.0
2009-11-30,26.0,25.0
2009-12-01,26.0,25.0
2009-12-02,26.0,25.0
2009-12-03,26.0,25.0
2009-12-04,26.0,25.0
2009-12-05,26.0,25.0
2009-12-06,26.0,25.0
2009-12-07,26.0,25.0
2009-12-08,26.0,25.0
2009-12-09,26.0,25.0
2009-12-10,26.0,25.0
2009-12-11,26.0,25.0
2009-12-12,26.0,25.0
2009-12-13,26.0,25.0
2009-12-14,26.0,25.0
2009-12-15,26.0,25.0
2009-12-16,26.0,25.0
2009-12-17,26.0,25.0
2009-12-18,26.0,25.0
2009-12-19,26.0,25.0
2009-12-20,26.0,25.0
2009-12-21,26.0,25.0
2009-12-22,26.0,25.0
2009-12-23,26.0,25.0
2009-12-24,26.0,25.0
2009-12-25,26.0,25.0
2009-12-26,26.0,25.0
2009-12-27,26.0,25.0
2009-12-28,26.0,25.0
2009-12-29,26.0,25.0
2009-12-30,26.0,25.0
2009-12-31,26.0,25.0
2010-01-01,26.0,25.0
2010-01-02,26.0,25.0
2010-01-03,26.0,25.0
2010-01-04,26.0,25.0
2010-01-05,26.0,25.0
2010-01-06,26.0,25.0
2010-01-07,26.0,25.0
2010-01-08,26.0,25.0
2010-01-09,26.0,25.0
2010-01-10,26.0,25.0
2010-01-11,26.0,25.0
2010-01-12,26.0,25.0
2010-01-13,26.0,25.0
2010-01-14,26.0,25.0
2010-01-15,26.0,25.0
2010-01-16,26.0,25.0
2010-01-17,26.0,25.0
2010-01-18,26.0,25.0
2010-01-19,26.0,25.0
2010-01-20,26.0,25.0
2010-01-21,26.0,25.0
2010-01-22,26.0,25.0
2010-01-23,26.0,25.0
2010-01-24,26.0,25.0
2010-01-25,26.0,25.0
2010-01-26,26.0,25.0
2010-01-27,26.0,25.0
2010-01-28,26.0,25.0
2010-01-29,26.0,25.0
2010-01-30,26.0,25.0
2010-01-31,26.0,25.0
2010-02-01,26.0,25.0
2010-02-02,26.0,25.0
2010-02-03,26.0,25.0
2010-02-04,26.0,25.0
2010-02-05,26.0,25.0
2010-02-06,26.0,25.0
2010-02-07,26.0,25.0
2010-02-08,26.0,25.0
2010-02-09,26.0,25.0
2010-02-10,26.0,25.0
2010-02-11,26.0,25.0
2010-02-12,26.0,25.0
2010-02-13,26.0,25.0
2010-02-14,26.0,25.0
2010-02-15,26.0,25.0
2010-02-16,26.0,25.0
2010-02-17,26.0,25.0
2010-02-18,26.0,25.0
2010-02-19,26.0,25.0
2010-02-20,26.0,25.0
2010-02-21,26.0,25.0
2010-02-22,26.0,25.0
2010-02-23,26.0,25.0
2010-02-24,26.0,25.0
2010-02-25,26.0,25.0
2010-02-26,26.0,25.0
2010-02-27,25.142857142857146,25.142857142857146
2010-02-28,24.285714285714285,25.285714285714285
2010-03-01,23.42857142857143,25.42857142857143
2010-03-02,22.57142857142857,25.57142857142857
2010-03-03,21.714285714285715,25.714285714285715
2010-03-04,20.857142857142858,25.857142857142854
2010-03-05,20.0,26.0
2010-03-06,19.25,25.75
2010-03-07,18.5,25.5
2010-03-08,17.75,25.25
2010-03-09,17.0,25.0
2010-03-10,17.0,25.0
2010-03-11,20.0,25.0
2010-03-12,18.0,25.0
2010-03-13,17.5,25.0
2010-03-14,17.0,25.0
2010-03-15,16.5,25.0
2010-03-16,16.0,25.0
2010-03-17,16.0,25.0
2010-03-18,16.0,25.0
2010-03-19,16.0,25.0
2010-03-20,15.75,25.0
2010-03-21,15.5,25.0
2010-03-22,15.25,25.0
2010-03-23,15.0,25.0
2010-03-24,15.0,25.33333333333333
2010-03-25,15.0,25.66666666666667
2010-03-26,15.0,26.0
2010-03-27,15.0,26.0
2010-03-28,15.0,26.0
2010-03-29,15.0,26.0
2010-03-30,15.0,26.0
2010-03-31,15.0,26.0
2010-04-01,15.0,26.0
2010-04-02,15.0,26.0
2010-04-03,15.0,26.0
2010-04-04,15.0,26.0
2010-04-05,15.0,26.0
2010-04-06,15.0,26.0
2010-04-07,14.0,27.0
2010-04-08,14.0,27.0
2010-04-09,14.0,27.0
2010-04-10,14.0,27.0
2010-04-11,14.0,27.0
2010-04-12,14.0,27.0
2010-04-13,14.0,27.0
2010-04-14,14.0,27.0
2010-04-15,14.0,27.0
2010-04-16,14.0,27.0
2010-04-17,14.0,27.0
2010-04-18,14.0,27.0
2010-04-19,14.0,27.0
2010-04-20,14.0,27.0
2010-04-21,14.0,27.0
2010-04-22,14.0,27.0
2010-04-23,14.0,27.0
2010-04-24,14.0,27.0
2010-04-25,14.0,27.0
2010-04-26,14.0,27.0
2010-04-27,14.0,27.0
2010-04-28,14.0,27.0
2010-04-29,14.0,27.0
2010-04-30,14.0,27.0
2010-05-01,13.5,27.0
2010-05-02,13.0,27.0
2010-05-03,12.5,27.0
2010-05-04,12.0,27.0
2010-05-05,12.0,27.0
2010-05-06,12.0,27.0
2010-05-07,12.0,27.0
2010-05-08,12.0,27.0
2010-05-09,12.0,27.0
2010-05-10,12.0,27.0
2010-05-11,12.0,27.0
2010-05-12,12.0,27.0
2010-05-13,12.0,27.0
2010-05-14,12.0,27.0
2010-05-15,12.0,27.0
2010-05-16,12.0,27.0
2010-05-17,12.0,27.0
2010-05-18,12.0,27.0
2010-05-19,12.0,27.0
2010-05-20,12.0,27.0
2010-05-21,12.0,27.0
2010-05-22,12.0,27.0
2010-05-23,12.0,27.0
2010-05-24,12.0,27.0
2010-05-25,12.0,27.0
2010-05-26,12.0,27.0
2010-05-27,12.0,27.0
2010-05-28,12.0,27.0
2010-05-29,12.0,27.0
2010-05-30,12.0,27.0
2010-05-31,12.0,27.0
2010-06-01,12.0,27.0
2010-06-02,12.0,27.0
2010-06-03,12.0,27.0
2010-06-04,12.0,27.0
2010-06-05,12.0,27.0
2010-06-06,12.0,27.0
2010-06-07,12.0,27.0
2010-06-08,12.0,27.0
2010-06-09,12.0,27.0
2010-06-10,12.0,27.0
2010-06-11,12.0,27.0
2010-06-12,12.0,27.0
2010-06-13,12.0,27.0
2010-06-14,12.0,27.0
2010-06-15,12.0,27.0
2010-06-16,12.0,27.0
2010-06-17,12.0,27.0
2010-06-18,12.0,27.0
2010-06-19,12.0,27.0
2010-06-20,12.0,27.0
2010-06-21,12.0,27.0
2010-06-22,12.0,27.0
2010-06-23,12.0,27.0
2010-06-24,12.0,27.0
2010-06-25,12.0,27.0
2010-06-26,12.0,27.0
2010-06-27,12.0,27.0
2010-06-28,12.0,27.0
2010-06-29,12.0,27.0
2010-06-30,12.0,27.0
2010-07-01,12.0,27.0
2010-07-02,12.0,27.0
2010-07-03,12.0,27.0
2010-07-04,12.0,27.0
2010-07-05,12.0,27.0
2010-07-06,12.0,27.0
2010-07-07,12.0,27.0
2010-07-08,12.0,27.0
2010-07-09,12.0,27.0
2010-07-10,12.0,27.0
2010-07-11,12.0,27.0
2010-07-12,12.0,27.0
2010-07-13,12.0,27.0
2010-07-14,12.0,27.0
2010-07-15,12.0,27.0
2010-07-16,15.0,27.0
2010-07-17,15.0,27.0
2010-07-18,15.0,27.0
2010-07-19,15.0,27.0
2010-07-20,15.0,27.0
2010-07-21,15.0,27.0
2010-07-22,15.0,27.0
2010-07-23,15.0,27.0
2010-07-24,15.0,27.0
2010-07-25,15.0,27.0
2010-07-26,15.0,27.0
2010-07-27,15.0,27.0
2010-07-28,15.0,27.0
2010-07-29,15.0,27.0
2010-07-30,15.0,27.0
2010-07-31,15.0,27.0
2010-08-01,15.0,27.0
2010-08-02,15.0,27.0
2010-08-03,15.0,27.0
2010-08-04,15.0,27.0
2010-08-05,15.0,27.0
2010-08-06,15.0,27.0
2010-08-07,15.0,27.0
2010-08-08,15.0,27.0
2010-08-09,15.0,27.0
2010-08-10,15.0,27.0
2010-08-11,15.0,27.0
2010-08-12,15.0,27.0
2010-08-13,15.0,27.0
2010-08-14,15.0,27.0
2010-08-15,15.0,27.0
2010-08-16,15.0,27.0
2010-08-17,15.0,27.0
2010-08-18,15.0,27.0
2010-08-19,15.0,27.0
2010-08-20,17.0,27.0
2010-08-21,17.0,27.0
2010-08-22,17.0,27.0
2010-08-23,17.0,27.0
2010-08-24,17.0,27.0
2010-08-25,17.0,27.0
2010-08-26,17.0,27.0
2010-08-27,17.0,27.0
2010-08-28,17.0,27.0
2010-08-29,17.0,27.0
2010-08-30,17.0,27.0
2010-08-31,17.0,27.0
2010-09-01,19.0,25.0
2010-09-02,19.0,25.0
2010-09-03,19.0,25.0
2010-09-04,19.0,25.0
2010-09-05,19.0,25.0
2010-09-06,19.0,25.0
2010-09-07,19.0,25.0
2010-09-08,19.0,25.0
2010-09-09,19.0,25.0
2010-09-10,19.0,25.0
2010-09-11,19.25,25.0
2010-09-12,19.5,25.0
2010-09-13,19.75,25.0
2010-09-14,20.0,25.0
2010-09-15,23.0,25.0
2010-09-16,20.0,25.0
2010-09-17,23.0,25.0
2010-09-18,23.0,25.0
2010-09-19,23.0,25.0
2010-09-20,23.0,25.0
2010-09-21,23.0,25.0
2010-09-22,23.0,25.0
2010-09-23,23.0,25.0
2010-09-24,25.0,25.0
2010-09-25,25.0,25.0
2010-09-26,25.0,25.0
2010-09-27,25.0,25.0
2010-09-28,25.0,25.0
2010-09-29,25.0,25.0
2010-09-30,25.0,25.0
2010-10-01,25.0,25.0
2010-10-02,25.0,25.0
2010-10-03,25.0,25.0
2010-10-04,25.0,25.0
2010-10-05,25.0,25.0
2010-10-06,25.0,25.0
2010-10-07,25.0,25.0
2010-10-08,25.0,25.0
2010-10-09,25.0,25.0
2010-10-10,25.0,25.0
2010-10-11,25.0,25.0
2010-10-12,25.0,25.0
2010-10-13,25.0,25.0
2010-10-14,25.0,25.0
2010-10-15,25.0,25.0
2010-10-16,25.0,25.0
2010-10-17,25.0,25.0
2010-10-18,25.0,25.0
2010-10-19,25.0,25.0
2010-10-20,25.0,25.0
2010-10-21,25.0,25.0
2010-10-22,25.0,25.0
2010-10-23,25.0,25.0
2010-10-24,25.0,25.0
2010-10-25,25.0,25.0
2010-10-26,25.0,25.0
2010-10-27,25.0,25.0
2010-10-28,25.0,25.0
2010-10-29,25.0,25.0
2010-10-30,25.0,25.0
2010-10-31,25.0,25.0
2010-11-01,25.0,25.0
2010-11-02,25.0,25.0
2010-11-03,25.0,25.0
2010-11-04,25.0,25.0
2010-11-05,25.0,25.0
2010-11-06,25.0,25.0
2010-11-07,25.0,25.0
2010-11-08,25.0,25.0
2010-11-09,25.0,25.0
2010-11-10,25.0,25.0
2010-11-11,35.0,25.0
2010-11-12,35.0,25.0
2010-11-13,35.0,25.0
2010-11-14,35.0,25.0
2010-11-15,35.0,25.0
2010-11-16,35.0,25.0
2010-11-17,33.333333333333336,25.0
2010-11-18,31.66666666666667,25.0
2010-11-19,30.0,25.0
2010-11-20,30.0,25.0
2010-11-21,30.0,25.0
2010-11-22,30.0,25.0
2010-11-23,30.0,25.0
2010-11-24,30.0,25.0
2010-11-25,30.0,25.0
2010-11-26,35.0,25.0
2010-11-27,35.0,25.0
2010-11-28,35.0,25.0
2010-11-29,35.0,25.0
2010-11-30,35.0,25.0
2010-12-01,35.0,25.0
2010-12-02,35.0,25.0
2010-12-03,35.0,25.0
2010-12-04,35.0,25.0
2010-12-05,35.0,25.0
2010-12-06,35.0,25.0
2010-12-07,35.0,25.0
2010-12-08,35.0,25.0
2010-12-09,35.0,25.0
2010-12-10,35.0,25.0
2010-12-11,34.0,25.0
2010-12-12,33.0,25.0
2010-12-13,32.0,25.0
2010-12-14,31.0,25.0
2010-12-15,32.0,25.0
2010-12-16,32.0,25.0
2010-12-17,37.5,25.0
2010-12-18,43.0,25.0
2010-12-19,48.5,25.0
2010-12-20,54.0,25.0
2010-12-21,59.5,25.0
2010-12-22,65.0,25.0
2010-12-23,60.0,25.0
2010-12-24,60.0,25.0
2010-12-25,57.5,25.0
2010-12-26,55.0,25.0
2010-12-27,52.5,25.0
2010-12-28,50.0,25.0
2010-12-29,50.0,25.0
2010-12-30,60.0,25.0
2010-12-31,60.0,25.0
2011-01-01,57.5,25.0
2011-01-02,55.0,25.0
2011-01-03,52.5,25.0
2011-01-04,50.0,25.0
2011-01-05,50.0,25.0
2011-01-06,50.0,25.0
2011-01-07,50.0,25.0
2011-01-08,50.0,25.0
2011-01-09,50.0,25.0
2011-01-10,50.0,25.0
2011-01-11,50.0,25.0
2011-01-12,60.0,25.0
2011-01-13,60.0,25.0
2011-01-14,60.0,25.0
2011-01-15,60.0,25.0
2011-01-16,60.0,25.0
2011-01-17,60.0,25.0
2011-01-18,60.0,25.0
2011-01-19,60.0,25.0
2011-01-20,48.0,25.0
2011-01-21,48.0,25.0
2011-01-22,47.25,25.0
2011-01-23,46.5,25.0
2011-01-24,45.75,25.0
2011-01-25,45.0,25.0
2011-01-26,40.0,25.0
2011-01-27,35.0,25.0
2011-01-28,30.0,25.0
2011-01-29,28.75,25.0
2011-01-30,27.5,25.0
2011-01-31,26.25,25.0
2011-02-01,25.0,25.0
2011-02-02,25.0,25.0
2011-02-03,25.0,25.0
2011-02-04,25.0,25.0
2011-02-05,25.0,25.0
2011-02-06,25.0,25.0
2011-02-07,25.0,25.0
2011-02-08,25.0,25.0
2011-02-09,25.0,25.0
2011-02-10,20.0,25.0
2011-02-11,20.0,25.0
2011-02-12,20.0,25.0
2011-02-13,20.0,25.0
2011-02-14,20.0,25.0
2011-02-15,20.0,25.0
2011-02-16,20.0,25.0
2011-02-17,20.0,25.0
2011-02-18,20.0,25.0
2011-02-19,20.0,25.0
2011-02-20,20.0,25.0
2011-02-21,20.0,25.0
2011-02-22,20.0,25.0
2011-02-23,20.0,25.0
2011-02-24,20.0,25.0
2011-02-25,20.0,25.0
2011-02-26,20.0,25.0
2011-02-27,20.0,25.0
2011-02-28,20.0,25.0
2011-03-01,20.0,25.0
2011-03-02,20.0,25.0
2011-03-03,20.0,25.0
2011-03-04,20.0,25.0
2011-03-05,19.63636363636364,25.0
2011-03-06,19.272727272727273,25.0
2011-03-07,18.90909090909091,25.0
2011-03-08,18.545454545454547,25.0
2011-03-09,18.18181818181818,25.0
2011-03-10,17.81818181818182,25.0
2011-03-11,17.454545454545453,25.0
2011-03-12,17.09090909090909,25.0
2011-03-13,16.727272727272727,25.0
2011-03-14,16.363636363636363,25.0
2011-03-15,16.0,25.0
2011-03-16,15.714285714285715,25.0
2011-03-17,15.428571428571427,25.0
2011-03-18,15.142857142857142,25.0
2011-03-19,14.857142857142858,25.0
2011-03-20,14.571428571428573,25.0
2011-03-21,14.285714285714285,25.0
2011-03-22,14.0,25.0
2011-03-23,14.0,25.0
2011-03-24,14.0,25.0
2011-03-25,14.0,25.0
2011-03-26,14.0,25.0
2011-03-27,14.0,25.0
2011-03-28,14.0,25.0
2011-03-29,14.0,25.0
2011-03-30,13.904761904761903,25.0
2011-03-31,13.809523809523812,25.0
2011-04-01,13.714285714285715,25.0
2011-04-02,13.61904761904762,25.0
2011-04-03,13.523809523809526,25.0
2011-04-04,13.428571428571427,25.0
2011-04-05,13.333333333333336,25.0
2011-04-06,13.238095238095234,25.0
2011-04-07,13.142857142857142,25.0
2011-04-08,13.047619047619047,25.0
2011-04-09,12.952380952380953,25.0
2011-04-10,12.857142857142858,25.0
2011-04-11,12.761904761904766,25.0
2011-04-12,12.666666666666664,25.0
2011-04-13,12.571428571428573,25.0
2011-04-14,12.476190476190474,25.0
2011-04-15,12.38095238095238,25.0
2011-04-16,12.285714285714285,25.0
2011-04-17,12.190476190476188,25.0
2011-04-18,12.095238095238097,25.0
2011-04-19,12.0,25.0
2011-04-20,12.0,25.0
2011-04-21,12.0,25.0
2011-04-22,12.0,25.0
2011-04-23,12.0,25.0
2011-04-24,12.0,25.0
2011-04-25,12.0,25.0
2011-04-26,12.0,25.0
2011-04-27,12.0,25.0
2011-04-28,12.0,25.0
2011-04-29,12.0,25.0
2011-04-30,12.0,25.0
2011-05-01,12.0,25.0
2011-05-02,12.0,25.0
2011-05-03,12.0,25.0
2011-05-04,12.0,25.0
2011-05-05,12.0,25.0
2011-05-06,12.0,25.0
2011-05-07,12.0,25.0
2011-05-08,12.0,25.0
2011-05-09,12.0,25.0
2011-05-10,12.0,25.0
2011-05-11,12.0,25.0
2011-05-12,12.0,25.0
2011-05-13,12.0,25.0
2011-05-14,12.0,25.0
2011-05-15,12.0,25.0
2011-05-16,12.0,25.0
2011-05-17,12.0,25.0
2011-05-18,12.0,25.0
2011-05-19,12.0,25.0
2011-05-20,12.0,25.0
2011-05-21,12.0,25.0
2011-05-22,12.0,25.0
2011-05-23,12.0,25.0
2011-05-24,12.0,25.0
2011-05-25,12.0,25.0
2011-05-26,12.0,25.0
2011-05-27,11.0,25.0
2011-05-28,11.25,25.0
2011-05-29,11.5,25.0
2011-05-30,11.75,25.0
2011-05-31,12.0,25.0
2011-06-01,12.0,25.0
2011-06-02,12.0,25.0
2011-06-03,12.0,25.0
2011-06-04,12.0,25.0
2011-06-05,12.0,25.0
2011-06-06,12.0,25.0
2011-06-07,12.0,25.0
2011-06-08,12.0,25.0
2011-06-09,12.0,25.0
2011-06-10,12.0,25.0
2011-06-11,12.0,25.0
2011-06-12,12.0,25.0
2011-06-13,12.0,25.0
2011-06-14,12.0,25.0
2011-06-15,12.0,25.0
2011-06-16,12.0,25.0
2011-06-17,12.0,25.0
2011-06-18,12.25,25.0
2011-06-19,12.5,25.0
2011-06-20,12.75,25.0
2011-06-21,13.0,25.0
2011-06-22,13.0,25.0
2011-06-23,13.0,25.0
2011-06-24,13.0,25.0
2011-06-25,13.5,25.0
2011-06-26,14.0,25.0
2011-06-27,14.5,25.0
2011-06-28,15.0,25.0
2011-06-29,15.0,25.0
2011-06-30,15.0,25.0
2011-07-01,15.0,25.0
2011-07-02,15.0,25.0
2011-07-03,15.0,25.0
2011-07-04,15.0,25.0
2011-07-05,15.0,25.0
2011-07-06,15.0,25.0
2011-07-07,15.0,25.0
2011-07-08,15.0,25.0
2011-07-09,15.0,25.0
2011-07-10,15.0,25.0
2011-07-11,15.0,25.0
2011-07-12,15.0,25.0
2011-07-13,15.0,25.0
2011-07-14,15.0,25.0
2011-07-15,15.0,25.0
2011-07-16,15.0,25.0
2011-07-17,15.0,25.0
2011-07-18,15.0,25.0
2011-07-19,15.0,25.0
2011-07-20,15.0,25.0
2011-07-21,15.0,25.0
2011-07-22,15.0,25.0
2011-07-23,15.0,25.0
2011-07-24,15.0,25.0
2011-07-25,15.0,25.0
2011-07-26,15.0,25.0
2011-07-27,15.0,25.0
2011-07-28,15.0,25.0
2011-07-29,15.0,25.0
2011-07-30,15.0,25.0
2011-07-31,15.0,25.0
2011-08-01,15.0,25.0
2011-08-02,15.0,25.0
2011-08-03,15.0,25.0
2011-08-04,15.0,25.0
2011-08-05,15.0,25.0
2011-08-06,15.0,25.0
2011-08-07,15.0,25.0
2011-08-08,15.0,25.0
2011-08-09,15.0,25.0
2011-08-10,15.0,25.0
2011-08-11,15.0,25.0
2011-08-12,15.0,25.0
2011-08-13,15.0,25.0
2011-08-14,15.0,25.0
2011-08-15,15.0,25.0
2011-08-16,15.0,25.0
2011-08-17,15.0,25.0
2011-08-18,20.0,25.0
2011-08-19,20.0,25.0
2011-08-20,20.0,25.0
2011-08-21,20.0,25.0
2011-08-22,20.0,25.0
2011-08-23,20.0,25.0
2011-08-24,20.0,25.0
2011-08-25,20.0,25.0
2011-08-26,20.0,25.0
2011-08-27,20.0,25.0
2011-08-28,20.0,25.0
2011-08-29,20.0,25.0
2011-08-30,20.0,25.0
2011-08-31,20.0,25.0
2011-09-01,20.0,25.0
2011-09-02,20.0,25.0
2011-09-03,20.0,25.0
2011-09-04,20.0,25.0
2011-09-05,20.0,25.0
2011-09-06,20.0,25.0
2011-09-07,20.0,25.0
2011-09-08,25.0,25.0
2011-09-09,25.0,25.0
2011-09-10,24.25,25.0
2011-09-11,23.5,25.0
2011-09-12,22.75,25.0
2011-09-13,22.0,25.0
2011-09-14,25.0,25.0
2011-09-15,25.0,25.0
2011-09-16,25.0,25.0
2011-09-17,25.0,25.0
2011-09-18,25.0,25.0
2011-09-19,25.0,25.0
2011-09-20,25.0,25.0
2011-09-21,25.0,25.0
2011-09-22,25.0,25.0
2011-09-23,25.0,25.0
2011-09-24,23.75,25.0
2011-09-25,22.5,25.0
2011-09-26,21.25,25.0
2011-09-27,20.0,25.0
2011-09-28,20.0,25.0
2011-09-29,20.0,25.0
2011-09-30,20.0,25.0
2011-10-01,20.0,25.0
2011-10-02,20.0,25.0
2011-10-03,20.0,25.0
2011-10-04,20.0,25.0
2011-10-05,20.0,25.0
2011-10-06,20.0,25.0
2011-10-07,20.0,25.0
2011-10-08,20.0,25.0
2011-10-09,20.0,25.0
2011-10-10,20.0,25.0
2011-10-11,20.0,25.0
2011-10-12,20.0,25.0
2011-10-13,20.0,25.0
2011-10-14,20.0,25.0
2011-10-15,20.0,25.0
2011-10-16,20.0,25.0
2011-10-17,20.0,25.0
2011-10-18,20.0,25.0
2011-10-19,20.0,25.0
2011-10-20,20.0,25.0
2011-10-21,20.0,25.0
2011-10-22,20.0,25.0
2011-10-23,20.0,25.0
2011-10-24,20.0,25.0
2011-10-25,20.0,25.0
2011-10-26,20.0,25.0
2011-10-27,20.0,25.0
2011-10-28,20.0,25.0
2011-10-29,20.0,25.0
2011-10-30,20.0,25.0
2011-10-31,20.0,25.0
2011-11-01,20.0,25.0
2011-11-02,20.0,25.0
2011-11-03,20.0,25.0
2011-11-04,20.0,25.0
2011-11-05,20.0,25.0
2011-11-06,20.0,25.0
2011-11-07,20.0,25.0
2011-11-08,20.0,25.0
2011-11-09,20.0,25.0
2011-11-10,20.0,25.0
2011-11-11,20.0,25.0
2011-11-12,20.0,25.0
2011-11-13,20.0,25.0
2011-11-14,20.0,25.0
2011-11-15,20.0,25.0
2011-11-16,20.0,25.0
2011-11-17,20.0,25.5
2011-11-18,20.0,26.0
2011-11-19,20.0,26.5
2011-11-20,20.0,27.0
2011-11-21,20.0,27.5
2011-11-22,20.0,28.0
2011-11-23,20.0,28.0
2011-11-24,18.0,28.0
2011-11-25,15.0,28.0
2011-11-26,15.0,28.0
2011-11-27,15.0,28.0
2011-11-28,15.0,28.0
2011-11-29,15.0,28.0
2011-11-30,15.0,28.0
2011-12-01,15.0,28.0
2011-12-02,15.0,28.0
2011-12-03,15.0,28.0
2011-12-04,15.0,28.0
2011-12-05,15.0,28.0
2011-12-06,15.0,28.0
2011-12-07,15.0,28.0
2011-12-08,15.0,28.0
2011-12-09,15.0,28.0
2011-12-10,15.0,28.0
2011-12-11,15.0,28.0
2011-12-12,15.0,28.0
2011-12-13,15.0,28.0
2011-12-14,15.0,28.0
2011-12-15,15.0,28.0
2011-12-16,13.0,28.0
2011-12-17,12.75,28.0
2011-12-18,12.5,28.0
2011-12-19,12.25,28.0
2011-12-20,12.0,28.0
2011-12-21,12.0,28.0
2011-12-22,12.0,28.0
2011-12-23,12.0,28.0
2011-12-24,12.0,28.0
2011-12-25,12.0,28.0
2011-12-26,12.0,28.0
2011-12-27,12.0,28.0
2011-12-28,12.142857142857142,28.0
2011-12-29,12.285714285714285,28.0
2011-12-30,12.428571428571427,28.0
2011-12-31,12.571428571428573,28.0
2012-01-01,12.714285714285715,28.0
2012-01-02,12.857142857142858,28.0
2012-01-03,13.0,28.0
2012-01-04,12.0,28.0
2012-01-05,12.0,28.0
2012-01-06,12.0,28.0
2012-01-07,12.0,28.0
2012-01-08,12.0,28.0
2012-01-09,12.0,28.0
2012-01-10,12.0,28.0
2012-01-11,13.0,28.0
2012-01-12,13.0,28.0
2012-01-13,13.0,28.0
2012-01-14,13.0,28.0
2012-01-15,13.0,28.0
2012-01-16,13.0,28.0
2012-01-17,13.0,28.0
2012-01-18,13.0,28.0
2012-01-19,13.0,28.0
2012-01-20,13.0,28.0
2012-01-21,13.0,28.0
2012-01-22,13.0,28.0
2012-01-23,13.0,28.0
2012-01-24,13.0,28.0
2012-01-25,13.0,28.0
2012-01-26,13.0,28.0
2012-01-27,13.0,28.0
2012-01-28,13.0,28.0
2012-01-29,13.0,28.0
2012-01-30,13.0,28.0
2012-01-31,13.0,28.0
2012-02-01,13.0,28.0
2012-02-02,13.0,28.0
2012-02-03,12.857142857142858,28.0
2012-02-04,12.714285714285715,28.0
2012-02-05,12.571428571428573,28.0
2012-02-06,12.428571428571427,28.0
2012-02-07,12.285714285714285,28.0
2012-02-08,12.142857142857142,28.0
2012-02-09,12.0,28.0
2012-02-10,12.0,28.0
2012-02-11,12.0,28.0
2012-02-12,12.0,28.0
2012-02-13,12.0,28.0
2012-02-14,12.0,28.0
2012-02-15,12.0,28.0
2012-02-16,12.0,28.0
2012-02-17,10.0,28.0
2012-02-18,10.0,28.0
2012-02-19,10.0,28.0
2012-02-20,10.0,28.0
2012-02-21,10.0,28.0
2012-02-22,10.0,28.0
2012-02-23,10.0,28.0
2012-02-24,10.0,28.0
2012-02-25,10.0,28.0
2012-02-26,10.0,28.0
2012-02-27,10.0,28.0
2012-02-28,10.0,28.0
2012-02-29,10.0,28.0
2012-03-01,10.0,28.0
2012-03-02,10.0,28.0
2012-03-03,10.0,28.0
2012-03-04,10.0,28.0
2012-03-05,10.0,28.0
2012-03-06,10.0,28.0
2012-03-07,10.0,28.0
2012-03-08,10.333333333333334,28.0
2012-03-09,10.666666666666666,28.0
2012-03-10,11.0,28.0
2012-03-11,11.333333333333336,28.0
2012-03-12,11.666666666666664,28.0
2012-03-13,12.0,28.0
2012-03-14,12.0,28.0
2012-03-15,12.0,28.0
2012-03-16,12.0,28.0
2012-03-17,12.0,28.0
2012-03-18,12.0,28.0
2012-03-19,12.0,28.0
2012-03-20,12.0,28.0
2012-03-21,12.0,28.0
2012-03-22,12.0,28.0
2012-03-23,12.0,28.0
2012-03-24,12.0,28.0
2012-03-25,12.0,28.0
2012-03-26,12.0,28.0
2012-03-27,12.0,28.0
2012-03-28,12.0,28.0
2012-03-29,12.0,28.0
2012-03-30,12.0,28.0
2012-03-31,12.0,28.0
2012-04-01,12.0,28.0
2012-04-02,12.0,28.0
2012-04-03,12.0,28.0
2012-04-04,12.0,28.0
2012-04-05,12.0,28.0
2012-04-06,12.0,28.0
2012-04-07,12.0,28.0
2012-04-08,12.0,28.0
2012-04-09,12.0,28.0
2012-04-10,12.0,28.0
2012-04-11,12.0,28.0
2012-04-12,12.0,28.0
2012-04-13,12.0,28.0
2012-04-14,12.0,28.0
2012-04-15,12.0,28.0
2012-04-16,12.0,28.0
2012-04-17,12.0,28.0
2012-04-18,12.0,28.0
2012-04-19,12.0,28.0
2012-04-20,12.0,28.0
2012-04-21,12.0,28.0
2012-04-22,12.0,28.0
2012-04-23,12.0,28.0
2012-04-24,12.0,28.0
2012-04-25,12.0,28.0
2012-04-26,12.0,28.0
2012-04-27,12.0,28.0
2012-04-28,12.0,28.0
2012-04-29,12.0,28.0
2012-04-30,12.0,28.0
2012-05-01,12.0,28.0
2012-05-02,12.0,28.0
2012-05-03,12.0,28.0
2012-05-04,12.0,28.0
2012-05-05,12.0,28.0
2012-05-06,12.0,28.0
2012-05-07,12.0,28.0
2012-05-08,12.0,28.0
2012-05-09,12.0,28.0
2012-05-10,12.0,28.0
2012-05-11,12.0,28.0
2012-05-12,12.0,28.0
2012-05-13,12.0,28.0
2012-05-14,12.0,28.0
2012-05-15,12.0,28.0
2012-05-16,12.0,28.0
2012-05-17,12.0,28.0
2012-05-18,12.0,28.0
2012-05-19,12.0,28.0
2012-05-20,12.0,28.0
2012-05-21,12.0,28.0
2012-05-22,12.0,28.0
2012-05-23,12.0,28.0
2012-05-24,12.0,28.0
2012-05-25,12.0,28.0
2012-05-26,12.0,28.0
2012-05-27,12.0,28.0
2012-05-28,12.0,28.0
2012-05-29,12.0,28.0
2012-05-30,12.0,28.0
2012-05-31,12.0,28.0
2012-06-01,12.0,28.0
2012-06-02,12.0,28.0
2012-06-03,12.0,28.0
2012-06-04,12.0,28.0
2012-06-05,12.0,28.0
2012-06-06,12.0,28.0
2012-06-07,12.0,28.0
2012-06-08,12.0,28.0
2012-06-09,12.0,28.0
2012-06-10,12.0,28.0
2012-06-11,12.0,28.0
2012-06-12,12.0,28.0
2012-06-13,12.0,28.0
2012-06-14,12.0,28.0
2012-06-15,12.0,28.0
2012-06-16,12.0,28.0
2012-06-17,12.0,28.0
2012-06-18,12.0,28.0
2012-06-19,12.0,28.0
2012-06-20,12.0,28.0
2012-06-21,12.0,28.0
2012-06-22,12.0,28.0
2012-06-23,12.0,28.0
2012-06-24,12.0,28.0
2012-06-25,12.0,28.0
2012-06-26,12.0,28.0
2012-06-27,12.0,28.0
2012-06-28,12.0,28.0
2012-06-29,12.0,28.0
2012-06-30,12.5,28.0
2012-07-01,13.0,28.0
2012-07-02,13.5,28.0
2012-07-03,14.0,28.0
2012-07-04,14.0,28.0
2012-07-05,14.0,28.0
2012-07-06,14.0,28.0
2012-07-07,14.0,28.0
2012-07-08,14.0,28.0
2012-07-09,14.0,28.0
2012-07-10,14.0,28.0
2012-07-11,14.0,28.0
2012-07-12,14.0,28.0
2012-07-13,14.0,28.0
2012-07-14,14.0,28.181818181818183
2012-07-15,14.0,28.363636363636363
2012-07-16,14.0,28.54545454545455
2012-07-17,14.0,28.72727272727273
2012-07-18,14.0,28.90909090909091
2012-07-19,14.0,29.09090909090909
2012-07-20,14.0,29.272727272727273
2012-07-21,14.0,29.45454545454545
2012-07-22,14.0,29.63636363636364
2012-07-23,14.0,29.81818181818182
2012-07-24,14.0,30.0
2012-07-25,14.0,30.0
2012-07-26,14.0,30.0
2012-07-27,14.0,30.0
2012-07-28,14.0,30.0
2012-07-29,14.0,30.0
2012-07-30,14.0,30.0
2012-07-31,14.0,30.0
2012-08-01,14.0,30.0
2012-08-02,14.166666666666664,30.0
2012-08-03,14.333333333333336,30.0
2012-08-04,14.5,30.0
2012-08-05,14.666666666666664,30.0
2012-08-06,14.833333333333336,30.0
2012-08-07,15.0,30.0
2012-08-08,15.0,30.0
2012-08-09,15.0,30.0
2012-08-10,15.0,30.0
2012-08-11,15.0,30.0
2012-08-12,15.0,30.0
2012-08-13,15.0,30.0
2012-08-14,15.0,30.0
2012-08-15,15.0,30.0
2012-08-16,15.0,30.0
2012-08-17,15.0,30.0
2012-08-18,15.0,30.0
2012-08-19,15.0,30.0
2012-08-20,15.0,30.0
2012-08-21,15.0,30.0
2012-08-22,15.0,30.0
2012-08-23,15.0,30.0
2012-08-24,15.0,30.0
2012-08-25,15.0,30.0
2012-08-26,15.0,30.0
2012-08-27,15.0,30.0
2012-08-28,15.0,30.0
2012-08-29,15.0,30.0
2012-08-30,15.0,30.0
2012-08-31,15.0,30.0
2012-09-01,15.0,30.0
2012-09-02,15.0,30.0
2012-09-03,15.0,30.0
2012-09-04,15.0,30.0
2012-09-05,15.0,30.0
2012-09-06,15.0,30.0
2012-09-07,15.0,30.0
2012-09-08,15.0,30.0
2012-09-09,15.0,30.0
2012-09-10,15.0,30.0
2012-09-11,15.0,30.0
2012-09-12,15.0,30.0
2012-09-13,15.0,30.0
2012-09-14,15.0,30.0
2012-09-15,15.0,30.0
2012-09-16,15.0,30.0
2012-09-17,15.0,30.0
2012-09-18,15.0,30.0
2012-09-19,15.0,30.0
2012-09-20,15.0,30.0
2012-09-21,15.0,30.0
2012-09-22,15.0,30.0
2012-09-23,15.0,30.0
2012-09-24,15.0,30.0
2012-09-25,15.0,30.0
2012-09-26,15.0,30.0
2012-09-27,15.0,30.0
2012-09-28,15.0,30.0
2012-09-29,15.0,30.0
2012-09-30,15.0,30.0
2012-10-01,15.0,30.0
2012-10-02,15.0,30.0
2012-10-03,15.0,30.0
2012-10-04,15.0,30.0
2012-10-05,15.0,30.0
2012-10-06,15.0,30.0
2012-10-07,15.0,30.0
2012-10-08,15.0,30.0
2012-10-09,15.0,30.0
2012-10-10,15.0,30.0
2012-10-11,15.0,30.0
2012-10-12,15.0,30.0
2012-10-13,15.0,30.0
2012-10-14,15.0,30.0
2012-10-15,15.0,30.0
2012-10-16,15.0,30.0
2012-10-17,15.0,30.0
2012-10-18,15.0,30.0
2012-10-19,15.0,30.0
2012-10-20,15.714285714285715,30.0
2012-10-21,16.428571428571427,30.0
2012-10-22,17.142857142857142,30.0
2012-10-23,17.857142857142858,30.0
2012-10-24,18.571428571428573,30.0
2012-10-25,19.285714285714285,30.0
2012-10-26,20.0,30.0
2012-10-27,20.0,30.0
2012-10-28,20.0,30.0
2012-10-29,20.0,30.0
2012-10-30,20.0,30.0
2012-10-31,20.0,30.0
2012-11-01,20.0,30.0
2012-11-02,20.0,30.0
2012-11-03,20.0,30.0
2012-11-04,20.0,30.0
2012-11-05,20.0,30.0
2012-11-06,20.0,30.0
2012-11-07,20.0,30.0
2012-11-08,20.0,30.0
2012-11-09,24.0,30.0
2012-11-10,23.42857142857143,30.0
2012-11-11,22.857142857142854,30.0
2012-11-12,22.285714285714285,30.0
2012-11-13,21.714285714285715,30.0
2012-11-14,21.142857142857142,30.0
2012-11-15,20.571428571428573,30.0
2012-11-16,20.0,30.0
2012-11-17,20.0,30.0
2012-11-18,20.0,30.0
2012-11-19,20.0,30.0
2012-11-20,20.0,30.0
2012-11-21,20.0,30.0
2012-11-22,20.0,30.0
2012-11-23,20.0,30.0
2012-11-24,20.0,30.0
2012-11-25,20.0,30.0
2012-11-26,20.0,30.0
2012-11-27,20.0,30.0
2012-11-28,21.33333333333333,30.0
2012-11-29,22.66666666666667,30.0
2012-11-30,24.0,30.0
2012-12-01,24.0,30.0
2012-12-02,24.0,30.0
2012-12-03,24.0,30.0
2012-12-04,24.0,30.0
2012-12-05,24.0,30.0
2012-12-06,24.0,30.0
2012-12-07,24.0,30.0
2012-12-08,23.714285714285715,30.0
2012-12-09,23.42857142857143,30.0
2012-12-10,23.142857142857146,30.0
2012-12-11,22.857142857142854,30.0
2012-12-12,22.57142857142857,30.0
2012-12-13,22.285714285714285,30.0
2012-12-14,22.0,30.0
2012-12-15,22.0,30.0
2012-12-16,22.0,30.0
2012-12-17,22.0,30.0
2012-12-18,22.0,30.0
2012-12-19,22.0,30.0
2012-12-20,22.0,30.0
2012-12-21,22.0,30.0
2012-12-22,21.66666666666667,29.66666666666667
2012-12-23,21.33333333333333,29.33333333333333
2012-12-24,21.0,29.0
2012-12-25,20.666666666666668,28.66666666666667
2012-12-26,20.33333333333333,28.33333333333333
2012-12-27,20.0,28.0
2012-12-28,20.0,28.0
2012-12-29,20.181818181818183,28.181818181818183
2012-12-30,20.363636363636363,28.363636363636363
2012-12-31,20.545454545454547,28.54545454545455
2013-01-01,20.727272727272727,28.72727272727273
2013-01-02,20.90909090909091,28.90909090909091
2013-01-03,21.09090909090909,29.09090909090909
2013-01-04,21.272727272727273,29.272727272727273
2013-01-05,21.454545454545453,29.45454545454545
2013-01-06,21.63636363636364,29.63636363636364
2013-01-07,21.81818181818182,29.81818181818182
2013-01-08,22.0,30.0
2013-01-09,22.0,30.0
2013-01-10,22.0,30.0
2013-01-11,22.0,30.0
2013-01-12,22.0,30.0
2013-01-13,22.0,30.0
2013-01-14,22.0,30.0
2013-01-15,22.0,30.0
2013-01-16,22.0,30.0
2013-01-17,22.0,30.0
2013-01-18,22.0,30.0
2013-01-19,22.0,30.0
2013-01-20,22.0,30.0
2013-01-21,22.0,30.0
2013-01-22,22.0,30.0
2013-01-23,22.0,30.0
2013-01-24,22.0,30.0
2013-01-25,23.0,30.0
2013-01-26,24.0,30.0
2013-01-27,25.0,30.0
2013-01-28,26.0,30.0
2013-01-29,27.0,30.0
2013-01-30,28.0,30.0
2013-01-31,29.0,30.0
2013-02-01,30.0,30.0
2013-02-02,30.0,30.0
2013-02-03,30.0,30.0
2013-02-04,30.0,30.0
2013-02-05,30.0,30.0
2013-02-06,30.0,30.0
2013-02-07,30.0,30.0
2013-02-08,30.0,30.0
2013-02-09,28.75,30.0
2013-02-10,27.5,30.0
2013-02-11,26.25,30.0
2013-02-12,25.0,30.0
2013-02-13,25.0,30.0
2013-02-14,25.0,30.0
2013-02-15,25.0,30.0
2013-02-16,25.0,30.0
2013-02-17,25.0,30.0
2013-02-18,25.0,30.0
2013-02-19,25.0,30.0
2013-02-20,25.0,30.0
2013-02-21,25.0,30.0
2013-02-22,25.0,30.0
2013-02-23,24.4,30.0
2013-02-24,23.8,30.0
2013-02-25,23.2,30.0
2013-02-26,22.6,30.0
2013-02-27,22.0,30.0
2013-02-28,20.0,30.0
2013-03-01,20.0,30.0
2013-03-02,20.0,30.0
2013-03-03,20.0,30.0
2013-03-04,20.0,30.0
2013-03-05,20.0,30.0
2013-03-06,20.0,30.0
2013-03-07,20.0,30.0
2013-03-08,20.0,30.0
2013-03-09,20.0,30.0
2013-03-10,20.0,30.0
2013-03-11,20.0,30.0
2013-03-12,20.0,30.0
2013-03-13,20.0,30.0
2013-03-14,20.0,30.0
2013-03-15,20.0,30.0
2013-03-16,20.0,30.0
2013-03-17,20.0,30.0
2013-03-18,20.0,30.0
2013-03-19,20.0,30.0
2013-03-20,20.0,30.0
2013-03-21,20.0,30.0
2013-03-22,20.0,30.0
2013-03-23,20.0,30.0
2013-03-24,20.0,30.0
2013-03-25,20.0,30.0
2013-03-26,20.0,30.0
2013-03-27,20.0,30.0
2013-03-28,20.0,30.0
2013-03-29,20.0,30.0
2013-03-30,20.0,30.0
2013-03-31,20.0,30.0
2013-04-01,20.0,30.0
2013-04-02,20.0,30.0
2013-04-03,20.0,30.0
2013-04-04,20.0,30.0
2013-04-05,24.0,30.0
2013-04-06,23.0,30.5
2013-04-07,22.0,31.0
2013-04-08,21.0,31.5
2013-04-09,20.0,32.0
2013-04-10,20.0,32.0
2013-04-11,20.0,32.0
2013-04-12,20.0,32.0
2013-04-13,20.0,32.0
2013-04-14,20.0,32.0
2013-04-15,20.0,32.0
2013-04-16,20.0,32.0
2013-04-17,20.0,32.0
2013-04-18,20.0,32.0
2013-04-19,20.0,32.0
2013-04-20,20.0,32.0
2013-04-21,20.0,32.0
2013-04-22,20.0,32.0
2013-04-23,20.0,32.0
2013-04-24,20.0,32.0
2013-04-25,20.0,32.0
2013-04-26,20.0,32.0
2013-04-27,20.0,32.0
2013-04-28,20.0,32.0
2013-04-29,20.0,32.0
2013-04-30,20.0,32.0
2013-05-01,20.0,32.0
2013-05-02,20.0,32.0
2013-05-03,20.0,32.0
2013-05-04,20.0,32.0
2013-05-05,20.0,32.0
2013-05-06,20.0,32.0
2013-05-07,20.0,32.0
2013-05-08,20.0,32.0
2013-05-09,20.0,32.0
2013-05-10,20.0,32.0
2013-05-11,20.0,32.0
2013-05-12,20.0,32.0
2013-05-13,20.0,32.0
2013-05-14,20.0,32.0
2013-05-15,19.6,32.0
2013-05-16,19.2,32.0
2013-05-17,18.8,32.0
2013-05-18,18.4,32.0
2013-05-19,18.0,32.0
2013-05-20,17.6,32.0
2013-05-21,17.2,32.0
2013-05-22,16.8,32.0
2013-05-23,16.4,32.0
2013-05-24,16.0,32.0
2013-05-25,16.5,32.0
2013-05-26,17.0,32.0
2013-05-27,17.5,32.0
2013-05-28,18.0,32.0
2013-05-29,18.0,32.0
2013-05-30,18.0,32.0
2013-05-31,18.0,32.0
2013-06-01,18.0,32.0
2013-06-02,18.0,32.0
2013-06-03,18.0,32.0
2013-06-04,18.0,32.0
2013-06-05,18.0,32.0
2013-06-06,18.0,32.0
2013-06-07,18.0,32.0
2013-06-08,18.0,32.0
2013-06-09,18.0,32.0
2013-06-10,18.0,32.0
2013-06-11,18.0,32.0
2013-06-12,18.0,32.0
2013-06-13,18.0,32.0
2013-06-14,18.0,32.0
2013-06-15,18.5,32.0
2013-06-16,19.0,32.0
2013-06-17,19.5,32.0
2013-06-18,20.0,32.0
2013-06-19,20.0,32.0
2013-06-20,20.0,32.0
2013-06-21,20.0,32.0
2013-06-22,20.0,32.0
2013-06-23,20.0,32.0
2013-06-24,20.0,32.0
2013-06-25,20.0,32.0
2013-06-26,20.0,32.0
2013-06-27,20.0,32.0
2013-06-28,20.0,32.0
2013-06-29,20.0,32.0
2013-06-30,20.0,32.0
2013-07-01,20.0,32.0
2013-07-02,20.0,32.0
2013-07-03,20.0,32.0
2013-07-04,30.0,32.0
2013-07-05,30.0,32.0
2013-07-06,30.0,32.0
2013-07-07,30.0,32.0
2013-07-08,30.0,32.0
2013-07-09,30.0,32.0
2013-07-10,30.0,32.0
2013-07-11,30.0,32.0
2013-07-12,30.0,32.0
2013-07-13,30.0,32.0
2013-07-14,30.0,32.0
2013-07-15,30.0,32.0
2013-07-16,30.0,32.0
2013-07-17,35.0,32.0
2013-07-18,35.0,32.0
2013-07-19,35.0,32.0
2013-07-20,35.0,32.0
2013-07-21,35.0,32.0
2013-07-22,35.0,32.0
2013-07-23,35.0,32.0
2013-07-24,35.0,32.0
2013-07-25,35.0,32.0
2013-07-26,40.0,32.0
2013-07-27,38.75,32.0
2013-07-28,37.5,32.0
2013-07-29,36.25,32.0
2013-07-30,35.0,32.0
2013-07-31,35.0,32.0
2013-08-01,35.0,32.0
2013-08-02,36.0,32.0
2013-08-03,37.0,32.0
2013-08-04,38.0,32.0
2013-08-05,39.0,32.0
2013-08-06,40.0,32.0
2013-08-07,45.0,32.0
2013-08-08,45.0,32.0
2013-08-09,48.0,32.0
2013-08-10,51.0,32.0
2013-08-11,54.0,32.0
2013-08-12,57.0,32.0
2013-08-13,60.0,32.0
2013-08-14,60.0,32.0
2013-08-15,58.75,32.0
2013-08-16,57.5,32.0
2013-08-17,56.25,32.0
2013-08-18,55.0,32.0
2013-08-19,53.75,32.0
2013-08-20,52.5,32.0
2013-08-21,51.25,32.0
2013-08-22,50.0,32.0
2013-08-23,50.0,32.0
2013-08-24,52.5,32.0
2013-08-25,55.0,32.0
2013-08-26,57.5,32.0
2013-08-27,60.0,32.0
2013-08-28,60.0,32.0
2013-08-29,60.0,32.0
2013-08-30,60.0,32.0
2013-08-31,60.0,32.0
2013-09-01,60.0,32.0
2013-09-02,60.0,32.0
2013-09-03,60.0,32.0
2013-09-04,60.0,32.0
2013-09-05,60.0,32.0
2013-09-06,60.0,32.0
2013-09-07,60.0,32.0
2013-09-08,60.0,32.0
2013-09-09,60.0,32.0
2013-09-10,60.0,32.0
2013-09-11,60.0,32.0
2013-09-12,60.625,32.0
2013-09-13,61.25,32.0
2013-09-14,61.875,32.0
2013-09-15,62.5,32.0
2013-09-16,63.125,32.0
2013-09-17,63.75,32.0
2013-09-18,64.375,32.0
2013-09-19,65.0,32.0
2013-09-20,66.0,32.0
2013-09-21,67.0,32.0
2013-09-22,68.0,32.0
2013-09-23,69.0,32.0
2013-09-24,70.0,32.0
2013-09-25,70.0,32.0
2013-09-26,70.0,32.0
2013-09-27,70.0,32.0
2013-09-28,68.57142857142857,32.0
2013-09-29,67.14285714285714,32.0
2013-09-30,65.71428571428571,32.0
2013-10-01,64.28571428571429,32.0
2013-10-02,62.85714285714285,32.0
2013-10-03,61.42857142857143,32.0
2013-10-04,60.0,32.0
2013-10-05,60.0,32.0
2013-10-06,60.0,32.0
2013-10-07,60.0,32.0
2013-10-08,60.0,32.0
2013-10-09,60.0,32.0
2013-10-10,60.0,32.0
2013-10-11,60.0,32.0
2013-10-12,61.81818181818182,32.0
2013-10-13,63.63636363636363,32.0
2013-10-14,65.45454545454545,32.0
2013-10-15,67.27272727272727,32.0
2013-10-16,69.0909090909091,32.0
2013-10-17,70.9090909090909,32.0
2013-10-18,72.72727272727272,32.0
2013-10-19,74.54545454545455,32.0
2013-10-20,76.36363636363636,32.0
2013-10-21,78.18181818181819,32.0
2013-10-22,80.0,32.0
2013-10-23,75.0,32.0
2013-10-24,80.0,32.0
2013-10-25,80.0,32.0
2013-10-26,78.75,32.0
2013-10-27,77.5,32.0
2013-10-28,76.25,32.0
2013-10-29,75.0,32.0
2013-10-30,80.0,32.0
2013-10-31,80.0,32.0
2013-11-01,70.0,32.0
2013-11-02,68.33333333333333,32.0
2013-11-03,66.66666666666667,32.0
2013-11-04,65.0,32.0
2013-11-05,63.33333333333334,32.0
2013-11-06,61.66666666666666,32.0
2013-11-07,60.0,32.0
2013-11-08,70.0,32.0
2013-11-09,71.25,32.0
2013-11-10,72.5,32.0
2013-11-11,73.75,32.0
2013-11-12,75.0,32.0
2013-11-13,70.0,32.0
2013-11-14,70.0,32.0
2013-11-15,66.66666666666667,32.0
2013-11-16,63.33333333333334,32.0
2013-11-17,60.0,32.0
2013-11-18,56.66666666666666,32.0
2013-11-19,53.33333333333333,32.0
2013-11-20,50.0,32.0
2013-11-21,50.0,32.0
2013-11-22,50.0,32.0
2013-11-23,47.5,32.0
2013-11-24,45.0,32.0
2013-11-25,42.5,32.0
2013-11-26,40.0,32.0
2013-11-27,40.0,32.0
2013-11-28,40.0,32.0
2013-11-29,40.0,32.0
2013-11-30,38.57142857142857,32.0
2013-12-01,37.142857142857146,32.0
2013-12-02,35.714285714285715,32.0
2013-12-03,34.285714285714285,32.0
2013-12-04,32.857142857142854,32.0
2013-12-05,31.42857142857143,32.0
2013-12-06,30.0,32.0
2013-12-07,31.25,32.0
2013-12-08,32.5,32.0
2013-12-09,33.75,32.0
2013-12-10,35.0,32.0
2013-12-11,30.0,32.0
2013-12-12,30.0,32.0
2013-12-13,30.0,32.0
2013-12-14,30.0,32.0
2013-12-15,30.0,32.0
2013-12-16,30.0,32.0
2013-12-17,30.0,32.0
2013-12-18,26.66666666666667,32.0
2013-12-19,23.33333333333333,32.0
2013-12-20,20.0,32.0
2013-12-21,20.0,32.0
2013-12-22,20.0,32.0
2013-12-23,20.0,32.0
2013-12-24,20.0,32.0
2013-12-25,20.0,32.0
2013-12-26,20.0,32.0
2013-12-27,20.0,32.0
2013-12-28,20.0,32.0
2013-12-29,20.0,32.0
2013-12-30,20.0,32.0
2013-12-31,20.0,32.0
