date,Onion,Potato,Rice,Wheat
2009-01-01,6.0,6.0,15.0,11.0
2009-01-02,6.0,6.0,15.0,11.0
2009-01-03,6.0,6.0,15.0,11.0
2009-01-04,6.0,6.0,15.0,11.0
2009-01-05,6.0,6.0,15.0,11.0
2009-01-06,6.0,6.0,15.0,11.0
2009-01-07,6.0,6.0,15.0,11.0
2009-01-08,6.0,6.0,15.0,11.0
2009-01-09,6.0,6.0,15.0,11.0
2009-01-10,6.0,6.0,15.0,11.0
2009-01-11,6.0,6.0,15.0,11.0
2009-01-12,6.0,6.0,15.0,11.0
2009-01-13,6.0,6.0,15.0,11.0
2009-01-14,6.0,6.0,15.0,11.0
2009-01-15,6.0,6.0,15.0,11.0
2009-01-16,6.0,6.0,15.0,11.0
2009-01-17,7.8,7.0,15.0,11.0
2009-01-18,9.6,8.0,15.0,11.0
2009-01-19,11.4,9.0,15.0,11.0
2009-01-20,13.2,10.0,15.0,11.0
2009-01-21,15.0,10.0,15.0,11.0
2009-01-22,15.0,10.0,15.0,11.0
2009-01-23,15.0,10.0,15.0,11.0
2009-01-24,15.0,10.0,15.0,11.0
2009-01-25,15.0,10.0,15.0,11.0
2009-01-26,15.0,10.0,15.0,11.0
2009-01-27,15.0,10.0,15.0,11.0
2009-01-28,15.0,10.0,15.0,11.0
2009-01-29,15.0,10.0,15.0,11.0
2009-01-30,17.0,8.0,19.0,12.0
2009-01-31,17.0,7.5,19.0,12.0
2009-02-01,17.0,7.0,19.0,12.0
2009-02-02,17.0,6.5,19.0,12.0
2009-02-03,17.0,6.0,19.0,12.0
2009-02-04,17.0,6.0,19.0,12.0
2009-02-05,17.0,6.0,19.0,12.0
2009-02-06,16.0,6.0,18.0,12.0
2009-02-07,15.5,6.0,18.0,12.0
2009-02-08,15.0,6.0,18.0,12.0
2009-02-09,14.5,6.0,18.0,12.0
2009-02-10,14.0,6.0,18.0,12.0
2009-02-11,14.0,6.0,18.0,12.0
2009-02-12,14.0,6.0,18.0,12.0
2009-02-13,14.0,6.0,18.0,12.0
2009-02-14,14.0,6.0,18.0,12.0
2009-02-15,14.0,6.0,18.0,12.0
2009-02-16,14.0,6.0,18.0,12.0
2009-02-17,14.0,6.0,18.0,12.0
2009-02-18,14.0,6.0,18.0,12.0
2009-02-19,14.0,6.0,18.0,12.0
2009-02-20,14.0,6.0,18.0,12.0
2009-02-21,14.0,6.0,18.0,12.0
2009-02-22,14.0,6.0,18.0,12.0
2009-02-23,14.0,6.0,18.0,12.0
2009-02-24,14.0,6.0,18.0,12.0
2009-02-25,14.0,6.0,18.0,12.0
2009-02-26,14.0,6.0,18.0,12.0
2009-02-27,14.0,6.0,18.0,12.0
2009-02-28,14.0,6.0,18.0,12.0
2009-03-01,14.0,6.0,18.0,12.0
2009-03-02,14.0,6.0,18.0,12.0
2009-03-03,14.0,6.0,18.0,12.0
2009-03-04,14.0,6.0,18.0,12.0
2009-03-05,14.0,6.0,18.0,12.0
2009-03-06,14.0,6.0,18.0,12.0
2009-03-07,14.0,6.0,18.0,12.0
2009-03-08,14.0,6.0,18.0,12.0
2009-03-09,14.0,6.0,18.0,12.0
2009-03-10,14.0,6.0,18.0,12.0
2009-03-11,14.0,6.0,18.0,12.0
2009-03-12,14.0,6.0,18.0,12.0
2009-03-13,14.0,6.0,18.0,12.0
2009-03-14,14.0,6.0,18.0,12.0
2009-03-15,14.0,6.0,18.0,12.0
2009-03-16,14.0,6.0,18.0,12.0
2009-03-17,14.0,6.0,18.0,12.0
2009-03-18,14.0,6.0,18.0,12.0
2009-03-19,14.0,6.0,18.0,12.0
2009-03-20,14.0,6.0,18.0,12.0
2009-03-21,14.0,6.0,18.0,12.0
2009-03-22,14.0,6.0,18.0,12.0
2009-03-23,14.0,6.0,18.0,12.0
2009-03-24,14.0,6.0,18.0,12.0
2009-03-25,14.0,6.0,18.0,12.0
2009-03-26,14.0,6.0,18.0,12.0
2009-03-27,14.0,5.0,18.0,12.0
2009-03-28,14.0,5.0,18.0,12.0
2009-03-29,14.0,5.0,18.0,12.0
2009-03-30,14.0,5.0,18.0,12.0
2009-03-31,14.0,5.0,18.0,12.0
2009-04-01,14.0,5.0,18.0,12.0
2009-04-02,14.0,5.0,18.0,12.0
2009-04-03,14.0,5.0,18.0,12.0
2009-04-04,14.0,5.0,18.0,12.0
2009-04-05,14.0,5.0,18.0,12.0
2009-04-06,14.0,5.0,18.0,12.0
2009-04-07,14.0,5.0,18.0,12.0
2009-04-08,14.0,5.0,18.0,12.0
2009-04-09,14.0,5.0,18.0,12.0
2009-04-10,14.0,5.0,18.0,12.0
2009-04-11,14.0,5.0,18.0,12.0
2009-04-12,14.0,5.0,18.0,12.0
2009-04-13,14.0,5.0,18.0,12.0
2009-04-14,14.0,5.0,18.0,12.0
2009-04-15,14.0,5.0,18.0,12.0
2009-04-16,14.0,5.0,18.0,12.0
2009-04-17,14.0,5.0,18.0,12.0
2009-04-18,13.5,5.0,17.75,12.0
2009-04-19,13.0,5.0,17.5,12.0
2009-04-20,12.5,5.0,17.25,12.0
2009-04-21,12.0,5.0,17.0,12.0
2009-04-22,12.0,5.0,17.0,12.0
2009-04-23,12.0,5.0,17.0,12.0
2009-04-24,12.0,5.0,17.0,12.0
2009-04-25,11.25,5.25,16.5,12.0
2009-04-26,10.5,5.5,16.0,12.0
2009-04-27,9.75,5.75,15.5,12.0
2009-04-28,9.0,6.0,15.0,12.0
2009-04-29,9.0,6.0,15.0,12.0
2009-04-30,9.0,6.0,15.0,12.0
2009-05-01,9.0,6.0,15.0,12.0
2009-05-02,9.0,6.0,15.0,12.0
2009-05-03,9.0,6.0,15.0,12.0
2009-05-04,9.0,6.0,15.0,12.0
2009-05-05,9.0,6.0,15.0,12.0
2009-05-06,9.0,6.0,15.0,12.0
2009-05-07,9.0,6.0,15.0,12.0
2009-05-08,9.0,6.0,15.0,12.0
2009-05-09,9.0,6.0,15.0,12.0
2009-05-10,9.0,6.0,15.0,12.0
2009-05-11,9.0,6.0,15.0,12.0
2009-05-12,9.0,6.0,15.0,12.0
2009-05-13,9.0,6.0,15.0,12.0
2009-05-14,9.0,6.0,15.0,12.0
2009-05-15,9.0,6.0,15.0,12.0
2009-05-16,9.0,6.0,15.0,12.0
2009-05-17,9.0,6.0,15.0,12.0
2009-05-18,9.0,6.0,15.0,12.0
2009-05-19,9.0,6.0,15.0,12.0
2009-05-20,9.0,8.0,15.0,12.0
2009-05-21,9.0,8.0,15.0,12.0
2009-05-22,9.0,8.0,15.0,12.0
2009-05-23,9.0,8.0,15.0,12.0
2009-05-24,9.0,8.0,15.0,12.0
2009-05-25,9.0,8.0,15.0,12.0
2009-05-26,9.0,8.0,15.0,12.0
2009-05-27,9.0,8.0,15.0,12.0
2009-05-28,9.0,8.0,15.0,12.0
2009-05-29,9.0,8.0,15.0,12.0
2009-05-30,9.0,8.0,15.0,12.0
2009-05-31,9.0,8.0,15.0,12.0
2009-06-01,9.0,8.0,15.0,12.0
2009-06-02,9.0,8.0,15.0,12.0
2009-06-03,9.0,8.0,15.0,12.0
2009-06-04,9.0,8.0,15.0,12.0
2009-06-05,9.0,8.0,15.0,12.0
2009-06-06,9.0,8.0,15.0,12.0
2009-06-07,9.0,8.0,15.0,12.0
2009-06-08,9.0,8.0,15.0,12.0
2009-06-09,9.0,8.0,15.0,12.0
2009-06-10,9.0,8.0,15.0,12.0
2009-06-11,9.0,8.0,15.0,12.0
2009-06-12,9.0,8.0,15.0,12.0
2009-06-13,8.5,8.0,15.0,12.0
2009-06-14,8.0,8.0,15.0,12.0
2009-06-15,7.5,8.0,15.0,12.0
2009-06-16,7.0,8.0,15.0,12.0
2009-06-17,7.0,8.0,15.0,12.0
2009-06-18,7.0,8.0,15.0,12.0
2009-06-19,7.0,8.0,15.0,12.0
2009-06-20,7.25,8.0,15.0,12.25
2009-06-21,7.5,8.0,15.0,12.5
2009-06-22,7.75,8.0,15.0,12.75
2009-06-23,8.0,8.0,15.0,13.0
2009-06-24,8.0,8.0,15.0,13.0
2009-06-25,8.0,8.0,15.0,13.0
2009-06-26,8.0,8.0,15.0,13.0
2009-06-27,8.0,9.0,15.25,13.0
2009-06-28,8.0,10.0,15.5,13.0
2009-06-29,8.0,11.0,15.75,13.0
2009-06-30,8.0,12.0,16.0,13.0
2009-07-01,8.0,12.0,16.0,13.0
2009-07-02,8.0,12.0,16.0,13.0
2009-07-03,8.0,12.0,16.0,13.0
2009-07-04,8.0,12.0,16.0,13.0
2009-07-05,8.0,12.0,16.0,13.0
2009-07-06,8.0,12.0,16.0,13.0
2009-07-07,8.0,12.0,16.0,13.0
2009-07-08,8.0,12.0,16.0,13.0
2009-07-09,8.0,12.0,16.0,13.0
2009-07-10,8.0,12.0,16.0,13.0
2009-07-11,8.0,12.0,16.0,13.0
2009-07-12,8.0,12.0,16.0,13.0
2009-07-13,8.0,12.0,16.0,13.0
2009-07-14,8.0,12.0,16.0,13.0
2009-07-15,8.0,12.0,16.0,13.0
2009-07-16,8.0,12.0,16.0,13.0
2009-07-17,10.0,12.0,16.0,13.0
2009-07-18,10.0,12.0,16.0,13.0
2009-07-19,10.0,12.0,16.0,13.0
2009-07-20,10.0,12.0,16.0,13.0
2009-07-21,10.0,12.0,16.0,13.0
2009-07-22,10.0,12.0,16.0,13.0
2009-07-23,10.0,12.0,16.0,13.0
2009-07-24,10.0,12.0,16.0,13.0
2009-07-25,10.0,12.0,16.0,13.0
2009-07-26,10.0,12.0,16.0,13.0
2009-07-27,10.0,12.0,16.0,13.0
2009-07-28,10.0,12.0,16.0,13.0
2009-07-29,10.0,12.0,16.0,13.0
2009-07-30,10.0,12.0,16.0,13.0
2009-07-31,10.0,12.0,16.0,13.0
2009-08-01,10.0,12.0,16.0,13.0
2009-08-02,10.0,12.0,16.0,13.0
2009-08-03,10.0,12.0,16.0,13.0
2009-08-04,10.0,12.0,16.0,13.0
2009-08-05,10.0,12.0,16.0,13.0
2009-08-06,10.0,12.0,16.0,13.0
2009-08-07,10.0,12.0,16.0,13.0
2009-08-08,10.0,12.0,16.0,13.0
2009-08-09,10.0,12.0,16.0,13.0
2009-08-10,10.0,12.0,16.0,13.0
2009-08-11,10.0,12.0,16.0,13.0
2009-08-12,10.0,12.0,16.0,13.0
2009-08-13,10.0,12.0,16.0,13.0
2009-08-14,10.0,12.0,16.0,13.0
2009-08-15,10.0,12.0,16.0,13.0
2009-08-16,10.0,12.0,16.0,13.0
2009-08-17,10.0,12.0,16.0,13.0
2009-08-18,10.0,12.0,16.0,13.0
2009-08-19,10.0,12.0,16.0,13.0
2009-08-20,10.0,12.0,16.0,13.0
2009-08-21,10.0,12.0,16.0,13.0
2009-08-22,10.0,12.0,16.0,13.0
2009-08-23,10.0,12.0,16.0,13.0
2009-08-24,10.0,12.0,16.0,13.0
2009-08-25,10.0,12.0,16.0,13.0
2009-08-26,10.0,12.0,16.0,13.0
2009-08-27,10.0,12.0,16.0,13.0
2009-08-28,10.0,12.0,16.0,13.0
2009-08-29,10.0,12.0,16.0,13.0
2009-08-30,10.0,12.0,16.0,13.0
2009-08-31,10.0,12.0,16.0,13.0
2009-09-01,10.0,12.0,16.0,13.0
2009-09-02,10.0,12.0,16.0,13.0
2009-09-03,10.0,12.0,16.0,13.0
2009-09-04,12.0,14.0,16.0,13.0
2009-09-05,12.0,14.0,16.0,13.0
2009-09-06,12.0,14.0,16.0,13.0
2009-09-07,12.0,14.0,16.0,13.0
2009-09-08,12.0,14.0,16.0,13.0
2009-09-09,12.0,14.0,16.0,13.0
2009-09-10,12.0,14.0,16.0,13.0
2009-09-11,12.0,14.0,16.0,13.0
2009-09-12,12.0,14.0,16.0,13.0
2009-09-13,12.0,14.0,16.0,13.0
2009-09-14,12.0,14.0,16.0,13.0
2009-09-15,12.0,14.0,16.0,13.0
2009-09-16,12.0,14.0,16.0,13.0
2009-09-17,12.0,14.0,16.0,13.0
2009-09-18,12.0,14.0,16.0,13.0
2009-09-19,12.0,14.0,16.0,13.0
2009-09-20,12.0,14.0,16.0,13.0
2009-09-21,12.0,14.0,16.0,13.0
2009-09-22,12.0,14.0,16.0,13.0
2009-09-23,12.0,14.0,16.0,13.0
2009-09-24,12.0,14.0,16.0,13.0
2009-09-25,12.0,14.0,16.0,13.0
2009-09-26,12.0,14.0,16.0,13.0
2009-09-27,12.0,14.0,16.0,13.0
2009-09-28,12.0,14.0,16.0,13.0
2009-09-29,12.0,14.0,16.0,13.0
2009-09-30,12.0,14.0,16.0,13.0
2009-10-01,12.0,14.0,16.0,13.0
2009-10-02,12.0,14.0,16.0,13.0
2009-10-03,12.0,14.0,16.0,13.0
2009-10-04,12.0,14.0,16.0,13.0
2009-10-05,12.0,14.0,16.0,13.0
2009-10-06,12.0,14.0,16.0,13.0
2009-10-07,12.0,14.0,16.0,13.0
2009-10-08,12.0,14.0,16.0,13.0
2009-10-09,12.0,14.0,16.0,13.0
2009-10-10,12.0,14.0,16.0,13.0
2009-10-11,12.0,14.0,16.0,13.0
2009-10-12,12.0,14.0,16.0,13.0
2009-10-13,12.0,14.0,16.0,13.0
2009-10-14,12.0,14.0,16.0,13.0
2009-10-15,12.0,14.0,16.0,13.0
2009-10-16,12.0,14.0,16.0,13.0
2009-10-17,12.0,14.0,16.0,13.0
2009-10-18,12.0,14.0,16.0,13.0
2009-10-19,12.0,14.0,16.0,13.0
2009-10-20,12.0,14.0,16.0,13.0
2009-10-21,12.0,14.0,16.0,13.0
2009-10-22,12.0,14.0,16.0,13.0
2009-10-23,12.0,14.0,16.0,13.0
2009-10-24,12.0,14.0,16.0,13.0
2009-10-25,12.0,14.0,16.0,13.0
2009-10-26,12.0,14.0,16.0,13.0
2009-10-27,12.0,14.0,16.0,13.0
2009-10-28,9.0,13.0,18.0,13.0
2009-10-29,15.0,16.0,17.0,13.0
2009-10-30,15.0,16.0,17.0,13.0
2009-10-31,14.8,15.8,17.0,13.0
2009-11-01,14.6,15.6,17.0,13.0
2009-11-02,14.4,15.4,17.0,13.0
2009-11-03,14.2,15.2,17.0,13.0
2009-11-04,14.0,15.0,17.0,13.0
2009-11-05,15.0,16.0,17.0,13.0
2009-11-06,15.0,16.0,17.0,13.0
2009-11-07,15.0,16.0,17.0,13.0
2009-11-08,15.0,16.0,17.0,13.0
2009-11-09,15.0,16.0,17.0,13.0
2009-11-10,15.0,16.0,17.0,13.0
2009-11-11,15.0,16.0,17.0,13.0
2009-11-12,15.0,16.0,17.0,13.0
2009-11-13,15.0,16.0,17.0,13.0
2009-11-14,15.0,16.0,17.0,13.0
2009-11-15,15.0,16.0,17.0,13.0
2009-11-16,15.0,16.0,17.0,13.0
2009-11-17,15.0,16.0,17.0,13.0
2009-11-18,15.0,16.0,17.0,13.0
2009-11-19,16.0,15.0,16.0,14.0
2009-11-20,16.0,15.0,16.0,14.0
2009-11-21,16.0,15.0,16.0,14.0
2009-11-22,16.0,15.0,16.0,14.0
2009-11-23,16.0,15.0,16.0,14.0
2009-11-24,16.0,15.0,16.0,14.0
2009-11-25,16.0,15.0,16.0,14.0
2009-11-26,15.0,12.0,18.0,15.0
2009-11-27,15.0,12.0,18.0,15.0
2009-11-28,15.0,12.0,18.0,15.0
2009-11-29,15.0,12.0,18.0,15.0
2009-11-30,15.0,12.0,18.0,15.0
2009-12-01,15.0,12.0,18.0,15.0
2009-12-02,15.0,12.0,18.0,15.0
2009-12-03,15.0,12.0,18.0,15.0
2009-12-04,15.0,12.0,18.0,15.0
2009-12-05,15.0,12.0,18.0,15.0
2009-12-06,15.0,12.0,18.0,15.0
2009-12-07,15.0,12.0,18.0,15.0
2009-12-08,15.0,12.0,18.0,15.0
2009-12-09,15.0,12.0,18.0,15.0
2009-12-10,15.0,15.0,17.0,15.0
2009-12-11,15.0,15.0,17.0,15.0
2009-12-12,15.0,15.0,17.0,15.0
2009-12-13,15.0,15.0,17.0,15.0
2009-12-14,15.0,15.0,17.0,15.0
2009-12-15,15.0,15.0,17.0,15.0
2009-12-16,15.0,15.0,17.0,15.0
2009-12-17,15.0,15.0,17.0,15.0
2009-12-18,15.0,15.0,17.0,15.0
2009-12-19,15.0,15.0,17.0,15.0
2009-12-20,15.0,15.0,17.0,15.0
2009-12-21,15.0,15.0,17.0,15.0
2009-12-22,15.0,15.0,17.0,15.0
2009-12-23,15.0,15.0,17.0,15.0
2009-12-24,15.0,15.0,17.0,15.0
2009-12-25,14.166666666666664,14.5,17.0,15.0
2009-12-26,13.333333333333336,14.0,17.0,15.0
2009-12-27,12.5,13.5,17.0,15.0
2009-12-28,11.666666666666664,13.0,17.0,15.0
2009-12-29,10.833333333333332,12.5,17.0,15.0
2009-12-30,10.0,12.0,17.0,15.0
2009-12-31,10.0,12.0,17.0,15.0
2010-01-01,10.0,12.0,17.0,15.0
2010-01-02,10.0,12.0,17.0,15.0
2010-01-03,10.0,12.0,17.0,15.0
2010-01-04,10.0,12.0,17.0,15.0
2010-01-05,10.0,12.0,17.0,15.0
2010-01-06,10.0,12.0,17.0,15.0
2010-01-07,10.0,12.0,17.0,15.0
2010-01-08,10.0,12.0,17.0,15.0
2010-01-09,10.0,12.0,17.0,15.0
2010-01-10,10.0,12.0,17.0,15.0
2010-01-11,10.0,12.0,17.0,15.0
2010-01-12,10.0,12.0,17.0,15.0
2010-01-13,10.0,12.0,17.0,15.0
2010-01-14,10.0,12.0,17.0,15.0
2010-01-15,10.0,12.0,17.0,15.0
2010-01-16,10.0,12.0,17.0,15.0
2010-01-17,10.0,12.0,17.0,15.0
2010-01-18,10.0,12.0,17.0,15.0
2010-01-19,10.0,12.0,17.0,15.0
2010-01-20,10.0,12.0,17.0,15.0
2010-01-21,10.0,12.0,17.0,15.0
2010-01-22,10.0,12.0,17.0,15.0
2010-01-23,10.0,12.0,17.0,15.0
2010-01-24,10.0,12.0,17.0,15.0
2010-01-25,10.0,12.0,17.0,15.0
2010-01-26,10.0,12.0,17.0,15.0
2010-01-27,10.0,12.0,17.0,15.0
2010-01-28,10.0,12.0,17.0,15.0
2010-01-29,12.0,14.0,18.0,16.0
2010-01-30,12.0,14.0,18.0,16.0
2010-01-31,12.0,14.0,18.0,16.0
2010-02-01,12.0,14.0,18.0,16.0
2010-02-02,12.0,14.0,18.0,16.0
2010-02-03,15.0,12.0,18.0,16.0
2010-02-04,15.0,12.0,18.0,16.0
2010-02-05,15.0,12.0,18.0,16.0
2010-02-06,15.0,12.0,18.0,16.0
2010-02-07,15.0,12.0,18.0,16.0
2010-02-08,15.0,12.0,18.0,16.0
2010-02-09,15.0,12.0,18.0,16.0
2010-02-10,15.0,12.0,18.0,16.0
2010-02-11,15.0,12.0,18.0,16.0
2010-02-12,15.0,12.0,18.0,16.0
2010-02-13,15.0,12.0,18.0,16.0
2010-02-14,15.0,12.0,18.0,16.0
2010-02-15,15.0,12.0,18.0,16.0
2010-02-16,15.0,12.0,18.0,16.0
2010-02-17,13.0,8.0,18.0,16.0
2010-02-18,13.0,8.0,18.0,16.0
2010-02-19,13.0,8.0,18.0,16.0
2010-02-20,13.0,8.0,18.0,16.0
2010-02-21,13.0,8.0,18.0,16.0
2010-02-22,13.0,8.0,18.0,16.0
2010-02-23,13.0,8.0,18.0,16.0
2010-02-24,13.0,8.0,18.0,16.0
2010-02-25,13.0,8.0,18.0,16.0
2010-02-26,13.0,8.0,18.0,16.0
2010-02-27,13.0,8.0,18.0,16.0
2010-02-28,13.0,8.0,18.0,16.0
2010-03-01,13.0,8.0,18.0,16.0
2010-03-02,13.0,8.0,18.0,16.0
2010-03-03,13.0,8.0,18.0,16.0
2010-03-04,13.0,8.0,18.0,16.0
2010-03-05,10.0,8.0,17.0,16.0
2010-03-06,9.5,8.0,17.0,16.0
2010-03-07,9.0,8.0,17.0,16.0
2010-03-08,8.5,8.0,17.0,16.0
2010-03-09,8.0,8.0,17.0,16.0
2010-03-10,8.0,8.0,17.0,16.0
2010-03-11,8.0,8.0,17.0,12.0
2010-03-12,8.0,8.0,17.0,12.0
2010-03-13,8.0,8.0,17.0,11.928571428571427
2010-03-14,8.0,8.0,17.0,11.857142857142858
2010-03-15,8.0,8.0,17.0,11.785714285714285
2010-03-16,8.0,8.0,17.0,11.714285714285715
2010-03-17,8.0,8.0,17.0,11.642857142857142
2010-03-18,8.0,8.0,17.0,11.571428571428573
2010-03-19,8.0,8.0,17.0,11.5
2010-03-20,8.0,8.0,17.0,11.428571428571427
2010-03-21,8.0,8.0,17.0,11.357142857142858
2010-03-22,8.0,8.0,17.0,11.285714285714285
2010-03-23,8.0,8.0,17.0,11.214285714285712
2010-03-24,8.0,8.0,17.0,11.142857142857142
2010-03-25,8.0,8.0,17.0,11.071428571428573
2010-03-26,8.0,8.0,17.0,11.0
2010-03-27,8.0,8.0,17.0,11.25
2010-03-28,8.0,8.0,17.0,11.5
2010-03-29,8.0,8.0,17.0,11.75
2010-03-30,8.0,8.0,17.0,12.0
2010-03-31,8.0,8.0,17.0,12.0
2010-04-01,8.0,8.0,17.0,12.0
2010-04-02,8.0,8.0,17.0,12.2
2010-04-03,8.0,8.0,17.0,12.4
2010-04-04,8.0,8.0,17.0,12.6
2010-04-05,8.0,8.0,17.0,12.8
2010-04-06,8.0,8.0,17.0,13.0
2010-04-07,8.0,8.0,17.0,13.0
2010-04-08,8.0,8.0,17.0,13.0
2010-04-09,8.0,8.0,17.0,13.0
2010-04-10,8.0,8.0,17.0,12.5
2010-04-11,8.0,8.0,17.0,12.0
2010-04-12,8.0,8.0,17.0,11.5
2010-04-13,8.0,8.0,17.0,11.0
2010-04-14,7.0,7.333333333333332,17.0,11.0
2010-04-15,6.0,6.666666666666668,17.0,11.0
2010-04-16,5.0,6.0,17.0,11.0
2010-04-17,5.0,6.0,17.0,11.0
2010-04-18,5.0,6.0,17.0,11.0
2010-04-19,5.0,6.0,17.0,11.0
2010-04-20,5.0,6.0,17.0,11.0
2010-04-21,5.0,6.0,17.0,11.0
2010-04-22,5.0,6.0,17.0,11.0
2010-04-23,5.0,6.0,17.0,11.0
2010-04-24,5.0,6.0,17.0,11.0
2010-04-25,5.0,6.0,17.0,11.0
2010-04-26,5.0,6.0,17.0,11.0
2010-04-27,5.0,6.0,17.0,11.0
2010-04-28,5.0,6.0,17.0,11.0
2010-04-29,5.0,6.0,17.0,11.0
2010-04-30,5.0,6.0,17.0,11.0
2010-05-01,4.75,6.0,17.0,11.0
2010-05-02,4.5,6.0,17.0,11.0
2010-05-03,4.25,6.0,17.0,11.0
2010-05-04,4.0,6.0,17.0,11.0
2010-05-05,4.0,6.0,17.0,11.0
2010-05-06,4.0,6.0,17.0,11.0
2010-05-07,4.0,6.0,17.0,11.0
2010-05-08,4.0,6.0,17.0,11.0
2010-05-09,4.0,6.0,17.0,11.0
2010-05-10,4.0,6.0,17.0,11.0
2010-05-11,4.0,6.0,17.0,11.0
2010-05-12,4.0,6.0,17.0,11.0
2010-05-13,4.0,6.0,17.0,11.0
2010-05-14,4.0,6.0,17.0,11.0
2010-05-15,4.0,6.0,17.0,11.0
2010-05-16,4.0,6.0,17.0,11.0
2010-05-17,4.0,6.0,17.0,11.0
2010-05-18,4.0,6.0,17.0,11.0
2010-05-19,4.0,6.0,17.0,11.0
2010-05-20,4.0,6.0,17.0,11.0
2010-05-21,4.0,6.0,17.0,11.0
2010-05-22,4.0,6.0,17.0,11.0
2010-05-23,4.0,6.0,17.0,11.0
2010-05-24,4.0,6.0,17.0,11.0
2010-05-25,4.0,6.0,17.0,11.0
2010-05-26,4.0,6.0,17.0,11.0
2010-05-27,3.8333333333333335,5.833333333333332,17.0,11.0
2010-05-28,3.6666666666666665,5.666666666666668,17.0,11.0
2010-05-29,3.5,5.5,17.0,11.0
2010-05-30,3.333333333333333,5.333333333333333,17.0,11.0
2010-05-31,3.166666666666667,5.166666666666667,17.0,11.0
2010-06-01,3.0,5.0,17.0,11.0
2010-06-02,3.0,5.0,17.0,11.0
2010-06-03,3.0,5.0,17.0,11.0
2010-06-04,3.0,5.0,17.0,11.0
2010-06-05,3.0,5.0,17.0,11.0
2010-06-06,3.0,5.0,17.0,11.0
2010-06-07,3.0,5.0,17.0,11.0
2010-06-08,3.0,5.0,17.0,11.0
2010-06-09,3.0,5.0,17.0,11.0
2010-06-10,3.0,5.0,17.0,11.0
2010-06-11,3.0,5.0,17.0,11.0
2010-06-12,3.0,5.0,17.0,11.0
2010-06-13,3.0,5.0,17.0,11.0
2010-06-14,3.0,5.0,17.0,11.0
2010-06-15,3.0,5.0,17.0,11.0
2010-06-16,3.0,5.0,17.0,11.0
2010-06-17,3.0,5.0,17.0,11.0
2010-06-18,3.0,5.0,17.0,11.0
2010-06-19,3.0,5.0,17.0,11.0
2010-06-20,3.0,5.0,17.0,11.0
2010-06-21,3.0,5.0,17.0,11.0
2010-06-22,3.0,5.0,17.0,11.0
2010-06-23,3.0,5.0,17.0,11.0
2010-06-24,3.0,5.0,18.0,11.0
2010-06-25,3.0,5.0,18.0,11.0
2010-06-26,4.0,6.0,18.25,11.25
2010-06-27,5.0,7.0,18.5,11.5
2010-06-28,6.0,8.0,18.75,11.75
2010-06-29,7.0,9.0,19.0,12.0
2010-06-30,8.0,10.0,19.0,12.0
2010-07-01,8.0,10.0,19.0,12.0
2010-07-02,8.0,10.0,19.0,12.0
2010-07-03,8.0,10.0,19.0,12.0
2010-07-04,8.0,10.0,19.0,12.0
2010-07-05,8.0,10.0,19.0,12.0
2010-07-06,8.0,10.0,19.0,12.0
2010-07-07,8.0,10.0,19.0,12.0
2010-07-08,8.0,10.0,19.0,12.0
2010-07-09,8.0,15.0,19.0,12.0
2010-07-10,8.0,15.0,19.0,12.0
2010-07-11,8.0,15.0,19.0,12.0
2010-07-12,8.0,15.0,19.0,12.0
2010-07-13,8.0,15.0,19.0,12.0
2010-07-14,8.0,15.0,19.0,12.0
2010-07-15,8.0,15.0,19.0,12.0
2010-07-16,8.0,15.0,19.0,12.0
2010-07-17,8.0,15.0,19.0,12.0
2010-07-18,8.0,15.0,19.0,12.0
2010-07-19,8.0,15.0,19.0,12.0
2010-07-20,8.0,15.0,19.0,12.0
2010-07-21,8.0,15.0,19.0,12.0
2010-07-22,8.0,15.0,19.0,12.0
2010-07-23,7.0,15.0,20.0,12.0
2010-07-24,7.0,15.0,20.0,12.0
2010-07-25,7.0,15.0,20.0,12.0
2010-07-26,7.0,15.0,20.0,12.0
2010-07-27,7.0,15.0,20.0,12.0
2010-07-28,7.0,15.0,20.0,12.0
2010-07-29,7.0,15.0,20.0,12.0
2010-07-30,8.0,10.0,19.0,12.0
2010-07-31,8.0,10.0,19.0,12.0
2010-08-01,8.0,10.0,19.0,12.0
2010-08-02,8.0,10.0,19.0,12.0
2010-08-03,8.0,10.0,19.0,12.0
2010-08-04,8.0,10.0,20.0,12.0
2010-08-05,8.0,10.0,20.0,12.0
2010-08-06,8.0,10.0,20.0,12.0
2010-08-07,8.5,10.0,20.0,12.0
2010-08-08,9.0,10.0,20.0,12.0
2010-08-09,9.5,10.0,20.0,12.0
2010-08-10,10.0,10.0,20.0,12.0
2010-08-11,10.0,10.0,20.0,12.0
2010-08-12,10.0,10.0,20.0,12.0
2010-08-13,10.0,10.0,20.0,13.0
2010-08-14,10.0,10.0,19.75,13.0
2010-08-15,10.0,10.0,19.5,13.0
2010-08-16,10.0,10.0,19.25,13.0
2010-08-17,10.0,10.0,19.0,13.0
2010-08-18,10.0,10.0,19.0,13.0
2010-08-19,10.0,10.0,19.0,13.0
2010-08-20,10.0,10.0,19.0,13.0
2010-08-21,10.0,10.0,19.0,13.0
2010-08-22,10.0,10.0,19.0,13.0
2010-08-23,10.0,10.0,19.0,13.0
2010-08-24,10.0,10.0,19.0,13.0
2010-08-25,10.0,10.0,19.0,13.0
2010-08-26,10.0,10.0,19.0,13.0
2010-08-27,10.0,10.0,19.0,13.0
2010-08-28,9.75,10.0,19.0,13.0
2010-08-29,9.5,10.0,19.0,13.0
2010-08-30,9.25,10.0,19.0,13.0
2010-08-31,9.0,10.0,19.0,13.0
2010-09-01,5.0,10.0,17.0,13.0
2010-09-02,5.833333333333332,10.0,17.166666666666668,13.0
2010-09-03,6.666666666666668,10.0,17.333333333333332,13.0
2010-09-04,7.5,10.0,17.5,13.0
2010-09-05,8.333333333333334,10.0,17.666666666666668,13.0
2010-09-06,9.166666666666668,10.0,17.833333333333332,13.0
2010-09-07,10.0,10.0,18.0,13.0
2010-09-08,10.0,10.0,18.0,13.0
2010-09-09,10.0,10.0,18.0,13.0
2010-09-10,10.0,10.0,18.0,13.0
2010-09-11,10.0,10.0,18.0,13.0
2010-09-12,10.0,10.0,18.0,13.0
2010-09-13,10.0,10.0,18.0,13.0
2010-09-14,10.0,10.0,18.0,13.0
2010-09-15,10.0,10.0,18.0,13.0
2010-09-16,10.0,10.0,17.0,13.0
2010-09-17,10.0,10.0,17.0,13.0
2010-09-18,10.0,9.5,17.0,13.0
2010-09-19,10.0,9.0,17.0,13.0
2010-09-20,10.0,8.5,17.0,13.0
2010-09-21,10.0,8.0,17.0,13.0
2010-09-22,10.0,8.0,17.0,13.0
2010-09-23,12.0,9.0,17.0,13.0
2010-09-24,12.0,9.0,17.0,13.0
2010-09-25,12.0,9.25,17.5,13.0
2010-09-26,12.0,9.5,18.0,13.0
2010-09-27,12.0,9.75,18.5,13.0
2010-09-28,12.0,10.0,19.0,13.0
2010-09-29,12.0,10.0,19.0,13.0
2010-09-30,12.0,10.0,19.0,13.0
2010-10-01,17.0,10.0,19.0,13.0
2010-10-02,17.0,10.0,19.0,13.0
2010-10-03,17.0,10.0,19.0,13.0
2010-10-04,17.0,10.0,19.0,13.0
2010-10-05,17.0,10.0,19.0,13.0
2010-10-06,17.0,10.0,19.0,13.0
2010-10-07,17.0,10.0,19.0,13.0
2010-10-08,12.0,8.0,20.0,13.0
2010-10-09,12.75,8.0,19.5,13.0
2010-10-10,13.5,8.0,19.0,13.0
2010-10-11,14.25,8.0,18.5,13.0
2010-10-12,15.0,8.0,18.0,13.0
2010-10-13,15.0,8.0,18.0,13.0
2010-10-14,15.0,8.0,18.0,13.0
2010-10-15,15.0,8.0,18.0,13.0
2010-10-16,15.0,8.0,18.0,13.0
2010-10-17,15.0,8.0,18.0,13.0
2010-10-18,15.0,8.0,18.0,13.0
2010-10-19,15.0,8.0,18.0,13.0
2010-10-20,15.0,8.0,18.0,13.0
2010-10-21,15.0,8.0,18.0,13.0
2010-10-22,15.0,8.0,18.0,13.0
2010-10-23,15.0,8.0,18.0,13.0
2010-10-24,15.0,8.0,18.0,13.0
2010-10-25,15.0,8.0,18.0,13.0
2010-10-26,15.0,8.0,18.0,13.0
2010-10-27,15.0,8.0,18.0,13.0
2010-10-28,15.0,8.0,18.0,13.0
2010-10-29,15.0,8.0,18.0,13.0
2010-10-30,15.0,8.0,18.0,13.0
2010-10-31,15.0,8.0,18.0,13.0
2010-11-01,15.0,8.0,18.0,13.0
2010-11-02,15.0,8.0,18.0,13.0
2010-11-03,15.0,8.0,18.0,13.0
2010-11-04,15.0,8.0,18.0,13.0
2010-11-05,15.0,8.0,18.0,13.0
2010-11-06,15.0,8.0,18.0,13.0
2010-11-07,15.0,8.0,18.0,13.0
2010-11-08,15.0,8.0,18.0,13.0
2010-11-09,15.0,8.0,18.0,13.0
2010-11-10,15.0,8.0,18.0,13.0
2010-11-11,15.0,8.0,18.0,13.0
2010-11-12,15.0,8.0,18.0,13.0
2010-11-13,15.0,8.0,18.0,13.0
2010-11-14,15.0,8.0,18.0,13.0
2010-11-15,15.0,8.0,18.0,13.0
2010-11-16,15.0,8.0,18.0,13.0
2010-11-17,15.0,8.0,18.0,13.0
2010-11-18,15.0,8.0,18.0,13.0
2010-11-19,15.0,8.0,18.0,13.0
2010-11-20,15.0,8.0,18.0,13.0
2010-11-21,15.0,8.0,18.0,13.0
2010-11-22,15.0,8.0,18.0,13.0
2010-11-23,15.0,8.0,18.0,13.0
2010-11-24,15.0,8.0,18.0,13.0
2010-11-25,15.0,9.0,19.0,13.0
2010-11-26,15.0,9.0,19.0,13.0
2010-11-27,15.0,9.0,19.0,13.0
2010-11-28,15.0,9.0,19.0,13.0
2010-11-29,15.0,9.0,19.0,13.0
2010-11-30,15.0,9.0,19.0,13.0
2010-12-01,16.0,9.0,18.0,15.0
2010-12-02,20.0,9.0,18.0,15.0
2010-12-03,20.0,9.0,18.0,15.0
2010-12-04,20.0,9.0,18.0,15.0
2010-12-05,20.0,9.0,18.0,15.0
2010-12-06,20.0,9.0,18.0,15.0
2010-12-07,20.0,9.0,18.0,15.0
2010-12-08,20.0,9.0,18.0,15.0
2010-12-09,20.0,9.0,18.0,15.0
2010-12-10,20.0,9.0,18.0,15.0
2010-12-11,20.0,9.25,18.0,15.0
2010-12-12,20.0,9.5,18.0,15.0
2010-12-13,20.0,9.75,18.0,15.0
2010-12-14,20.0,10.0,18.0,15.0
2010-12-15,20.0,10.0,18.0,15.0
2010-12-16,20.0,10.0,18.0,15.0
2010-12-17,20.0,10.0,18.0,15.0
2010-12-18,20.0,10.0,18.0,15.0
2010-12-19,20.0,10.0,18.0,15.0
2010-12-20,20.0,10.0,18.0,15.0
2010-12-21,20.0,10.0,18.0,15.0
2010-12-22,25.0,10.0,18.0,15.0
2010-12-23,30.0,10.0,18.0,15.0
2010-12-24,30.0,10.0,18.0,15.0
2010-12-25,30.0,9.75,18.0,15.0
2010-12-26,30.0,9.5,18.0,15.0
2010-12-27,30.0,9.25,18.0,15.0
2010-12-28,30.0,9.0,18.0,15.0
2010-12-29,30.0,9.0,18.0,15.0
2010-12-30,30.0,9.0,18.0,15.0
2010-12-31,30.0,9.0,18.0,15.0
2011-01-01,30.25,9.25,18.0,15.0
2011-01-02,30.5,9.5,18.0,15.0
2011-01-03,30.75,9.75,18.0,15.0
2011-01-04,31.0,10.0,18.0,15.0
2011-01-05,31.0,10.0,18.0,15.0
2011-01-06,31.0,10.0,18.0,15.0
2011-01-07,31.0,10.0,18.0,15.0
2011-01-08,30.75,10.0,18.0,15.0
2011-01-09,30.5,10.0,18.0,15.0
2011-01-10,30.25,10.0,18.0,15.0
2011-01-11,30.0,10.0,18.0,15.0
2011-01-12,30.0,10.0,18.0,15.0
2011-01-13,30.0,10.0,18.0,15.0
2011-01-14,30.0,10.0,18.0,15.0
2011-01-15,30.0,10.0,18.0,15.0
2011-01-16,30.0,10.0,18.0,15.0
2011-01-17,30.0,10.0,18.0,15.0
2011-01-18,30.0,10.0,18.0,15.0
2011-01-19,30.0,10.0,18.0,15.0
2011-01-20,30.0,10.0,18.0,15.0
2011-01-21,25.0,10.0,18.0,15.0
2011-01-22,25.0,10.0,18.0,15.0
2011-01-23,25.0,10.0,18.0,15.0
2011-01-24,25.0,10.0,18.0,15.0
2011-01-25,25.0,10.0,18.0,15.0
2011-01-26,25.0,10.0,18.0,15.0
2011-01-27,25.0,10.0,18.0,15.0
2011-01-28,25.0,10.0,18.0,15.0
2011-01-29,23.75,10.0,18.0,15.0
2011-01-30,22.5,10.0,18.0,15.0
2011-01-31,21.25,10.0,18.0,15.0
2011-02-01,20.0,10.0,18.0,15.0
2011-02-02,20.0,5.0,18.0,15.0
2011-02-03,20.0,5.0,18.0,15.0
2011-02-04,20.0,5.0,18.0,15.0
2011-02-05,20.0,5.0,18.0,15.0
2011-02-06,20.0,5.0,18.0,15.0
2011-02-07,20.0,5.0,18.0,15.0
2011-02-08,20.0,5.0,18.0,15.0
2011-02-09,20.0,5.0,18.0,15.0
2011-02-10,15.0,5.0,18.0,15.0
2011-02-11,15.0,5.0,18.0,15.0
2011-02-12,14.25,5.0,18.0,15.0
2011-02-13,13.5,5.0,18.0,15.0
2011-02-14,12.75,5.0,18.0,15.0
2011-02-15,12.0,5.0,18.0,15.0
2011-02-16,12.0,5.0,18.0,15.0
2011-02-17,12.0,5.0,18.0,15.0
2011-02-18,12.0,5.0,18.0,15.0
2011-02-19,12.0,5.0,18.0,15.0
2011-02-20,12.0,5.0,18.0,15.0
2011-02-21,12.0,5.0,18.0,15.0
2011-02-22,12.0,5.0,18.0,15.0
2011-02-23,12.0,5.0,18.0,15.0
2011-02-24,12.0,5.0,18.0,15.0
2011-02-25,12.0,5.0,18.0,15.0
2011-02-26,12.0,5.0,18.0,15.0
2011-02-27,12.0,5.0,18.0,15.0
2011-02-28,12.0,5.0,18.0,15.0
2011-03-01,12.0,5.0,18.0,15.0
2011-03-02,12.0,5.0,18.0,15.0
2011-03-03,12.0,5.0,18.0,15.0
2011-03-04,12.0,5.0,18.0,15.0
2011-03-05,11.5,5.0,18.0,15.0
2011-03-06,11.0,5.0,18.0,15.0
2011-03-07,10.5,5.0,18.0,15.0
2011-03-08,10.0,5.0,18.0,15.0
2011-03-09,10.0,5.0,18.0,15.0
2011-03-10,10.0,5.0,18.0,15.0
2011-03-11,10.0,5.0,18.0,15.0
2011-03-12,10.0,5.0,18.0,15.0
2011-03-13,10.0,5.0,18.0,15.0
2011-03-14,10.0,5.0,18.0,15.0
2011-03-15,10.0,5.0,18.0,15.0
2011-03-16,10.0,5.0,18.0,15.0
2011-03-17,10.0,5.0,18.0,15.0
2011-03-18,10.0,5.0,18.0,15.0
2011-03-19,10.0,5.0,18.0,15.0
2011-03-20,10.0,5.0,18.0,15.0
2011-03-21,10.0,5.0,18.0,15.0
2011-03-22,10.0,5.0,18.0,15.0
2011-03-23,10.0,5.0,18.0,15.0
2011-03-24,10.0,5.0,18.0,15.0
2011-03-25,10.0,5.0,18.0,15.0
2011-03-26,10.0,5.0,18.0,15.0
2011-03-27,10.0,5.0,18.0,15.0
2011-03-28,10.0,5.0,18.0,15.0
2011-03-29,10.0,5.0,18.0,15.0
2011-03-30,10.0,5.0,18.0,15.0
2011-03-31,10.0,5.0,18.0,15.0
2011-04-01,10.0,5.0,18.0,15.0
2011-04-02,10.0,5.0,18.0,15.0
2011-04-03,10.0,5.0,18.0,15.0
2011-04-04,10.0,5.0,18.0,15.0
2011-04-05,10.0,5.0,18.0,15.0
2011-04-06,10.0,5.0,18.0,14.0
2011-04-07,10.0,5.0,18.0,14.0
2011-04-08,10.0,5.0,18.0,14.0
2011-04-09,10.0,5.090909090909091,18.0,14.0
2011-04-10,10.0,5.181818181818182,18.0,14.0
2011-04-11,10.0,5.2727272727272725,18.0,14.0
2011-04-12,10.0,5.363636363636363,18.0,14.0
2011-04-13,10.0,5.454545454545455,18.0,14.0
2011-04-14,10.0,5.545454545454545,18.0,14.0
2011-04-15,10.0,5.636363636363638,18.0,14.0
2011-04-16,10.0,5.727272727272728,18.0,14.0
2011-04-17,10.0,5.8181818181818175,18.0,14.0
2011-04-18,10.0,5.909090909090909,18.0,14.0
2011-04-19,10.0,6.0,18.0,14.0
2011-04-20,10.0,6.0,18.0,14.0
2011-04-21,10.0,6.0,18.0,14.0
2011-04-22,10.0,6.0,18.0,14.0
2011-04-23,10.0,6.0,18.0,14.0
2011-04-24,10.0,6.0,18.0,14.0
2011-04-25,10.0,6.0,18.0,14.0
2011-04-26,10.0,6.0,18.0,14.0
2011-04-27,10.0,6.0,18.0,14.0
2011-04-28,10.0,6.0,18.0,14.0
2011-04-29,10.0,6.0,18.0,14.0
2011-04-30,10.0,6.0,18.0,14.0
2011-05-01,10.0,6.0,18.0,14.0
2011-05-02,10.0,6.0,18.0,14.0
2011-05-03,10.0,6.0,18.0,14.0
2011-05-04,10.0,6.0,18.0,14.0
2011-05-05,10.0,6.0,18.0,14.0
2011-05-06,10.0,6.0,18.0,14.0
2011-05-07,10.0,6.0,18.0,14.0
2011-05-08,10.0,6.0,18.0,14.0
2011-05-09,10.0,6.0,18.0,14.0
2011-05-10,10.0,6.0,18.0,14.0
2011-05-11,10.0,6.0,18.0,14.0
2011-05-12,10.0,6.0,18.0,14.0
2011-05-13,10.0,6.0,18.0,14.0
2011-05-14,10.0,6.0,18.0,14.0
2011-05-15,10.0,6.0,18.0,14.0
2011-05-16,10.0,6.0,18.0,14.0
2011-05-17,10.0,6.0,18.0,14.0
2011-05-18,10.0,6.0,18.0,14.0
2011-05-19,10.0,6.0,18.0,14.0
2011-05-20,10.0,6.0,18.0,14.0
2011-05-21,10.0,6.0,18.0,14.0
2011-05-22,10.0,6.0,18.0,14.0
2011-05-23,10.0,6.0,18.0,14.0
2011-05-24,10.0,6.0,18.0,14.0
2011-05-25,10.0,6.0,18.0,14.0
2011-05-26,10.0,6.0,18.0,14.0
2011-05-27,10.0,6.0,18.0,14.0
2011-05-28,10.0,6.0,18.0,14.0
2011-05-29,10.0,6.0,18.0,14.0
2011-05-30,10.0,6.0,18.0,14.0
2011-05-31,10.0,6.0,18.0,14.0
2011-06-01,10.0,6.0,18.0,14.0
2011-06-02,10.0,6.0,18.0,14.0
2011-06-03,10.0,6.0,18.0,14.0
2011-06-04,10.0,6.0,18.0,14.0
2011-06-05,10.0,6.0,18.0,14.0
2011-06-06,10.0,6.0,18.0,14.0
2011-06-07,10.0,6.0,18.0,14.0
2011-06-08,10.0,6.0,18.0,14.0
2011-06-09,10.0,6.0,18.0,14.0
2011-06-10,10.0,6.0,18.0,14.0
2011-06-11,10.0,6.0,18.0,14.0
2011-06-12,10.0,6.0,18.0,14.0
2011-06-13,10.0,6.0,18.0,14.0
2011-06-14,10.0,6.0,18.0,14.0
2011-06-15,10.0,6.0,18.0,14.0
2011-06-16,10.0,6.0,18.0,14.0
2011-06-17,10.0,6.0,18.0,14.0
2011-06-18,10.0,6.0,18.0,14.0
2011-06-19,10.0,6.0,18.0,14.0
2011-06-20,10.0,6.0,18.0,14.0
2011-06-21,10.0,6.0,18.0,14.0
2011-06-22,10.0,6.0,18.0,14.0
2011-06-23,10.0,6.0,18.0,14.0
2011-06-24,10.0,6.0,18.0,14.0
2011-06-25,10.0,6.25,17.75,14.0
2011-06-26,10.0,6.5,17.5,14.0
2011-06-27,10.0,6.75,17.25,14.0
2011-06-28,10.0,7.0,17.0,14.0
2011-06-29,10.0,7.0,17.0,14.0
2011-06-30,10.0,7.0,17.0,14.0
2011-07-01,10.0,7.0,17.0,14.0
2011-07-02,10.0,7.0,17.0,14.0
2011-07-03,10.0,7.0,17.0,14.0
2011-07-04,10.0,7.0,17.0,14.0
2011-07-05,10.0,7.0,17.0,14.0
2011-07-06,10.0,7.0,17.0,14.0
2011-07-07,10.0,7.0,17.0,14.0
2011-07-08,10.0,7.0,17.0,14.0
2011-07-09,10.0,7.0,17.0,14.0
2011-07-10,10.0,7.0,17.0,14.0
2011-07-11,10.0,7.0,17.0,14.0
2011-07-12,10.0,7.0,17.0,14.0
2011-07-13,10.0,7.0,17.0,14.0
2011-07-14,10.0,7.0,17.0,14.0
2011-07-15,10.0,7.0,17.0,14.0
2011-07-16,10.0,7.0,17.0,14.0
2011-07-17,10.0,7.0,17.0,14.0
2011-07-18,10.0,7.0,17.0,14.0
2011-07-19,10.0,7.0,17.0,14.0
2011-07-20,10.0,7.0,17.0,14.0
2011-07-21,10.0,7.0,17.0,14.0
2011-07-22,10.0,7.0,17.0,14.0
2011-07-23,10.0,7.0,17.0,14.0
2011-07-24,10.0,7.0,17.0,14.0
2011-07-25,10.0,7.0,17.0,14.0
2011-07-26,10.0,7.0,17.0,14.0
2011-07-27,10.0,7.0,17.0,14.0
2011-07-28,10.0,7.0,17.0,14.0
2011-07-29,10.0,7.0,17.0,14.0
2011-07-30,10.0,7.0,17.0,14.0
2011-07-31,10.0,7.0,17.0,14.0
2011-08-01,10.0,7.0,17.0,14.0
2011-08-02,10.0,7.0,17.0,14.0
2011-08-03,10.0,7.0,17.0,14.0
2011-08-04,10.0,7.0,17.0,14.0
2011-08-05,10.0,7.0,17.0,14.0
2011-08-06,10.0,7.0,17.0,14.0
2011-08-07,10.0,7.0,17.0,14.0
2011-08-08,10.0,7.0,17.0,14.0
2011-08-09,10.0,7.0,17.0,14.0
2011-08-10,10.0,7.0,17.0,14.0
2011-08-11,10.0,7.0,17.0,14.0
2011-08-12,10.0,7.0,17.0,14.0
2011-08-13,10.0,7.0,17.0,14.0
2011-08-14,10.0,7.0,17.0,14.0
2011-08-15,10.0,7.0,17.0,14.0
2011-08-16,10.0,7.0,17.0,14.0
2011-08-17,10.0,7.0,17.0,14.0
2011-08-18,10.0,7.0,17.0,14.0
2011-08-19,10.0,7.0,17.0,14.0
2011-08-20,10.0,7.0,17.0,14.0
2011-08-21,10.0,7.0,17.0,14.0
2011-08-22,10.0,7.0,17.0,14.0
2011-08-23,10.0,7.0,17.0,14.0
2011-08-24,10.0,7.0,17.0,14.0
2011-08-25,10.0,7.0,17.0,14.0
2011-08-26,10.0,7.0,17.0,14.0
2011-08-27,10.0,7.75,17.0,14.0
2011-08-28,10.0,8.5,17.0,14.0
2011-08-29,10.0,9.25,17.0,14.0
2011-08-30,10.0,10.0,17.0,14.0
2011-08-31,10.0,10.0,17.0,14.0
2011-09-01,10.0,10.0,17.0,14.0
2011-09-02,10.0,10.0,17.0,14.0
2011-09-03,10.0,10.0,17.0,14.0
2011-09-04,10.0,10.0,17.0,14.0
2011-09-05,10.0,10.0,17.0,14.0
2011-09-06,10.0,10.0,17.0,14.0
2011-09-07,10.0,10.0,16.0,14.0
2011-09-08,10.0,10.0,16.0,14.0
2011-09-09,10.0,10.0,16.0,14.0
2011-09-10,10.5,10.5,16.0,14.0
2011-09-11,11.0,11.0,16.0,14.0
2011-09-12,11.5,11.5,16.0,14.0
2011-09-13,12.0,12.0,16.0,14.0
2011-09-14,12.0,12.0,16.0,14.0
2011-09-15,12.0,12.0,16.0,14.0
2011-09-16,12.0,12.0,16.0,14.0
2011-09-17,12.0,12.0,16.0,14.0
2011-09-18,12.0,12.0,16.0,14.0
2011-09-19,12.0,12.0,16.0,14.0
2011-09-20,12.0,12.0,16.0,14.0
2011-09-21,12.0,12.0,16.0,14.0
2011-09-22,12.0,12.0,16.0,14.0
2011-09-23,12.0,12.0,16.0,14.0
2011-09-24,11.75,12.0,16.0,14.0
2011-09-25,11.5,12.0,16.0,14.0
2011-09-26,11.25,12.0,16.0,14.0
2011-09-27,11.0,12.0,16.0,14.0
2011-09-28,11.0,12.0,16.0,14.0
2011-09-29,11.0,12.0,16.0,14.0
2011-09-30,11.0,12.0,16.0,14.0
2011-10-01,11.0,12.0,16.0,14.0
2011-10-02,11.0,12.0,16.0,14.0
2011-10-03,11.0,12.0,16.0,14.0
2011-10-04,11.0,12.0,16.0,14.0
2011-10-05,11.0,12.0,16.0,14.0
2011-10-06,11.0,11.857142857142858,16.071428571428573,14.0
2011-10-07,11.0,11.714285714285715,16.142857142857142,14.0
2011-10-08,11.0,11.571428571428573,16.214285714285715,14.0
2011-10-09,11.0,11.428571428571427,16.285714285714285,14.0
2011-10-10,11.0,11.285714285714285,16.357142857142858,14.0
2011-10-11,11.0,11.142857142857142,16.428571428571427,14.0
2011-10-12,11.0,11.0,16.5,14.0
2011-10-13,11.0,10.857142857142858,16.571428571428573,14.0
2011-10-14,11.0,10.714285714285717,16.642857142857142,14.0
2011-10-15,11.0,10.571428571428571,16.714285714285715,14.0
2011-10-16,11.0,10.428571428571429,16.785714285714285,14.0
2011-10-17,11.0,10.285714285714286,16.857142857142858,14.0
2011-10-18,11.0,10.142857142857142,16.928571428571427,14.0
2011-10-19,11.0,10.0,17.0,14.0
2011-10-20,11.0,10.153846153846152,17.0,14.0
2011-10-21,11.0,10.307692307692307,17.0,14.0
2011-10-22,11.0,10.461538461538463,17.0,14.0
2011-10-23,11.0,10.615384615384617,17.0,14.0
2011-10-24,11.0,10.769230769230768,17.0,14.0
2011-10-25,11.0,10.923076923076923,17.0,14.0
2011-10-26,11.0,11.076923076923077,17.0,14.0
2011-10-27,11.0,11.230769230769232,17.0,14.0
2011-10-28,11.0,11.384615384615385,17.0,14.0
2011-10-29,11.0,11.538461538461537,17.0,14.0
2011-10-30,11.0,11.692307692307693,17.0,14.0
2011-10-31,11.0,11.846153846153848,17.0,14.0
2011-11-01,11.0,12.0,17.0,14.0
2011-11-02,11.0,12.0,17.0,14.0
2011-11-03,11.0,12.0,17.0,14.0
2011-11-04,11.083333333333336,12.0,17.0,14.0
2011-11-05,11.166666666666664,12.0,17.0,14.0
2011-11-06,11.25,12.0,17.0,14.0
2011-11-07,11.333333333333336,12.0,17.0,14.0
2011-11-08,11.416666666666664,12.0,17.0,14.0
2011-11-09,11.5,12.0,17.0,14.0
2011-11-10,11.583333333333336,12.0,17.0,14.0
2011-11-11,11.666666666666664,12.0,17.0,14.0
2011-11-12,11.75,12.0,17.0,14.0
2011-11-13,11.833333333333336,12.0,17.0,14.0
2011-11-14,11.916666666666664,12.0,17.0,14.0
2011-11-15,12.0,12.0,17.0,14.0
2011-11-16,12.0,12.0,17.0,14.0
2011-11-17,12.0,11.0,17.0,14.0
2011-11-18,12.0,11.0,17.0,14.0
2011-11-19,12.0,11.0,17.0,14.0
2011-11-20,12.0,11.0,17.0,14.0
2011-11-21,12.0,11.0,17.0,14.0
2011-11-22,12.0,11.0,17.0,14.0
2011-11-23,12.0,11.0,17.0,14.0
2011-11-24,12.0,11.0,17.0,14.0
2011-11-25,12.0,11.0,17.0,14.0
2011-11-26,12.0,11.0,17.0,14.0
2011-11-27,12.0,11.0,17.0,14.0
2011-11-28,12.0,11.0,17.0,14.0
2011-11-29,12.0,11.0,17.0,14.0
2011-11-30,12.0,11.0,17.0,14.0
2011-12-01,12.0,11.0,17.0,14.0
2011-12-02,12.0,11.0,17.0,14.0
2011-12-03,12.0,11.0,17.0,14.0
2011-12-04,12.0,11.0,17.0,14.0
2011-12-05,12.0,11.0,17.0,14.0
2011-12-06,12.0,11.0,17.0,14.0
2011-12-07,12.0,11.0,17.0,14.0
2011-12-08,12.0,11.0,17.0,14.0
2011-12-09,12.0,11.0,17.0,14.0
2011-12-10,12.0,11.0,17.0,14.0
2011-12-11,12.0,11.0,17.0,14.0
2011-12-12,12.0,11.0,17.0,14.0
2011-12-13,12.0,11.0,17.0,14.0
2011-12-14,12.0,11.0,17.0,14.0
2011-12-15,12.0,11.0,17.0,14.0
2011-12-16,12.0,11.0,17.0,14.0
2011-12-17,12.0,11.0,17.0,14.0
2011-12-18,12.0,11.0,17.0,14.0
2011-12-19,12.0,11.0,17.0,14.0
2011-12-20,12.0,11.0,17.0,14.0
2011-12-21,12.0,11.0,17.0,14.0
2011-12-22,12.0,11.0,17.0,14.0
2011-12-23,12.0,11.0,17.0,14.0
2011-12-24,12.0,11.0,17.0,14.0
2011-12-25,12.0,11.0,17.0,14.0
2011-12-26,12.0,11.0,17.0,14.0
2011-12-27,12.0,11.0,17.0,14.0
2011-12-28,12.0,11.0,17.0,14.0
2011-12-29,12.0,11.0,17.0,14.0
2011-12-30,12.0,11.0,17.0,14.0
2011-12-31,12.0,11.0,17.0,14.0
2012-01-01,12.0,11.0,17.0,14.0
2012-01-02,12.0,11.0,17.0,14.0
2012-01-03,12.0,11.0,17.0,14.0
2012-01-04,12.0,11.0,17.0,14.0
2012-01-05,12.0,11.0,17.0,14.0
2012-01-06,12.0,11.0,17.0,14.0
2012-01-07,12.0,11.0,17.0,14.0
2012-01-08,12.0,11.0,17.0,14.0
2012-01-09,12.0,11.0,17.0,14.0
2012-01-10,12.0,11.0,17.0,14.0
2012-01-11,12.0,11.0,17.0,14.0
2012-01-12,12.0,11.0,17.0,14.0
2012-01-13,12.0,11.0,17.0,14.0
2012-01-14,12.0,11.0,17.0,14.0
2012-01-15,12.0,11.0,17.0,14.0
2012-01-16,12.0,11.0,17.0,14.0
2012-01-17,12.0,11.0,17.0,14.0
2012-01-18,12.0,11.0,17.0,14.0
2012-01-19,12.0,11.0,17.0,14.0
2012-01-20,12.0,11.0,17.0,14.0
2012-01-21,12.0,11.0,17.0,14.0
2012-01-22,12.0,11.0,17.0,14.0
2012-01-23,12.0,11.0,17.0,14.0
2012-01-24,12.0,11.0,17.0,14.0
2012-01-25,12.0,11.0,17.0,14.0
2012-01-26,11.666666666666664,10.833333333333336,17.166666666666668,14.0
2012-01-27,11.333333333333336,10.666666666666666,17.333333333333332,14.0
2012-01-28,11.0,10.5,17.5,14.0
2012-01-29,10.666666666666666,10.333333333333334,17.666666666666668,14.0
2012-01-30,10.333333333333334,10.166666666666666,17.833333333333332,14.0
2012-01-31,10.0,10.0,18.0,14.0
2012-02-01,10.0,10.0,18.0,14.0
2012-02-02,10.0,10.0,18.0,14.0
2012-02-03,10.0,10.0,18.0,14.0
2012-02-04,10.0,10.0,18.0,14.0
2012-02-05,10.0,10.0,18.0,14.0
2012-02-06,10.0,10.0,18.0,14.0
2012-02-07,10.0,10.0,18.0,14.0
2012-02-08,10.0,10.0,18.0,14.0
2012-02-09,10.0,10.0,18.0,14.0
2012-02-10,10.0,10.0,18.0,14.0
2012-02-11,10.0,10.0,18.0,14.0
2012-02-12,10.0,10.0,18.0,14.0
2012-02-13,10.0,10.0,18.0,14.0
2012-02-14,10.0,10.0,18.0,14.0
2012-02-15,10.0,10.0,18.0,14.0
2012-02-16,10.0,10.0,18.0,14.0
2012-02-17,10.0,10.0,18.0,14.0
2012-02-18,10.0,10.0,18.0,14.0
2012-02-19,10.0,10.0,18.0,14.0
2012-02-20,10.0,10.0,18.0,14.0
2012-02-21,10.0,10.0,18.0,14.0
2012-02-22,10.0,10.0,18.0,14.0
2012-02-23,10.0,10.0,18.0,14.0
2012-02-24,10.0,10.0,18.0,14.0
2012-02-25,10.0,10.0,18.0,14.0
2012-02-26,10.0,10.0,18.0,14.0
2012-02-27,10.0,10.0,18.0,14.0
2012-02-28,10.0,10.0,18.0,14.0
2012-02-29,10.0,10.0,18.0,14.0
2012-03-01,10.0,10.0,18.0,14.0
2012-03-02,10.0,10.0,18.0,14.0
2012-03-03,10.0,10.0,18.0,14.0
2012-03-04,10.0,10.0,18.0,14.0
2012-03-05,10.0,10.0,18.0,14.0
2012-03-06,10.0,10.0,18.0,14.0
2012-03-07,10.0,10.0,18.0,14.0
2012-03-08,10.0,10.0,18.0,14.0
2012-03-09,10.0,10.0,18.0,14.0
2012-03-10,10.0,10.0,18.0,14.0
2012-03-11,10.0,10.0,18.0,14.0
2012-03-12,10.0,10.0,18.0,14.0
2012-03-13,10.0,10.0,18.0,14.0
2012-03-14,10.0,10.0,18.0,14.0
2012-03-15,10.0,10.0,18.0,14.0
2012-03-16,10.0,10.0,18.0,14.0
2012-03-17,10.0,10.0,18.0,14.0
2012-03-18,10.0,10.0,18.0,14.0
2012-03-19,10.0,10.0,18.0,14.0
2012-03-20,10.0,10.0,18.0,14.0
2012-03-21,10.0,10.0,18.0,14.0
2012-03-22,10.0,10.0,18.0,14.0
2012-03-23,10.0,10.0,18.0,14.0
2012-03-24,10.0,10.0,18.0,14.0
2012-03-25,10.0,10.0,18.0,14.0
2012-03-26,10.0,10.0,18.0,14.0
2012-03-27,10.0,10.0,18.0,14.0
2012-03-28,10.0,12.0,18.0,14.0
2012-03-29,10.0,12.0,18.0,14.0
2012-03-30,10.0,12.0,18.0,14.0
2012-03-31,10.0,12.0,18.0,14.0
2012-04-01,10.0,12.0,18.0,14.0
2012-04-02,10.0,12.0,18.0,14.0
2012-04-03,10.0,12.0,18.0,14.0
2012-04-04,10.0,12.0,18.0,14.0
2012-04-05,10.0,12.0,18.0,14.0
2012-04-06,10.0,12.0,18.0,14.0
2012-04-07,10.0,12.0,18.0,14.0
2012-04-08,10.0,12.0,18.0,14.0
2012-04-09,10.0,12.0,18.0,14.0
2012-04-10,10.0,12.0,18.0,14.0
2012-04-11,10.0,12.0,18.0,14.0
2012-04-12,10.0,12.0,18.0,14.0
2012-04-13,10.0,12.0,18.0,14.0
2012-04-14,10.0,12.0,18.0,14.0
2012-04-15,10.0,12.0,18.0,14.0
2012-04-16,10.0,12.0,18.0,14.0
2012-04-17,10.0,12.0,18.0,14.0
2012-04-18,10.0,12.0,18.0,14.0
2012-04-19,10.0,12.0,18.0,14.0
2012-04-20,10.0,12.0,18.0,14.0
2012-04-21,10.0,12.0,18.0,14.0
2012-04-22,10.0,12.0,18.0,14.0
2012-04-23,10.0,12.0,18.0,14.0
2012-04-24,10.0,12.0,18.0,14.0
2012-04-25,10.0,12.0,18.0,14.0
2012-04-26,10.0,12.0,18.0,14.0
2012-04-27,10.0,12.0,18.0,14.0
2012-04-28,10.0,12.0,18.0,14.0
2012-04-29,10.0,12.0,18.0,14.0
2012-04-30,10.0,12.0,18.0,14.0
2012-05-01,10.0,12.0,18.0,14.0
2012-05-02,10.0,12.0,18.0,14.0
2012-05-03,10.0,12.0,18.0,14.0
2012-05-04,10.0,12.0,18.0,14.0
2012-05-05,10.0,12.0,18.0,14.0
2012-05-06,10.0,12.0,18.0,14.0
2012-05-07,10.0,12.0,18.0,14.0
2012-05-08,10.0,12.0,18.0,14.0
2012-05-09,10.0,12.0,18.0,14.0
2012-05-10,10.0,12.0,18.0,14.0
2012-05-11,10.0,12.0,18.0,14.0
2012-05-12,10.0,12.0,18.0,14.0
2012-05-13,10.0,12.0,18.0,14.0
2012-05-14,10.0,12.0,18.0,14.0
2012-05-15,10.0,12.0,18.0,14.0
2012-05-16,10.0,12.0,18.0,14.0
2012-05-17,10.0,12.0,18.0,14.0
2012-05-18,10.0,12.0,18.0,14.0
2012-05-19,10.0,12.0,18.0,14.0
2012-05-20,10.0,12.0,18.0,14.0
2012-05-21,10.0,12.0,18.0,14.0
2012-05-22,10.0,12.0,18.0,14.0
2012-05-23,10.0,12.0,18.0,14.0
2012-05-24,10.0,12.0,18.0,14.0
2012-05-25,10.0,12.0,18.0,14.0
2012-05-26,10.0,12.0,18.0,14.0
2012-05-27,10.0,12.0,18.0,14.0
2012-05-28,10.0,12.0,18.0,14.0
2012-05-29,10.0,12.0,18.0,14.0
2012-05-30,6.0,12.0,19.0,14.0
2012-05-31,6.0,12.0,19.0,14.0
2012-06-01,6.0,12.0,19.0,14.0
2012-06-02,6.0,12.0,19.0,14.0
2012-06-03,6.0,12.0,19.0,14.0
2012-06-04,6.0,12.0,19.0,14.0
2012-06-05,6.0,12.0,19.0,14.0
2012-06-06,6.0,12.0,19.0,14.0
2012-06-07,6.0,12.0,19.0,14.0
2012-06-08,6.0,12.0,19.0,14.0
2012-06-09,6.0,12.0,19.0,14.0
2012-06-10,6.0,12.0,19.0,14.0
2012-06-11,6.0,12.0,19.0,14.0
2012-06-12,6.0,12.0,19.0,14.0
2012-06-13,6.0,12.0,19.0,14.0
2012-06-14,6.0,12.0,19.0,14.0
2012-06-15,6.0,12.0,19.0,14.0
2012-06-16,6.0,12.0,19.0,14.0
2012-06-17,6.0,12.0,19.0,14.0
2012-06-18,6.0,12.0,19.0,14.0
2012-06-19,6.0,12.0,19.0,14.0
2012-06-20,6.0,12.0,19.0,14.0
2012-06-21,6.0,12.0,19.0,14.0
2012-06-22,6.0,12.0,19.0,14.0
2012-06-23,6.0,12.0,19.0,14.0
2012-06-24,6.0,12.0,19.0,14.0
2012-06-25,6.0,12.0,19.0,14.0
2012-06-26,6.0,12.0,19.0,14.0
2012-06-27,6.0,12.0,19.0,14.0
2012-06-28,6.0,12.0,19.0,14.0
2012-06-29,6.0,12.0,19.0,14.0
2012-06-30,6.0,12.0,19.0,14.0
2012-07-01,6.0,12.0,19.0,14.0
2012-07-02,6.0,12.0,19.0,14.0
2012-07-03,6.0,12.0,19.0,14.0
2012-07-04,6.0,12.0,19.0,14.0
2012-07-05,6.0,12.0,19.0,14.0
2012-07-06,6.0,12.0,19.0,14.0
2012-07-07,6.0,12.0,19.0,14.0
2012-07-08,6.0,12.0,19.0,14.0
2012-07-09,6.0,12.0,19.0,14.0
2012-07-10,6.0,12.0,19.0,14.0
2012-07-11,6.0,12.0,19.0,14.0
2012-07-12,6.0,12.0,19.0,14.0
2012-07-13,6.0,12.0,19.0,14.0
2012-07-14,6.0,12.0,19.0,14.0
2012-07-15,6.0,12.0,19.0,14.0
2012-07-16,6.0,12.0,19.0,14.0
2012-07-17,6.0,12.0,19.0,14.0
2012-07-18,6.0,12.0,19.0,14.0
2012-07-19,6.0,15.0,19.0,14.0
2012-07-20,6.0,15.0,19.0,14.0
2012-07-21,6.0,15.0,19.0,14.0
2012-07-22,6.0,15.0,19.0,14.0
2012-07-23,6.0,15.0,19.0,14.0
2012-07-24,6.0,15.0,19.0,14.0
2012-07-25,6.0,15.0,19.0,14.0
2012-07-26,6.0,15.0,19.0,14.0
2012-07-27,6.0,15.0,19.0,14.0
2012-07-28,6.0,15.0,19.0,14.0
2012-07-29,6.0,15.0,19.0,14.0
2012-07-30,6.0,15.0,19.0,14.0
2012-07-31,6.0,15.0,19.0,14.0
2012-08-01,6.0,15.0,19.0,14.0
2012-08-02,6.666666666666668,15.0,19.0,14.0
2012-08-03,7.333333333333332,15.0,19.0,14.0
2012-08-04,8.0,15.0,19.0,14.0
2012-08-05,8.666666666666666,15.0,19.0,14.0
2012-08-06,9.333333333333332,15.0,19.0,14.0
2012-08-07,10.0,15.0,19.0,14.0
2012-08-08,10.0,15.0,19.0,14.0
2012-08-09,10.0,15.0,19.0,14.0
2012-08-10,10.0,15.0,19.0,14.0
2012-08-11,10.0,15.0,19.0,14.0
2012-08-12,10.0,15.0,19.0,14.0
2012-08-13,10.0,15.0,19.0,14.0
2012-08-14,10.0,15.0,19.0,14.0
2012-08-15,10.0,15.0,19.0,14.0
2012-08-16,10.0,15.0,19.0,14.0
2012-08-17,10.0,15.0,19.0,14.0
2012-08-18,10.0,15.0,19.0,14.0
2012-08-19,10.0,15.0,19.0,14.0
2012-08-20,10.0,15.0,19.0,14.0
2012-08-21,10.0,15.0,19.0,14.0
2012-08-22,10.0,15.0,19.0,14.0
2012-08-23,10.0,15.0,19.0,14.0
2012-08-24,10.0,15.0,19.0,14.0
2012-08-25,10.0,15.0,19.0,14.0
2012-08-26,10.0,15.0,19.0,14.0
2012-08-27,10.0,15.0,19.0,14.0
2012-08-28,10.0,15.0,19.0,14.0
2012-08-29,10.0,15.0,19.0,14.0
2012-08-30,10.0,15.0,19.0,14.0
2012-08-31,10.0,15.0,19.0,14.0
2012-09-01,10.0,15.0,19.0,14.0
2012-09-02,10.0,15.0,19.0,14.0
2012-09-03,10.0,15.0,19.0,14.0
2012-09-04,10.0,15.0,19.0,14.0
2012-09-05,10.0,15.0,19.0,14.0
2012-09-06,10.0,15.0,19.0,14.0
2012-09-07,10.0,15.0,19.0,14.0
2012-09-08,10.0,15.0,19.0,14.0
2012-09-09,10.0,15.0,19.0,14.0
2012-09-10,10.0,15.0,19.0,14.0
2012-09-11,10.0,15.0,19.0,14.0
2012-09-12,10.0,15.0,19.0,14.0
2012-09-13,10.0,15.0,19.0,14.0
2012-09-14,10.0,15.0,19.0,14.0
2012-09-15,10.0,15.0,19.0,14.0
2012-09-16,10.0,15.0,19.0,14.0
2012-09-17,10.0,15.0,19.0,14.0
2012-09-18,10.0,15.0,19.0,14.0
2012-09-19,10.0,15.0,19.0,14.0
2012-09-20,10.0,15.0,19.0,14.0
2012-09-21,10.0,15.0,19.0,14.0
2012-09-22,10.0,15.0,19.0,14.0
2012-09-23,10.0,15.0,19.0,14.0
2012-09-24,10.0,15.0,19.0,14.0
2012-09-25,10.0,15.0,19.0,14.0
2012-09-26,10.0,15.0,19.0,14.0
2012-09-27,10.0,15.0,19.0,14.0
2012-09-28,10.0,15.0,19.0,14.0
2012-09-29,10.0,15.0,19.0,14.0
2012-09-30,10.0,15.0,19.0,14.0
2012-10-01,10.0,15.0,19.0,14.0
2012-10-02,10.0,15.0,19.0,14.0
2012-10-03,10.0,15.0,19.0,14.0
2012-10-04,10.0,15.0,19.0,14.0
2012-10-05,10.0,15.0,19.0,14.0
2012-10-06,10.0,15.0,19.0,14.0
2012-10-07,10.0,15.0,19.0,14.0
2012-10-08,10.0,15.0,19.0,14.0
2012-10-09,10.0,15.0,19.0,14.0
2012-10-10,10.0,15.0,19.0,14.0
2012-10-11,10.0,15.0,19.0,14.0
2012-10-12,10.0,15.0,19.0,14.0
2012-10-13,10.0,15.0,19.0,14.0
2012-10-14,10.0,15.0,19.0,14.0
2012-10-15,10.0,15.0,19.0,14.0
2012-10-16,10.0,15.0,19.0,14.0
2012-10-17,10.0,15.0,19.0,14.0
2012-10-18,10.0,15.0,19.0,14.0
2012-10-19,10.0,15.0,19.0,14.0
2012-10-20,10.0,15.0,19.0,14.0
2012-10-21,10.0,15.0,19.0,14.0
2012-10-22,10.0,15.0,19.0,14.0
2012-10-23,10.0,15.0,19.0,14.0
2012-10-24,10.0,15.0,19.0,14.0
2012-10-25,10.0,15.0,19.0,14.0
2012-10-26,10.0,15.0,19.0,14.0
2012-10-27,10.0,15.0,19.0,14.0
2012-10-28,10.0,15.0,19.0,14.0
2012-10-29,10.0,15.0,19.0,14.0
2012-10-30,10.0,15.0,19.0,14.0
2012-10-31,10.0,15.0,19.0,14.0
2012-11-01,10.0,15.0,19.0,14.0
2012-11-02,10.0,15.0,20.0,14.0
2012-11-03,10.111111111111109,15.0,20.0,14.0
2012-11-04,10.222222222222221,15.0,20.0,14.0
2012-11-05,10.333333333333334,15.0,20.0,14.0
2012-11-06,10.444444444444443,15.0,20.0,14.0
2012-11-07,10.555555555555557,15.0,20.0,14.0
2012-11-08,10.666666666666666,15.0,20.0,14.0
2012-11-09,10.777777777777779,15.0,20.0,14.0
2012-11-10,10.888888888888891,15.0,20.0,14.0
2012-11-11,11.0,15.0,20.0,14.0
2012-11-12,11.111111111111109,15.0,20.0,14.0
2012-11-13,11.222222222222221,15.0,20.0,14.0
2012-11-14,11.333333333333336,15.0,20.0,14.0
2012-11-15,11.444444444444445,15.0,20.0,14.0
2012-11-16,11.555555555555555,15.0,20.0,14.0
2012-11-17,11.666666666666664,15.0,20.0,14.0
2012-11-18,11.777777777777779,15.0,20.0,14.0
2012-11-19,11.888888888888891,15.0,20.0,14.0
2012-11-20,12.0,15.0,20.0,14.0
2012-11-21,12.0,15.0,20.0,14.0
2012-11-22,12.0,15.0,20.0,14.0
2012-11-23,12.0,15.0,20.0,14.0
2012-11-24,12.0,15.0,20.0,14.0
2012-11-25,12.0,15.0,20.0,14.0
2012-11-26,12.0,15.0,20.0,14.0
2012-11-27,12.0,15.0,20.0,14.0
2012-11-28,12.0,15.0,20.0,14.0
2012-11-29,12.0,15.0,20.0,14.0
2012-11-30,12.0,15.0,20.0,14.0
2012-12-01,12.0,15.0,20.0,14.0
2012-12-02,12.0,15.0,20.0,14.0
2012-12-03,12.0,15.0,20.0,14.0
2012-12-04,12.0,15.0,20.0,14.0
2012-12-05,12.0,15.0,20.0,14.0
2012-12-06,12.0,15.0,20.0,14.0
2012-12-07,12.0,15.0,20.0,14.0
2012-12-08,12.0,15.0,20.0,14.0
2012-12-09,12.0,15.0,20.0,14.0
2012-12-10,12.0,15.0,20.0,14.0
2012-12-11,12.0,15.0,20.0,14.0
2012-12-12,12.0,15.0,20.0,14.0
2012-12-13,12.0,15.0,20.0,14.0
2012-12-14,12.0,15.0,20.0,14.0
2012-12-15,12.0,15.0,20.0,14.0
2012-12-16,12.0,15.0,20.0,14.0
2012-12-17,12.0,15.0,20.0,14.0
2012-12-18,12.0,15.0,20.0,14.0
2012-12-19,12.0,15.0,20.0,14.0
2012-12-20,12.0,15.0,20.0,14.0
2012-12-21,12.0,15.0,20.0,14.0
2012-12-22,12.0,15.0,20.0,14.0
2012-12-23,12.0,15.0,20.0,14.0
2012-12-24,12.0,15.0,20.0,14.0
2012-12-25,12.0,15.0,20.0,14.0
2012-12-26,12.0,15.0,20.0,14.0
2012-12-27,12.0,15.0,20.0,14.0
2012-12-28,12.0,15.0,20.0,14.0
2012-12-29,12.0,15.0,20.0,14.0
2012-12-30,12.0,15.0,20.0,14.0
2012-12-31,12.0,15.0,20.0,14.0
2013-01-01,12.0,15.0,20.0,14.0
2013-01-02,12.0,15.0,20.0,14.0
2013-01-03,12.0,15.0,20.0,14.0
2013-01-04,12.0,15.0,20.0,14.0
2013-01-05,12.0,15.0,20.0,14.0
2013-01-06,12.0,15.0,20.0,14.0
2013-01-07,12.0,15.0,20.0,14.0
2013-01-08,12.0,15.0,20.0,14.0
2013-01-09,12.0,15.0,20.0,14.0
2013-01-10,12.0,15.0,20.0,14.0
2013-01-11,12.0,15.0,20.0,14.0
2013-01-12,12.0,15.0,20.0,14.0
2013-01-13,12.0,15.0,20.0,14.0
2013-01-14,12.0,15.0,20.0,14.0
2013-01-15,12.0,15.0,20.0,14.0
2013-01-16,12.0,15.0,20.0,14.0
2013-01-17,12.0,15.0,20.0,14.0
2013-01-18,12.0,15.0,20.0,14.0
2013-01-19,12.0,15.0,20.0,14.0
2013-01-20,12.0,15.0,20.0,14.0
2013-01-21,12.0,15.0,20.0,14.0
2013-01-22,12.0,15.0,20.0,14.0
2013-01-23,12.0,15.0,20.0,14.0
2013-01-24,12.0,15.0,20.0,14.0
2013-01-25,12.0,15.0,20.0,14.0
2013-01-26,12.0,15.0,20.0,14.0
2013-01-27,12.0,15.0,20.0,14.0
2013-01-28,12.0,15.0,20.0,14.0
2013-01-29,12.0,15.0,20.0,14.0
2013-01-30,12.0,15.0,20.0,14.0
2013-01-31,12.0,15.0,20.0,14.0
2013-02-01,12.0,15.0,20.0,14.0
2013-02-02,14.5,15.0,20.0,14.0
2013-02-03,17.0,15.0,20.0,14.0
2013-02-04,19.5,15.0,20.0,14.0
2013-02-05,22.0,15.0,20.0,14.0
2013-02-06,22.0,15.0,20.0,14.0
2013-02-07,22.0,15.0,20.0,14.0
2013-02-08,22.0,15.0,20.0,14.0
2013-02-09,22.0,15.0,20.0,14.0
2013-02-10,22.0,15.0,20.0,14.0
2013-02-11,22.0,15.0,20.0,14.0
2013-02-12,22.0,15.0,20.0,14.0
2013-02-13,22.0,15.0,20.0,14.0
2013-02-14,22.0,15.0,20.0,14.0
2013-02-15,22.0,15.0,20.0,14.0
2013-02-16,22.0,15.0,20.0,14.0
2013-02-17,22.0,15.0,20.0,14.0
2013-02-18,22.0,15.0,20.0,14.0
2013-02-19,22.0,15.0,20.0,14.0
2013-02-20,22.0,15.0,20.0,14.0
2013-02-21,22.0,15.0,20.0,14.0
2013-02-22,22.0,15.0,20.0,14.0
2013-02-23,22.0,15.0,20.0,14.0
2013-02-24,22.0,15.0,20.0,14.0
2013-02-25,22.0,15.0,20.0,14.0
2013-02-26,22.0,15.0,20.0,14.0
2013-02-27,22.0,15.0,20.0,14.0
2013-02-28,22.0,15.0,20.0,14.0
2013-03-01,12.0,15.0,20.0,14.0
2013-03-02,12.0,15.0,20.0,14.0
2013-03-03,12.0,15.0,20.0,14.0
2013-03-04,12.0,15.0,20.0,14.0
2013-03-05,12.0,15.0,20.0,14.0
2013-03-06,12.0,15.0,20.0,14.0
2013-03-07,12.0,15.0,20.0,14.0
2013-03-08,12.0,15.0,20.0,14.0
2013-03-09,12.0,15.0,20.0,14.0
2013-03-10,12.0,15.0,20.0,14.0
2013-03-11,12.0,15.0,20.0,14.0
2013-03-12,12.0,15.0,20.0,14.0
2013-03-13,12.0,15.0,20.0,14.0
2013-03-14,12.0,15.0,20.0,14.0
2013-03-15,12.0,15.0,20.0,14.0
2013-03-16,12.0,15.0,20.0,14.0
2013-03-17,12.0,15.0,20.0,14.0
2013-03-18,12.0,15.0,20.0,14.0
2013-03-19,12.0,15.0,20.0,14.0
2013-03-20,12.0,15.0,20.0,14.0
2013-03-21,12.0,15.0,20.0,14.0
2013-03-22,12.0,15.0,20.0,14.0
2013-03-23,12.0,15.0,20.0,14.0
2013-03-24,12.0,15.0,20.0,14.0
2013-03-25,12.0,15.0,20.0,14.0
2013-03-26,12.0,15.0,20.0,14.0
2013-03-27,12.0,15.0,20.0,14.0
2013-03-28,12.0,15.0,20.0,14.0
2013-03-29,12.0,15.0,20.0,14.0
2013-03-30,12.0,15.0,20.0,14.0
2013-03-31,12.0,15.0,20.0,14.0
2013-04-01,12.0,15.0,20.0,14.0
2013-04-02,12.0,15.0,20.0,14.0
2013-04-03,12.0,15.0,20.0,14.0
2013-04-04,12.0,15.0,20.0,14.0
2013-04-05,12.0,15.0,20.0,14.0
2013-04-06,12.0,15.0,20.0,14.0
2013-04-07,12.0,15.0,20.0,14.0
2013-04-08,12.0,15.0,20.0,14.0
2013-04-09,12.0,15.0,20.0,14.0
2013-04-10,12.0,15.0,20.0,14.0
2013-04-11,12.0,15.0,20.0,14.0
2013-04-12,12.0,15.0,20.0,14.0
2013-04-13,12.0,15.0,20.0,14.0
2013-04-14,12.0,15.0,20.0,14.0
2013-04-15,12.0,15.0,20.0,14.0
2013-04-16,12.0,15.0,20.0,14.0
2013-04-17,12.0,15.0,20.0,14.0
2013-04-18,12.0,15.0,20.0,14.0
2013-04-19,12.0,15.0,20.0,14.0
2013-04-20,12.0,15.0,20.0,14.0
2013-04-21,12.0,15.0,20.0,14.0
2013-04-22,12.0,15.0,20.0,14.0
2013-04-23,12.0,15.0,20.0,14.0
2013-04-24,12.0,15.0,20.0,14.0
2013-04-25,12.0,15.0,20.0,14.0
2013-04-26,12.0,15.0,20.0,14.0
2013-04-27,12.0,15.0,20.0,14.0
2013-04-28,12.0,15.0,20.0,14.0
2013-04-29,12.0,15.0,20.0,14.0
2013-04-30,12.0,15.0,20.0,14.0
2013-05-01,12.0,15.0,20.0,14.0
2013-05-02,12.0,15.0,20.0,14.0
2013-05-03,12.0,15.0,20.0,14.0
2013-05-04,11.75,14.75,20.0,14.25
2013-05-05,11.5,14.5,20.0,14.5
2013-05-06,11.25,14.25,20.0,14.75
2013-05-07,11.0,14.0,20.0,15.0
2013-05-08,11.0,14.0,20.0,17.0
2013-05-09,11.0,14.0,20.0,17.0
2013-05-10,11.0,14.0,20.0,17.0
2013-05-11,11.0,14.0,20.0,17.0
2013-05-12,11.0,14.0,20.0,17.0
2013-05-13,11.0,14.0,20.0,17.0
2013-05-14,11.0,14.0,20.0,17.0
2013-05-15,11.0,14.0,20.0,17.0
2013-05-16,11.0,14.0,20.0,17.0
2013-05-17,11.0,14.0,20.0,17.0
2013-05-18,11.0,14.0,20.0,17.0
2013-05-19,11.0,14.0,20.0,17.0
2013-05-20,11.0,14.0,20.0,17.0
2013-05-21,11.0,14.0,20.0,17.0
2013-05-22,11.0,14.0,20.0,17.0
2013-05-23,11.0,14.0,20.0,17.0
2013-05-24,11.0,14.0,20.0,17.0
2013-05-25,11.0,14.0,20.0,17.0
2013-05-26,11.0,14.0,20.0,17.0
2013-05-27,11.0,14.0,20.0,17.0
2013-05-28,11.0,14.0,20.0,17.0
2013-05-29,11.0,14.0,20.0,17.0
2013-05-30,11.0,14.0,20.0,17.0
2013-05-31,11.0,14.0,20.0,17.0
2013-06-01,11.0,14.0,20.0,17.0
2013-06-02,11.0,14.0,20.0,17.0
2013-06-03,11.0,14.0,20.0,17.0
2013-06-04,11.0,14.0,20.0,17.0
2013-06-05,11.0,14.0,20.0,17.0
2013-06-06,11.0,14.0,20.0,17.0
2013-06-07,11.0,14.0,20.0,17.0
2013-06-08,11.0,14.0,20.0,17.0
2013-06-09,11.0,14.0,20.0,17.0
2013-06-10,11.0,14.0,20.0,17.0
2013-06-11,11.0,14.0,20.0,17.0
2013-06-12,11.0,14.0,20.0,17.0
2013-06-13,11.0,14.0,20.0,17.0
2013-06-14,11.0,14.0,20.0,17.0
2013-06-15,11.0,14.0,20.0,17.0
2013-06-16,11.0,14.0,20.0,17.0
2013-06-17,11.0,14.0,20.0,17.0
2013-06-18,11.0,14.0,20.0,17.0
2013-06-19,11.0,14.0,20.0,17.0
2013-06-20,11.0,14.0,20.0,17.0
2013-06-21,11.0,14.0,20.0,17.0
2013-06-22,11.0,14.0,20.0,17.0
2013-06-23,11.0,14.0,20.0,17.0
2013-06-24,11.0,14.0,20.0,17.0
2013-06-25,11.0,14.0,20.0,17.0
2013-06-26,11.0,14.0,20.0,17.0
2013-06-27,11.0,14.0,20.0,17.0
2013-06-28,11.0,14.0,20.0,17.0
2013-06-29,11.0,14.0,20.0,17.0
2013-06-30,11.0,14.0,20.0,17.0
2013-07-01,11.0,14.0,20.0,17.0
2013-07-02,11.0,14.0,20.0,17.0
2013-07-03,11.0,14.0,20.0,17.0
2013-07-04,11.0,14.0,20.0,17.0
2013-07-05,11.0,14.0,20.0,17.0
2013-07-06,11.0,14.0,20.0,17.0
2013-07-07,11.0,14.0,20.0,17.0
2013-07-08,11.0,14.0,20.0,17.0
2013-07-09,11.0,14.0,20.0,17.0
2013-07-10,11.0,14.0,20.0,17.0
2013-07-11,11.0,14.0,20.0,17.0
2013-07-12,11.0,14.0,20.0,17.0
2013-07-13,11.0,14.0,20.0,17.0
2013-07-14,11.0,14.0,20.0,17.0
2013-07-15,11.0,14.0,20.0,17.0
2013-07-16,11.0,14.0,20.0,17.0
2013-07-17,11.0,14.0,20.0,17.0
2013-07-18,15.0,14.0,20.0,17.0
2013-07-19,14.2,14.0,20.0,17.0
2013-07-20,13.4,14.0,20.0,17.0
2013-07-21,12.6,14.0,20.0,17.0
2013-07-22,11.8,14.0,20.0,17.0
2013-07-23,11.0,14.0,20.0,17.0
2013-07-24,11.0,14.0,20.0,17.0
2013-07-25,11.0,14.0,20.0,17.0
2013-07-26,11.0,14.0,20.0,17.0
2013-07-27,11.0,14.0,20.0,17.0
2013-07-28,11.0,14.0,20.0,17.0
2013-07-29,11.0,14.0,20.0,17.0
2013-07-30,11.0,14.0,20.0,17.0
2013-07-31,11.0,14.0,20.0,17.0
2013-08-01,11.0,14.0,20.0,17.0
2013-08-02,15.0,14.0,20.0,17.0
2013-08-03,15.0,14.0,20.0,17.0
2013-08-04,15.0,14.0,20.0,17.0
2013-08-05,15.0,14.0,20.0,17.0
2013-08-06,15.0,14.0,20.0,17.0
2013-08-07,15.714285714285715,14.0,20.0,17.0
2013-08-08,16.428571428571427,14.0,20.0,17.0
2013-08-09,17.142857142857142,14.0,20.0,17.0
2013-08-10,17.857142857142858,14.0,20.0,17.0
2013-08-11,18.571428571428573,14.0,20.0,17.0
2013-08-12,19.285714285714285,14.0,20.0,17.0
2013-08-13,20.0,14.0,20.0,17.0
2013-08-14,20.3,14.0,20.0,17.0
2013-08-15,20.6,14.0,20.0,17.0
2013-08-16,20.9,14.0,20.0,17.0
2013-08-17,21.2,14.0,20.0,17.0
2013-08-18,21.5,14.0,20.0,17.0
2013-08-19,21.8,14.0,20.0,17.0
2013-08-20,22.1,14.0,20.0,17.0
2013-08-21,22.4,14.0,20.0,17.0
2013-08-22,22.7,14.0,20.0,17.0
2013-08-23,23.0,14.0,20.0,17.0
2013-08-24,23.0,14.0,20.0,17.0
2013-08-25,23.0,14.0,20.0,17.0
2013-08-26,23.0,14.0,20.0,17.0
2013-08-27,23.0,14.0,20.0,17.0
2013-08-28,28.0,14.0,20.0,17.0
2013-08-29,33.0,14.0,20.0,17.0
2013-08-30,38.0,14.0,20.0,17.0
2013-08-31,39.0,14.571428571428573,20.0,17.0
2013-09-01,40.0,15.142857142857142,20.0,17.0
2013-09-02,41.0,15.714285714285715,20.0,17.0
2013-09-03,42.0,16.285714285714285,20.0,17.0
2013-09-04,43.0,16.857142857142858,20.0,17.0
2013-09-05,44.0,17.428571428571427,20.0,17.0
2013-09-06,45.0,18.0,20.0,17.0
2013-09-07,44.81818181818182,18.0,20.0,17.0
2013-09-08,44.63636363636363,18.0,20.0,17.0
2013-09-09,44.45454545454545,18.0,20.0,17.0
2013-09-10,44.27272727272727,18.0,20.0,17.0
2013-09-11,44.09090909090909,18.0,20.0,17.0
2013-09-12,43.90909090909091,18.0,20.0,17.0
2013-09-13,43.72727272727273,18.0,20.0,17.0
2013-09-14,43.54545454545455,18.0,20.0,17.0
2013-09-15,43.36363636363637,18.0,20.0,17.0
2013-09-16,43.18181818181818,18.0,20.0,17.0
2013-09-17,43.0,18.0,20.0,17.0
2013-09-18,43.0,18.0,20.0,17.0
2013-09-19,50.0,18.0,20.0,17.0
2013-09-20,50.0,18.0,20.0,17.0
2013-09-21,51.0,18.5,20.0,17.0
2013-09-22,52.0,19.0,20.0,17.0
2013-09-23,53.0,19.5,20.0,17.0
2013-09-24,54.0,20.0,20.0,17.0
2013-09-25,54.0,20.0,20.0,17.0
2013-09-26,54.0,20.0,20.0,17.0
2013-09-27,54.0,20.0,20.0,17.0
2013-09-28,54.0,20.0,20.0,17.0
2013-09-29,54.0,20.0,20.0,17.0
2013-09-30,54.0,20.0,20.0,17.0
2013-10-01,54.0,20.0,20.0,17.0
2013-10-02,51.0,18.0,20.0,17.0
2013-10-03,48.0,16.0,20.0,17.0
2013-10-04,45.0,14.0,20.0,17.0
2013-10-05,45.0,14.0,20.0,17.0
2013-10-06,45.0,14.0,20.0,17.0
2013-10-07,45.0,14.0,20.0,17.0
2013-10-08,45.0,14.0,20.0,17.0
2013-10-09,45.0,14.0,20.0,17.0
2013-10-10,45.0,14.0,20.0,17.0
2013-10-11,45.0,14.0,20.0,17.0
2013-10-12,44.72727272727273,14.0,20.0,17.0
2013-10-13,44.45454545454545,14.0,20.0,17.0
2013-10-14,44.18181818181818,14.0,20.0,17.0
2013-10-15,43.90909090909091,14.0,20.0,17.0
2013-10-16,43.63636363636363,14.0,20.0,17.0
2013-10-17,43.36363636363637,14.0,20.0,17.0
2013-10-18,43.09090909090909,14.0,20.0,17.0
2013-10-19,42.81818181818182,14.0,20.0,17.0
2013-10-20,42.54545454545455,14.0,20.0,17.0
2013-10-21,42.27272727272727,14.0,20.0,17.0
2013-10-22,42.0,14.0,20.0,17.0
2013-10-23,42.0,14.0,20.0,17.0
2013-10-24,45.0,14.0,20.0,17.0
2013-10-25,55.0,14.0,20.0,17.0
2013-10-26,54.25,14.0,20.0,17.0
2013-10-27,53.5,14.0,20.0,17.0
2013-10-28,52.75,14.0,20.0,17.0
2013-10-29,52.0,14.0,20.0,17.0
2013-10-30,52.0,14.0,20.0,17.0
2013-10-31,50.111111111111114,14.222222222222221,20.0,17.0
2013-11-01,48.22222222222222,14.444444444444445,20.0,17.0
2013-11-02,46.33333333333334,14.666666666666664,20.0,17.0
2013-11-03,44.444444444444436,14.888888888888891,20.0,17.0
2013-11-04,42.555555555555564,15.111111111111109,20.0,17.0
2013-11-05,40.66666666666667,15.333333333333336,20.0,17.0
2013-11-06,38.77777777777778,15.555555555555555,20.0,17.0
2013-11-07,36.888888888888886,15.777777777777779,20.0,17.0
2013-11-08,35.0,16.0,20.0,17.0
2013-11-09,35.0,17.0,20.0,17.0
2013-11-10,35.0,18.0,20.0,17.0
2013-11-11,35.0,19.0,20.0,17.0
2013-11-12,35.0,20.0,20.0,17.0
2013-11-13,35.0,20.0,20.0,17.0
2013-11-14,35.0,20.0,20.0,17.0
2013-11-15,35.0,20.0,20.0,17.0
2013-11-16,35.0,20.0,20.0,17.0
2013-11-17,35.0,20.0,20.0,17.0
2013-11-18,35.0,20.0,20.0,17.0
2013-11-19,35.0,20.0,20.0,17.0
2013-11-20,35.0,20.0,20.0,17.0
2013-11-21,35.0,20.0,20.0,17.0
2013-11-22,35.0,20.0,20.0,17.0
2013-11-23,35.0,20.0,20.0,17.0
2013-11-24,35.0,20.0,20.0,17.0
2013-11-25,35.0,20.0,20.0,17.0
2013-11-26,35.0,20.0,20.0,17.0
2013-11-27,35.0,20.0,20.0,17.0
2013-11-28,35.0,20.0,20.0,17.0
2013-11-29,35.0,20.0,20.0,17.0
2013-11-30,34.285714285714285,20.0,20.0,17.0
2013-12-01,33.57142857142857,20.0,20.0,17.0
2013-12-02,32.857142857142854,20.0,20.0,17.0
2013-12-03,32.142857142857146,20.0,20.0,17.0
2013-12-04,31.42857142857143,20.0,20.0,17.0
2013-12-05,30.714285714285715,20.0,20.0,17.0
2013-12-06,30.0,20.0,20.0,17.0
2013-12-07,30.0,20.0,20.0,17.0
2013-12-08,30.0,20.0,20.0,17.0
2013-12-09,30.0,20.0,20.0,17.0
2013-12-10,30.0,20.0,20.0,17.0
2013-12-11,30.0,20.0,20.0,17.0
2013-12-12,30.0,20.0,20.0,17.0
2013-12-13,30.0,20.0,20.0,17.0
2013-12-14,28.75,20.0,20.0,17.0
2013-12-15,27.5,20.0,20.0,17.0
2013-12-16,26.25,20.0,20.0,17.0
2013-12-17,25.0,20.0,20.0,17.0
2013-12-18,25.0,20.0,20.0,17.0
2013-12-19,25.0,20.0,20.0,17.0
2013-12-20,25.0,20.0,20.0,17.0
2013-12-21,23.75,20.0,20.0,17.0
2013-12-22,22.5,20.0,20.0,17.0
2013-12-23,21.25,20.0,20.0,17.0
2013-12-24,20.0,20.0,20.0,17.0
2013-12-25,19.714285714285715,20.0,20.0,17.0
2013-12-26,19.428571428571427,20.0,20.0,17.0
2013-12-27,19.142857142857142,20.0,20.0,17.0
2013-12-28,18.857142857142858,20.0,20.0,17.0
2013-12-29,18.571428571428573,20.0,20.0,17.0
2013-12-30,18.285714285714285,20.0,20.0,17.0
2013-12-31,18.0,20.0,20.0,17.0
