date,Onion,Potato,Rice
2009-01-01,18.0,5.0,14.0
2009-01-02,18.0,5.0,14.0
2009-01-03,18.0,5.0,14.0
2009-01-04,18.0,5.0,14.0
2009-01-05,18.0,5.0,14.0
2009-01-06,18.0,5.0,14.0
2009-01-07,18.0,5.0,14.0
2009-01-08,18.0,5.0,14.0
2009-01-09,18.0,5.0,14.0
2009-01-10,18.0,5.0,14.0
2009-01-11,18.0,5.0,14.0
2009-01-12,18.0,5.0,14.0
2009-01-13,18.0,5.0,14.0
2009-01-14,18.0,5.0,14.0
2009-01-15,18.0,5.0,14.0
2009-01-16,18.0,5.0,14.0
2009-01-17,18.5,5.0,14.0
2009-01-18,19.0,5.0,14.0
2009-01-19,19.5,5.0,14.0
2009-01-20,20.0,5.0,14.0
2009-01-21,20.0,5.0,14.0
2009-01-22,20.0,5.0,14.0
2009-01-23,20.0,5.0,14.0
2009-01-24,20.0,5.0,14.0
2009-01-25,20.0,5.0,14.0
2009-01-26,20.0,5.0,14.0
2009-01-27,20.0,5.0,14.0
2009-01-28,20.0,5.0,14.0
2009-01-29,18.0,5.0,14.0
2009-01-30,18.0,5.0,14.0
2009-01-31,18.25,5.0,14.0
2009-02-01,18.5,5.0,14.0
2009-02-02,18.75,5.0,14.0
2009-02-03,19.0,5.0,14.0
2009-02-04,18.0,5.0,14.0
2009-02-05,18.0,5.0,14.0
2009-02-06,18.0,5.0,14.0
2009-02-07,18.0,5.0,14.0
2009-02-08,18.0,5.0,14.0
2009-02-09,18.0,5.0,14.0
2009-02-10,18.0,5.0,14.0
2009-02-11,18.0,5.0,14.0
2009-02-12,18.0,5.0,14.0
2009-02-13,16.0,6.0,14.0
2009-02-14,16.0,6.0,14.0
2009-02-15,16.0,6.0,14.0
2009-02-16,16.0,6.0,14.0
2009-02-17,16.0,6.0,14.0
2009-02-18,16.0,6.0,14.0
2009-02-19,16.0,6.0,14.0
2009-02-20,16.0,6.0,14.0
2009-02-21,16.0,6.0,14.0
2009-02-22,16.0,6.0,14.0
2009-02-23,16.0,6.0,14.0
2009-02-24,16.0,6.0,14.0
2009-02-25,16.0,5.0,14.0
2009-02-26,16.0,5.0,14.0
2009-02-27,14.0,4.0,14.0
2009-02-28,14.25,4.0,14.0
2009-03-01,14.5,4.0,14.0
2009-03-02,14.75,4.0,14.0
2009-03-03,15.0,4.0,14.0
2009-03-04,15.0,4.0,14.0
2009-03-05,16.0,7.0,14.0
2009-03-06,16.0,7.0,14.0
2009-03-07,16.0,7.0,14.0
2009-03-08,16.0,7.0,14.0
2009-03-09,16.0,7.0,14.0
2009-03-10,16.0,7.0,14.0
2009-03-11,16.0,7.0,14.0
2009-03-12,16.0,7.0,14.0
2009-03-13,16.0,7.0,14.0
2009-03-14,16.0,7.0,14.0
2009-03-15,16.0,7.0,14.0
2009-03-16,16.0,7.0,14.0
2009-03-17,16.0,7.0,14.0
2009-03-18,16.0,7.0,14.0
2009-03-19,16.0,7.0,14.0
2009-03-20,16.0,8.0,14.0
2009-03-21,16.0,8.25,14.0
2009-03-22,16.0,8.5,14.0
2009-03-23,16.0,8.75,14.0
2009-03-24,16.0,9.0,14.0
2009-03-25,16.0,9.0,14.0
2009-03-26,15.0,9.0,14.0
2009-03-27,14.0,9.0,14.0
2009-03-28,14.0,9.0,14.0
2009-03-29,14.0,9.0,14.0
2009-03-30,14.0,9.0,14.0
2009-03-31,14.0,9.0,14.0
2009-04-01,12.0,9.0,14.0
2009-04-02,14.0,10.0,14.0
2009-04-03,14.0,9.857142857142858,14.0
2009-04-04,14.0,9.714285714285714,14.0
2009-04-05,14.0,9.571428571428571,14.0
2009-04-06,14.0,9.428571428571429,14.0
2009-04-07,14.0,9.285714285714286,14.0
2009-04-08,14.0,9.142857142857142,14.0
2009-04-09,14.0,9.0,14.0
2009-04-10,14.0,9.0,14.0
2009-04-11,14.0,9.0,14.0
2009-04-12,14.0,9.0,14.0
2009-04-13,14.0,9.0,14.0
2009-04-14,14.0,9.0,14.0
2009-04-15,14.0,9.0,14.0
2009-04-16,14.0,9.0,14.0
2009-04-17,14.0,9.0,14.0
2009-04-18,13.5,9.25,14.0
2009-04-19,13.0,9.5,14.0
2009-04-20,12.5,9.75,14.0
2009-04-21,12.0,10.0,14.0
2009-04-22,12.0,10.0,14.0
2009-04-23,12.0,10.0,14.0
2009-04-24,12.0,12.0,14.0
2009-04-25,12.0,12.0,14.0
2009-04-26,12.0,12.0,14.0
2009-04-27,12.0,12.0,14.0
2009-04-28,12.0,12.0,14.0
2009-04-29,12.0,12.0,14.0
2009-04-30,12.0,12.0,14.0
2009-05-01,12.0,12.0,14.0
2009-05-02,12.0,12.0,14.0
2009-05-03,12.0,12.0,14.0
2009-05-04,12.0,12.0,14.0
2009-05-05,12.0,12.0,14.0
2009-05-06,12.0,12.0,14.0
2009-05-07,12.0,12.0,14.0
2009-05-08,12.0,12.0,14.0
2009-05-09,12.0,12.0,14.0
2009-05-10,12.0,12.0,14.0
2009-05-11,12.0,12.0,14.0
2009-05-12,12.0,12.0,14.0
2009-05-13,12.0,12.0,14.0
2009-05-14,12.0,12.0,14.0
2009-05-15,10.0,12.0,14.0
2009-05-16,10.5,12.0,14.0
2009-05-17,11.0,12.0,14.0
2009-05-18,11.5,12.0,14.0
2009-05-19,12.0,12.0,14.0
2009-05-20,10.0,11.0,14.0
2009-05-21,10.0,11.0,14.0
2009-05-22,10.0,11.0,14.0
2009-05-23,10.5,11.0,14.0
2009-05-24,11.0,11.0,14.0
2009-05-25,11.5,11.0,14.0
2009-05-26,12.0,11.0,14.0
2009-05-27,12.0,11.0,14.0
2009-05-28,12.0,13.0,14.0
2009-05-29,12.0,13.0,14.0
2009-05-30,12.0,13.0,14.0
2009-05-31,12.0,13.0,14.0
2009-06-01,12.0,13.0,14.0
2009-06-02,12.0,13.0,14.0
2009-06-03,12.0,13.0,14.0
2009-06-04,12.0,13.0,14.0
2009-06-05,12.0,13.0,14.0
2009-06-06,12.0,13.0,14.0
2009-06-07,12.0,13.0,14.0
2009-06-08,12.0,13.0,14.0
2009-06-09,12.0,13.0,14.0
2009-06-10,13.0,14.0,14.0
2009-06-11,13.0,14.0,14.0
2009-06-12,13.0,14.0,14.0
2009-06-13,13.0,14.0,14.0
2009-06-14,13.0,14.0,14.0
2009-06-15,13.0,14.0,14.0
2009-06-16,13.0,14.0,14.0
2009-06-17,12.0,14.0,14.0
2009-06-18,12.0,14.0,14.0
2009-06-19,12.0,14.0,14.0
2009-06-20,12.0,14.0,14.0
2009-06-21,12.0,14.0,14.0
2009-06-22,12.0,14.0,14.0
2009-06-23,12.0,14.0,14.0
2009-06-24,12.0,14.0,14.0
2009-06-25,12.0,14.0,14.0
2009-06-26,12.0,14.0,14.0
2009-06-27,12.0,14.0,14.0
2009-06-28,12.0,14.0,14.0
2009-06-29,12.0,14.0,14.0
2009-06-30,12.0,14.0,14.0
2009-07-01,12.0,14.0,14.0
2009-07-02,12.0,14.0,14.0
2009-07-03,12.0,14.0,14.0
2009-07-04,12.0,14.0,14.0
2009-07-05,12.0,14.0,14.0
2009-07-06,12.0,14.0,14.0
2009-07-07,12.0,14.0,14.0
2009-07-08,14.0,15.0,14.0
2009-07-09,14.0,15.0,14.0
2009-07-10,14.0,15.0,14.0
2009-07-11,13.5,15.0,14.0
2009-07-12,13.0,15.0,14.0
2009-07-13,12.5,15.0,14.0
2009-07-14,12.0,15.0,14.0
2009-07-15,12.0,15.0,14.0
2009-07-16,14.0,14.0,14.0
2009-07-17,14.0,14.0,14.0
2009-07-18,14.0,14.0,14.0
2009-07-19,14.0,14.0,14.0
2009-07-20,14.0,14.0,14.0
2009-07-21,14.0,14.0,14.0
2009-07-22,14.0,15.0,14.0
2009-07-23,14.0,15.0,14.0
2009-07-24,14.0,15.0,14.0
2009-07-25,14.0,15.0,14.0
2009-07-26,14.0,15.0,14.0
2009-07-27,14.0,15.0,14.0
2009-07-28,14.0,15.0,14.0
2009-07-29,14.0,15.0,14.0
2009-07-30,14.0,15.0,14.0
2009-07-31,14.0,15.0,14.0
2009-08-01,14.0,15.0,14.0
2009-08-02,14.0,15.0,14.0
2009-08-03,14.0,15.0,14.0
2009-08-04,14.0,15.0,14.0
2009-08-05,14.0,15.0,14.0
2009-08-06,14.0,15.0,14.0
2009-08-07,14.0,15.0,14.0
2009-08-08,14.0,15.0,14.0
2009-08-09,14.0,15.0,14.0
2009-08-10,14.0,15.0,14.0
2009-08-11,14.0,15.0,14.0
2009-08-12,14.0,15.0,14.0
2009-08-13,14.0,15.0,14.0
2009-08-14,14.0,15.0,14.0
2009-08-15,14.0,15.0,14.0
2009-08-16,14.0,15.0,14.0
2009-08-17,14.0,15.0,14.0
2009-08-18,14.0,15.0,14.0
2009-08-19,14.0,15.0,14.0
2009-08-20,14.0,15.0,14.0
2009-08-21,14.0,15.0,14.0
2009-08-22,13.5,15.0,14.0
2009-08-23,13.0,15.0,14.0
2009-08-24,12.5,15.0,14.0
2009-08-25,12.0,15.0,14.0
2009-08-26,12.0,15.0,14.0
2009-08-27,12.0,15.0,14.0
2009-08-28,12.0,15.0,14.0
2009-08-29,12.0,15.0,14.0
2009-08-30,12.0,15.0,14.0
2009-08-31,12.0,15.0,14.0
2009-09-01,12.0,15.0,14.0
2009-09-02,12.0,15.0,14.0
2009-09-03,12.0,15.0,14.0
2009-09-04,12.0,18.0,14.0
2009-09-05,12.5,18.0,14.0
2009-09-06,13.0,18.0,14.0
2009-09-07,13.5,18.0,14.0
2009-09-08,14.0,18.0,14.0
2009-09-09,14.0,18.0,14.0
2009-09-10,14.0,18.0,14.0
2009-09-11,14.0,18.0,14.0
2009-09-12,14.0,18.0,14.0
2009-09-13,14.0,18.0,14.0
2009-09-14,14.0,18.0,14.0
2009-09-15,14.0,18.0,14.0
2009-09-16,14.0,18.0,14.0
2009-09-17,14.0,18.0,14.0
2009-09-18,14.0,18.0,14.0
2009-09-19,14.0,18.0,14.0
2009-09-20,14.0,18.0,14.0
2009-09-21,14.0,18.0,14.0
2009-09-22,14.0,18.0,14.0
2009-09-23,14.0,18.0,14.0
2009-09-24,14.0,18.0,14.0
2009-09-25,14.0,18.0,14.0
2009-09-26,14.0,18.0,14.0
2009-09-27,14.0,18.0,14.0
2009-09-28,14.0,18.0,14.0
2009-09-29,14.0,18.0,14.0
2009-09-30,14.0,18.0,14.0
2009-10-01,14.0,18.0,14.0
2009-10-02,14.8,18.4,14.0
2009-10-03,15.6,18.8,14.0
2009-10-04,16.4,19.2,14.0
2009-10-05,17.2,19.6,14.0
2009-10-06,18.0,20.0,14.0
2009-10-07,18.0,20.0,14.0
2009-10-08,22.0,20.0,14.0
2009-10-09,22.0,20.0,14.0
2009-10-10,20.25,20.0,14.0
2009-10-11,18.5,20.0,14.0
2009-10-12,16.75,20.0,14.0
2009-10-13,15.0,20.0,14.0
2009-10-14,24.0,19.0,14.0
2009-10-15,24.0,19.0,14.0
2009-10-16,24.0,19.0,14.0
2009-10-17,24.0,19.25,14.0
2009-10-18,24.0,19.5,14.0
2009-10-19,24.0,19.75,14.0
2009-10-20,24.0,20.0,14.0
2009-10-21,24.0,20.0,14.0
2009-10-22,24.0,20.0,14.0
2009-10-23,25.0,19.0,15.0
2009-10-24,25.75,19.0,15.0
2009-10-25,26.5,19.0,15.0
2009-10-26,27.25,19.0,15.0
2009-10-27,28.0,19.0,15.0
2009-10-28,28.0,19.0,15.0
2009-10-29,28.0,19.0,15.0
2009-10-30,25.0,20.0,14.0
2009-10-31,24.8,20.0,14.2
2009-11-01,24.6,20.0,14.4
2009-11-02,24.4,20.0,14.6
2009-11-03,24.2,20.0,14.8
2009-11-04,24.0,20.0,15.0
2009-11-05,24.0,20.0,15.0
2009-11-06,24.0,20.0,15.0
2009-11-07,24.0,20.0,15.0
2009-11-08,24.0,20.0,15.0
2009-11-09,24.0,20.0,15.0
2009-11-10,24.0,20.0,15.0
2009-11-11,22.0,20.0,14.0
2009-11-12,22.0,20.0,14.0
2009-11-13,20.0,18.0,16.0
2009-11-14,20.0,18.0,15.75
2009-11-15,20.0,18.0,15.5
2009-11-16,20.0,18.0,15.25
2009-11-17,20.0,18.0,15.0
2009-11-18,20.0,18.0,15.0
2009-11-19,20.0,18.0,15.0
2009-11-20,24.0,18.0,15.0
2009-11-21,24.25,18.5,15.0
2009-11-22,24.5,19.0,15.0
2009-11-23,24.75,19.5,15.0
2009-11-24,25.0,20.0,15.0
2009-11-25,27.0,18.0,15.0
2009-11-26,30.0,16.0,15.0
2009-11-27,32.0,16.0,15.0
2009-11-28,32.5,16.0,15.0
2009-11-29,33.0,16.0,15.0
2009-11-30,33.5,16.0,15.0
2009-12-01,34.0,16.0,15.0
2009-12-02,30.0,18.0,15.0
2009-12-03,30.0,18.0,15.0
2009-12-04,28.0,18.0,16.0
2009-12-05,28.0,17.75,15.75
2009-12-06,28.0,17.5,15.5
2009-12-07,28.0,17.25,15.25
2009-12-08,28.0,17.0,15.0
2009-12-09,28.0,17.0,15.0
2009-12-10,28.0,17.0,15.0
2009-12-11,28.0,17.0,15.0
2009-12-12,27.5,17.0,15.0
2009-12-13,27.0,17.0,15.0
2009-12-14,26.5,17.0,15.0
2009-12-15,26.0,17.0,15.0
2009-12-16,22.0,16.0,15.0
2009-12-17,22.0,16.0,15.0
2009-12-18,22.0,16.0,15.0
2009-12-19,21.5,15.5,15.0
2009-12-20,21.0,15.0,15.0
2009-12-21,20.5,14.5,15.0
2009-12-22,20.0,14.0,15.0
2009-12-23,20.0,14.0,15.0
2009-12-24,20.0,14.0,15.0
2009-12-25,20.666666666666668,13.666666666666664,15.5
2009-12-26,21.33333333333333,13.333333333333336,16.0
2009-12-27,22.0,13.0,16.5
2009-12-28,22.66666666666667,12.666666666666664,17.0
2009-12-29,23.33333333333333,12.333333333333336,17.5
2009-12-30,24.0,12.0,18.0
2009-12-31,25.0,10.0,17.0
2010-01-01,25.0,10.0,17.0
2010-01-02,25.0,10.0,17.25
2010-01-03,25.0,10.0,17.5
2010-01-04,25.0,10.0,17.75
2010-01-05,25.0,10.0,18.0
2010-01-06,25.0,10.0,18.0
2010-01-07,25.0,10.0,18.0
2010-01-08,25.0,10.0,18.0
2010-01-09,25.0,10.0,18.0
2010-01-10,25.0,10.0,18.0
2010-01-11,25.0,10.0,18.0
2010-01-12,25.0,10.0,18.0
2010-01-13,25.0,10.0,18.0
2010-01-14,25.0,8.0,18.0
2010-01-15,25.0,8.0,18.0
2010-01-16,24.75,8.0,18.0
2010-01-17,24.5,8.0,18.0
2010-01-18,24.25,8.0,18.0
2010-01-19,24.0,8.0,18.0
2010-01-20,24.0,8.0,18.0
2010-01-21,24.0,8.0,18.0
2010-01-22,24.0,8.0,18.0
2010-01-23,23.66666666666667,7.666666666666668,18.0
2010-01-24,23.33333333333333,7.333333333333332,18.0
2010-01-25,23.0,7.0,18.0
2010-01-26,22.66666666666667,6.666666666666668,18.0
2010-01-27,22.33333333333333,6.333333333333334,18.0
2010-01-28,22.0,6.0,18.0
2010-01-29,24.0,5.0,18.0
2010-01-30,24.5,4.75,18.0
2010-01-31,25.0,4.5,18.0
2010-02-01,25.5,4.25,18.0
2010-02-02,26.0,4.0,18.0
2010-02-03,26.0,4.0,18.0
2010-02-04,26.0,4.0,18.0
2010-02-05,22.0,5.0,18.0
2010-02-06,21.5,5.0,18.0
2010-02-07,21.0,5.0,18.0
2010-02-08,20.5,5.0,18.0
2010-02-09,20.0,5.0,18.0
2010-02-10,20.0,5.0,18.0
2010-02-11,22.0,4.0,18.0
2010-02-12,22.0,4.0,18.0
2010-02-13,22.75,4.25,18.0
2010-02-14,23.5,4.5,18.0
2010-02-15,24.25,4.75,18.0
2010-02-16,25.0,5.0,18.0
2010-02-17,22.0,4.0,18.0
2010-02-18,22.0,4.0,18.0
2010-02-19,20.0,4.0,18.0
2010-02-20,20.0,4.0,18.0
2010-02-21,20.0,4.0,18.0
2010-02-22,20.0,4.0,18.0
2010-02-23,20.0,4.0,18.0
2010-02-24,18.0,4.0,18.0
2010-02-25,18.0,4.0,18.0
2010-02-26,16.0,4.0,18.0
2010-02-27,15.8,4.0,18.0
2010-02-28,15.6,4.0,18.0
2010-03-01,15.4,4.0,18.0
2010-03-02,15.2,4.0,18.0
2010-03-03,15.0,4.0,18.0
2010-03-04,15.0,4.0,17.0
2010-03-05,15.0,4.0,17.0
2010-03-06,14.25,4.0,17.25
2010-03-07,13.5,4.0,17.5
2010-03-08,12.75,4.0,17.75
2010-03-09,12.0,4.0,18.0
2010-03-10,12.0,4.0,18.0
2010-03-11,12.0,3.0,17.0
2010-03-12,12.0,3.0,17.0
2010-03-13,11.818181818181818,3.0,17.0
2010-03-14,11.636363636363635,3.0,17.0
2010-03-15,11.454545454545455,3.0,17.0
2010-03-16,11.272727272727273,3.0,17.0
2010-03-17,11.09090909090909,3.0,17.0
2010-03-18,10.90909090909091,3.0,17.0
2010-03-19,10.727272727272727,3.0,17.0
2010-03-20,10.545454545454543,3.0,17.0
2010-03-21,10.363636363636363,3.0,17.0
2010-03-22,10.181818181818182,3.0,17.0
2010-03-23,10.0,3.0,17.0
2010-03-24,10.0,3.0,17.333333333333332
2010-03-25,10.0,3.0,17.666666666666668
2010-03-26,10.0,3.0,18.0
2010-03-27,10.0,3.0,18.0
2010-03-28,10.0,3.0,18.0
2010-03-29,10.0,3.0,18.0
2010-03-30,10.0,3.0,18.0
2010-03-31,8.0,4.0,18.0
2010-04-01,8.0,4.0,18.0
2010-04-02,8.0,4.0,18.0
2010-04-03,8.0,4.0,18.0
2010-04-04,8.0,4.0,18.0
2010-04-05,8.0,4.0,18.0
2010-04-06,8.0,4.0,18.0
2010-04-07,10.0,4.0,17.0
2010-04-08,8.0,4.0,17.0
2010-04-09,8.0,4.0,17.0
2010-04-10,8.0,4.0,17.25
2010-04-11,8.0,4.0,17.5
2010-04-12,8.0,4.0,17.75
2010-04-13,8.0,4.0,18.0
2010-04-14,8.0,4.0,18.0
2010-04-15,8.0,4.0,18.0
2010-04-16,8.0,4.0,18.0
2010-04-17,8.0,4.0,18.0
2010-04-18,8.0,4.0,18.0
2010-04-19,8.0,4.0,18.0
2010-04-20,8.0,4.0,18.0
2010-04-21,8.0,4.0,18.0
2010-04-22,8.0,4.0,18.0
2010-04-23,8.0,4.0,18.0
2010-04-24,8.0,4.0,18.0
2010-04-25,8.0,4.0,18.0
2010-04-26,8.0,4.0,18.0
2010-04-27,8.0,4.0,18.0
2010-04-28,8.0,4.0,18.0
2010-04-29,8.0,4.0,18.0
2010-04-30,8.0,5.0,18.0
2010-05-01,8.333333333333334,5.166666666666667,18.0
2010-05-02,8.666666666666666,5.333333333333333,18.0
2010-05-03,9.0,5.5,18.0
2010-05-04,9.333333333333334,5.666666666666668,18.0
2010-05-05,9.666666666666666,5.833333333333332,18.0
2010-05-06,10.0,6.0,18.0
2010-05-07,10.0,7.0,18.0
2010-05-08,10.0,6.75,18.0
2010-05-09,10.0,6.5,18.0
2010-05-10,10.0,6.25,18.0
2010-05-11,10.0,6.0,18.0
2010-05-12,10.0,6.0,18.0
2010-05-13,10.0,6.0,18.0
2010-05-14,10.0,6.0,18.0
2010-05-15,10.0,6.0,18.0
2010-05-16,10.0,6.0,18.0
2010-05-17,10.0,6.0,18.0
2010-05-18,10.0,6.0,18.0
2010-05-19,10.0,6.0,18.0
2010-05-20,10.0,6.0,18.0
2010-05-21,10.0,6.0,18.0
2010-05-22,10.0,5.75,18.0
2010-05-23,10.0,5.5,18.0
2010-05-24,10.0,5.25,18.0
2010-05-25,10.0,5.0,18.0
2010-05-26,10.0,5.0,18.0
2010-05-27,10.166666666666666,5.166666666666667,18.0
2010-05-28,10.333333333333334,5.333333333333333,18.0
2010-05-29,10.5,5.5,18.0
2010-05-30,10.666666666666666,5.666666666666668,18.0
2010-05-31,10.833333333333336,5.833333333333332,18.0
2010-06-01,11.0,6.0,18.0
2010-06-02,11.0,6.0,18.0
2010-06-03,10.0,6.0,18.0
2010-06-04,10.0,6.0,18.0
2010-06-05,10.5,6.0,18.0
2010-06-06,11.0,6.0,18.0
2010-06-07,11.5,6.0,18.0
2010-06-08,12.0,6.0,18.0
2010-06-09,10.0,6.0,18.0
2010-06-10,10.0,6.0,18.0
2010-06-11,12.0,6.0,18.0
2010-06-12,12.0,6.0,18.0
2010-06-13,12.0,6.0,18.0
2010-06-14,12.0,6.0,18.0
2010-06-15,12.0,6.0,18.0
2010-06-16,12.0,6.0,18.0
2010-06-17,12.0,6.0,18.0
2010-06-18,12.0,6.0,18.0
2010-06-19,12.0,6.0,18.25
2010-06-20,12.0,6.0,18.5
2010-06-21,12.0,6.0,18.75
2010-06-22,12.0,6.0,19.0
2010-06-23,12.0,6.0,19.0
2010-06-24,12.0,6.0,19.0
2010-06-25,10.0,6.0,19.0
2010-06-26,10.0,6.0,19.0
2010-06-27,10.0,6.0,19.0
2010-06-28,10.0,6.0,19.0
2010-06-29,10.0,6.0,19.0
2010-06-30,11.0,6.0,19.0
2010-07-01,12.0,6.0,19.0
2010-07-02,12.0,6.0,19.0
2010-07-03,12.0,6.0,19.0
2010-07-04,12.0,6.0,19.0
2010-07-05,12.0,6.0,19.0
2010-07-06,12.0,6.0,19.0
2010-07-07,13.0,6.0,19.0
2010-07-08,13.0,6.0,19.0
2010-07-09,12.0,6.0,19.0
2010-07-10,12.25,6.0,19.25
2010-07-11,12.5,6.0,19.5
2010-07-12,12.75,6.0,19.75
2010-07-13,13.0,6.0,20.0
2010-07-14,13.0,6.0,20.0
2010-07-15,13.0,6.0,20.0
2010-07-16,13.0,6.0,20.0
2010-07-17,13.0,6.0,20.0
2010-07-18,13.0,6.0,20.0
2010-07-19,13.0,6.0,20.0
2010-07-20,13.0,6.0,20.0
2010-07-21,12.0,6.0,20.0
2010-07-22,12.0,6.0,20.0
2010-07-23,12.0,6.0,20.0
2010-07-24,12.25,6.0,20.0
2010-07-25,12.5,6.0,20.0
2010-07-26,12.75,6.0,20.0
2010-07-27,13.0,6.0,20.0
2010-07-28,13.0,6.0,20.0
2010-07-29,13.0,6.0,20.0
2010-07-30,13.0,6.0,20.0
2010-07-31,13.0,6.0,20.0
2010-08-01,13.0,6.0,20.0
2010-08-02,13.0,6.0,20.0
2010-08-03,13.0,6.0,20.0
2010-08-04,13.0,6.0,20.0
2010-08-05,13.0,6.0,20.0
2010-08-06,13.0,6.0,20.0
2010-08-07,13.25,6.0,20.0
2010-08-08,13.5,6.0,20.0
2010-08-09,13.75,6.0,20.0
2010-08-10,14.0,6.0,20.0
2010-08-11,14.0,6.0,20.0
2010-08-12,14.0,6.0,20.0
2010-08-13,15.0,6.0,20.0
2010-08-14,15.0,6.0,20.0
2010-08-15,15.0,6.0,20.0
2010-08-16,15.0,6.0,20.0
2010-08-17,15.0,6.0,20.0
2010-08-18,14.0,6.0,20.0
2010-08-19,15.0,6.0,20.0
2010-08-20,15.0,6.0,20.0
2010-08-21,15.0,6.0,20.0
2010-08-22,15.0,6.0,20.0
2010-08-23,15.0,6.0,20.0
2010-08-24,15.0,6.0,20.0
2010-08-25,14.0,6.0,20.0
2010-08-26,14.0,6.0,20.0
2010-08-27,14.0,6.0,20.0
2010-08-28,14.5,6.25,20.0
2010-08-29,15.0,6.5,20.0
2010-08-30,15.5,6.75,20.0
2010-08-31,16.0,7.0,20.0
2010-09-01,16.0,7.0,20.0
2010-09-02,15.833333333333336,7.0,20.0
2010-09-03,15.666666666666664,7.0,20.0
2010-09-04,15.5,7.0,20.0
2010-09-05,15.333333333333336,7.0,20.0
2010-09-06,15.166666666666664,7.0,20.0
2010-09-07,15.0,7.0,20.0
2010-09-08,15.0,7.0,20.0
2010-09-09,16.0,7.0,20.0
2010-09-10,16.0,7.0,20.0
2010-09-11,16.666666666666668,7.0,20.0
2010-09-12,17.333333333333332,7.0,20.0
2010-09-13,18.0,7.0,20.0
2010-09-14,18.666666666666668,7.0,20.0
2010-09-15,19.33333333333333,7.0,20.0
2010-09-16,20.0,7.0,20.0
2010-09-17,18.0,8.0,20.0
2010-09-18,19.5,8.0,20.5
2010-09-19,21.0,8.0,21.0
2010-09-20,22.5,8.0,21.5
2010-09-21,24.0,8.0,22.0
2010-09-22,22.0,8.0,22.0
2010-09-23,24.0,8.0,22.0
2010-09-24,24.0,8.0,22.0
2010-09-25,24.0,8.5,21.5
2010-09-26,24.0,9.0,21.0
2010-09-27,24.0,9.5,20.5
2010-09-28,24.0,10.0,20.0
2010-09-29,24.0,10.0,20.0
2010-09-30,24.0,10.0,20.0
2010-10-01,24.0,10.0,20.0
2010-10-02,24.0,9.75,20.0
2010-10-03,24.0,9.5,20.0
2010-10-04,24.0,9.25,20.0
2010-10-05,24.0,9.0,20.0
2010-10-06,24.0,9.0,20.0
2010-10-07,24.0,9.0,20.0
2010-10-08,24.0,9.0,20.0
2010-10-09,24.0,9.0,20.0
2010-10-10,24.0,9.0,20.0
2010-10-11,24.0,9.0,20.0
2010-10-12,24.0,9.0,20.0
2010-10-13,24.0,9.0,20.0
2010-10-14,24.0,9.0,20.166666666666668
2010-10-15,24.0,9.0,20.33333333333333
2010-10-16,24.0,9.0,20.5
2010-10-17,24.0,9.0,20.666666666666668
2010-10-18,24.0,9.0,20.83333333333333
2010-10-19,24.0,9.0,21.0
2010-10-20,24.0,9.0,20.0
2010-10-21,24.0,9.0,20.0
2010-10-22,24.0,9.0,20.0
2010-10-23,24.0,9.25,20.25
2010-10-24,24.0,9.5,20.5
2010-10-25,24.0,9.75,20.75
2010-10-26,24.0,10.0,21.0
2010-10-27,24.0,10.0,21.0
2010-10-28,24.0,9.0,20.0
2010-10-29,24.0,9.0,20.0
2010-10-30,24.0,9.0,20.0
2010-10-31,24.0,9.0,20.0
2010-11-01,24.0,9.0,20.0
2010-11-02,24.0,9.0,20.0
2010-11-03,22.0,9.0,20.0
2010-11-04,22.0,8.0,20.0
2010-11-05,22.0,8.0,20.0
2010-11-06,22.0,8.0,20.0
2010-11-07,22.0,8.0,20.0
2010-11-08,22.0,8.0,20.0
2010-11-09,22.0,8.0,20.0
2010-11-10,24.0,9.0,19.0
2010-11-11,24.0,9.0,19.0
2010-11-12,28.0,8.0,20.0
2010-11-13,29.75,8.25,20.0
2010-11-14,31.5,8.5,20.0
2010-11-15,33.25,8.75,20.0
2010-11-16,35.0,9.0,20.0
2010-11-17,35.333333333333336,9.0,20.0
2010-11-18,35.666666666666664,9.0,20.0
2010-11-19,36.0,9.0,20.0
2010-11-20,35.0,9.0,20.0
2010-11-21,34.0,9.0,20.0
2010-11-22,33.0,9.0,20.0
2010-11-23,32.0,9.0,20.0
2010-11-24,35.0,9.0,20.0
2010-11-25,34.0,9.0,20.0
2010-11-26,35.0,9.0,20.0
2010-11-27,34.75,9.0,20.0
2010-11-28,34.5,9.0,20.0
2010-11-29,34.25,9.0,20.0
2010-11-30,34.0,9.0,20.0
2010-12-01,34.0,9.0,20.0
2010-12-02,32.0,9.0,20.0
2010-12-03,32.0,9.0,20.0
2010-12-04,32.75,9.0,20.0
2010-12-05,33.5,9.0,20.0
2010-12-06,34.25,9.0,20.0
2010-12-07,35.0,9.0,20.0
2010-12-08,35.0,9.0,20.0
2010-12-09,35.0,9.0,20.0
2010-12-10,35.0,9.0,20.0
2010-12-11,35.75,9.0,20.0
2010-12-12,36.5,9.0,20.0
2010-12-13,37.25,9.0,20.0
2010-12-14,38.0,9.0,20.0
2010-12-15,36.0,9.0,20.0
2010-12-16,35.0,9.0,20.0
2010-12-17,37.0,9.0,20.0
2010-12-18,39.0,9.0,20.0
2010-12-19,41.0,9.0,20.0
2010-12-20,43.0,9.0,20.0
2010-12-21,45.0,9.0,20.0
2010-12-22,55.0,9.0,20.0
2010-12-23,50.0,8.0,20.0
2010-12-24,50.0,8.0,20.0
2010-12-25,49.16666666666666,8.0,20.0
2010-12-26,48.33333333333334,8.0,20.0
2010-12-27,47.5,8.0,20.0
2010-12-28,46.66666666666666,8.0,20.0
2010-12-29,45.83333333333334,9.0,20.0
2010-12-30,45.0,8.0,20.0
2010-12-31,40.0,8.0,20.0
2011-01-01,41.25,8.0,20.0
2011-01-02,42.5,8.0,20.0
2011-01-03,43.75,8.0,20.0
2011-01-04,45.0,8.0,20.0
2011-01-05,50.0,8.0,20.33333333333333
2011-01-06,55.0,8.0,20.666666666666668
2011-01-07,60.0,8.0,21.0
2011-01-08,56.25,8.0,21.0
2011-01-09,52.5,8.0,21.0
2011-01-10,48.75,8.0,21.0
2011-01-11,45.0,8.0,21.0
2011-01-12,48.0,8.0,20.0
2011-01-13,48.0,8.0,20.0
2011-01-14,50.0,7.0,22.0
2011-01-15,47.5,6.75,22.0
2011-01-16,45.0,6.5,22.0
2011-01-17,42.5,6.25,22.0
2011-01-18,40.0,6.0,22.0
2011-01-19,40.0,6.0,22.0
2011-01-20,40.0,6.0,22.0
2011-01-21,40.0,5.0,22.0
2011-01-22,40.0,5.25,22.0
2011-01-23,40.0,5.5,22.0
2011-01-24,40.0,5.75,22.0
2011-01-25,40.0,6.0,22.0
2011-01-26,36.66666666666666,5.666666666666668,22.0
2011-01-27,33.333333333333336,5.333333333333333,22.0
2011-01-28,30.0,5.0,22.0
2011-01-29,28.75,5.0,21.5
2011-01-30,27.5,5.0,21.0
2011-01-31,26.25,5.0,20.5
2011-02-01,25.0,5.0,20.0
2011-02-02,25.0,5.0,20.0
2011-02-03,20.0,5.0,20.0
2011-02-04,20.0,5.0,20.0
2011-02-05,20.5,5.0,20.0
2011-02-06,21.0,5.0,20.0
2011-02-07,21.5,5.0,20.0
2011-02-08,22.0,5.0,20.0
2011-02-09,24.0,5.0,22.0
2011-02-10,22.0,5.0,22.0
2011-02-11,20.0,5.0,22.0
2011-02-12,18.75,5.0,21.5
2011-02-13,17.5,5.0,21.0
2011-02-14,16.25,5.0,20.5
2011-02-15,15.0,5.0,20.0
2011-02-16,15.0,4.666666666666667,20.33333333333333
2011-02-17,15.0,4.333333333333333,20.666666666666668
2011-02-18,15.0,4.0,21.0
2011-02-19,14.25,4.0,21.0
2011-02-20,13.5,4.0,21.0
2011-02-21,12.75,4.0,21.0
2011-02-22,12.0,4.0,21.0
2011-02-23,12.0,4.0,22.0
2011-02-24,12.0,5.0,21.0
2011-02-25,12.0,4.0,20.0
2011-02-26,12.0,4.25,20.0
2011-02-27,12.0,4.5,20.0
2011-02-28,12.0,4.75,20.0
2011-03-01,12.0,5.0,20.0
2011-03-02,12.0,5.333333333333333,19.666666666666668
2011-03-03,12.0,5.666666666666668,19.33333333333333
2011-03-04,12.0,6.0,19.0
2011-03-05,11.5,6.0,19.75
2011-03-06,11.0,6.0,20.5
2011-03-07,10.5,6.0,21.25
2011-03-08,10.0,6.0,22.0
2011-03-09,10.0,6.0,22.0
2011-03-10,10.0,6.0,20.0
2011-03-11,10.0,7.0,21.0
2011-03-12,10.0,6.75,20.75
2011-03-13,10.0,6.5,20.5
2011-03-14,10.0,6.25,20.25
2011-03-15,10.0,6.0,20.0
2011-03-16,10.0,6.0,20.0
2011-03-17,10.0,6.0,21.0
2011-03-18,10.0,6.0,21.0
2011-03-19,10.0,6.0,21.0
2011-03-20,10.0,6.0,21.0
2011-03-21,10.0,6.0,21.0
2011-03-22,10.0,6.0,21.0
2011-03-23,10.0,6.0,21.0
2011-03-24,10.0,6.0,21.0
2011-03-25,10.0,6.0,21.0
2011-03-26,9.75,6.0,21.0
2011-03-27,9.5,6.0,21.0
2011-03-28,9.25,6.0,21.0
2011-03-29,9.0,6.0,21.0
2011-03-30,9.0,6.0,21.0
2011-03-31,9.0,6.0,21.0
2011-04-01,9.0,6.0,21.0
2011-04-02,9.0,6.0,20.75
2011-04-03,9.0,6.0,20.5
2011-04-04,9.0,6.0,20.25
2011-04-05,9.0,6.0,20.0
2011-04-06,9.0,6.0,20.0
2011-04-07,9.0,6.0,20.0
2011-04-08,9.0,6.0,20.0
2011-04-09,9.0,6.0,20.181818181818183
2011-04-10,9.0,6.0,20.363636363636363
2011-04-11,9.0,6.0,20.545454545454547
2011-04-12,9.0,6.0,20.727272727272727
2011-04-13,9.0,6.0,20.90909090909091
2011-04-14,9.0,6.0,21.09090909090909
2011-04-15,9.0,6.0,21.272727272727273
2011-04-16,9.0,6.0,21.454545454545453
2011-04-17,9.0,6.0,21.63636363636364
2011-04-18,9.0,6.0,21.81818181818182
2011-04-19,9.0,6.0,22.0
2011-04-20,9.0,6.0,21.0
2011-04-21,9.0,6.0,21.0
2011-04-22,8.8,6.2,20.6
2011-04-23,8.6,6.4,20.2
2011-04-24,8.4,6.6,19.8
2011-04-25,8.2,6.8,19.4
2011-04-26,8.0,7.0,19.0
2011-04-27,8.0,7.0,19.0
2011-04-28,9.0,7.0,20.0
2011-04-29,9.0,7.0,21.0
2011-04-30,9.0,7.0,21.0
2011-05-01,9.0,7.0,21.0
2011-05-02,9.0,7.0,21.0
2011-05-03,9.0,7.0,21.0
2011-05-04,10.0,7.0,21.0
2011-05-05,10.0,7.0,21.0
2011-05-06,8.0,7.0,21.0
2011-05-07,8.0,7.0,20.75
2011-05-08,8.0,7.0,20.5
2011-05-09,8.0,7.0,20.25
2011-05-10,8.0,7.0,20.0
2011-05-11,10.0,8.0,21.0
2011-05-12,10.0,8.0,20.0
2011-05-13,10.0,8.0,20.0
2011-05-14,10.0,8.0,19.83333333333333
2011-05-15,10.0,8.0,19.666666666666668
2011-05-16,10.0,8.0,19.5
2011-05-17,10.0,8.0,19.33333333333333
2011-05-18,10.0,8.0,19.166666666666668
2011-05-19,10.0,8.0,19.0
2011-05-20,10.0,8.0,19.0
2011-05-21,10.0,8.0,18.75
2011-05-22,10.0,8.0,18.5
2011-05-23,10.0,8.0,18.25
2011-05-24,10.0,8.0,18.0
2011-05-25,10.0,8.0,18.0
2011-05-26,10.0,8.0,18.0
2011-05-27,10.0,8.0,18.0
2011-05-28,10.0,8.0,18.5
2011-05-29,10.0,8.0,19.0
2011-05-30,10.0,8.0,19.5
2011-05-31,10.0,8.0,20.0
2011-06-01,10.0,8.0,20.0
2011-06-02,10.0,8.0,20.0
2011-06-03,10.0,8.0,20.0
2011-06-04,10.0,8.0,20.0
2011-06-05,10.0,8.0,20.0
2011-06-06,10.0,8.0,20.0
2011-06-07,10.0,8.0,20.0
2011-06-08,10.0,8.0,22.0
2011-06-09,10.0,8.0,22.0
2011-06-10,10.0,8.0,22.0
2011-06-11,10.0,8.0,22.0
2011-06-12,10.0,8.0,22.0
2011-06-13,10.0,8.0,22.0
2011-06-14,10.0,8.0,22.0
2011-06-15,10.0,8.0,22.0
2011-06-16,12.0,8.0,21.0
2011-06-17,12.0,8.0,21.0
2011-06-18,12.0,8.0,21.0
2011-06-19,12.0,8.0,21.0
2011-06-20,12.0,8.0,21.0
2011-06-21,12.0,8.0,21.0
2011-06-22,12.0,9.0,22.0
2011-06-23,12.0,9.0,22.0
2011-06-24,12.0,9.0,22.0
2011-06-25,12.0,9.0,22.0
2011-06-26,12.0,9.0,22.0
2011-06-27,12.0,9.0,22.0
2011-06-28,12.0,9.0,22.0
2011-06-29,12.0,9.0,22.0
2011-06-30,14.0,8.0,21.0
2011-07-01,14.0,8.0,21.0
2011-07-02,14.0,8.0,21.0
2011-07-03,14.0,8.0,21.0
2011-07-04,14.0,8.0,21.0
2011-07-05,14.0,8.0,21.0
2011-07-06,14.0,8.0,21.0
2011-07-07,14.0,8.0,21.0
2011-07-08,14.0,8.0,21.0
2011-07-09,14.0,8.0,21.0
2011-07-10,14.0,8.0,21.0
2011-07-11,14.0,8.0,21.0
2011-07-12,14.0,8.0,21.0
2011-07-13,14.0,8.0,21.0
2011-07-14,14.0,8.0,21.0
2011-07-15,14.0,8.0,21.0
2011-07-16,14.0,8.0,21.0
2011-07-17,14.0,8.0,21.0
2011-07-18,14.0,8.0,21.0
2011-07-19,14.0,8.0,21.0
2011-07-20,14.0,8.0,21.0
2011-07-21,14.0,8.0,21.0
2011-07-22,14.0,8.0,21.0
2011-07-23,14.0,8.0,21.0
2011-07-24,14.0,8.0,21.0
2011-07-25,14.0,8.0,21.0
2011-07-26,14.0,8.0,21.0
2011-07-27,14.0,8.0,21.0
2011-07-28,14.0,8.0,21.0
2011-07-29,14.0,8.0,21.0
2011-07-30,14.0,8.0,21.0
2011-07-31,14.0,8.0,21.0
2011-08-01,14.0,8.0,21.0
2011-08-02,14.0,8.0,21.0
2011-08-03,14.0,8.0,21.0
2011-08-04,14.0,8.0,21.0
2011-08-05,14.0,8.0,21.0
2011-08-06,14.0,8.0,21.0
2011-08-07,14.0,8.0,21.0
2011-08-08,14.0,8.0,21.0
2011-08-09,14.0,8.0,21.0
2011-08-10,14.0,8.0,21.0
2011-08-11,14.0,8.0,21.0
2011-08-12,14.0,8.0,21.0
2011-08-13,14.0,8.0,21.0
2011-08-14,14.0,8.0,21.0
2011-08-15,14.0,8.0,21.0
2011-08-16,14.0,8.0,21.0
2011-08-17,14.0,8.0,21.0
2011-08-18,14.0,8.0,21.0
2011-08-19,14.0,8.0,21.0
2011-08-20,14.0,8.0,21.0
2011-08-21,14.0,8.0,21.0
2011-08-22,14.0,8.0,21.0
2011-08-23,14.0,8.0,21.0
2011-08-24,14.0,8.0,21.0
2011-08-25,14.0,8.0,21.0
2011-08-26,14.0,8.0,21.0
2011-08-27,14.0,8.0,21.0
2011-08-28,14.0,8.0,21.0
2011-08-29,14.0,8.0,21.0
2011-08-30,14.0,8.0,21.0
2011-08-31,14.0,8.0,21.0
2011-09-01,14.0,8.0,21.0
2011-09-02,14.0,8.0,21.0
2011-09-03,14.0,8.0,21.0
2011-09-04,14.0,8.0,21.0
2011-09-05,14.0,8.0,21.0
2011-09-06,14.0,8.0,21.0
2011-09-07,14.0,8.0,21.0
2011-09-08,20.0,8.0,21.0
2011-09-09,22.0,8.0,21.0
2011-09-10,21.5,8.0,20.75
2011-09-11,21.0,8.0,20.5
2011-09-12,20.5,8.0,20.25
2011-09-13,20.0,8.0,20.0
2011-09-14,18.0,8.0,20.0
2011-09-15,20.0,8.0,20.0
2011-09-16,20.0,8.0,20.0
2011-09-17,20.0,8.0,20.0
2011-09-18,20.0,8.0,20.0
2011-09-19,20.0,8.0,20.0
2011-09-20,20.0,8.0,20.0
2011-09-21,20.0,8.0,20.0
2011-09-22,20.0,8.0,20.0
2011-09-23,20.0,8.0,20.0
2011-09-24,20.33333333333333,8.0,20.0
2011-09-25,20.666666666666668,8.0,20.0
2011-09-26,21.0,8.0,20.0
2011-09-27,21.33333333333333,8.0,20.0
2011-09-28,21.66666666666667,8.0,20.0
2011-09-29,22.0,8.0,20.0
2011-09-30,20.0,8.0,20.0
2011-10-01,20.0,8.0,20.0
2011-10-02,20.0,8.0,20.0
2011-10-03,20.0,8.0,20.0
2011-10-04,20.0,8.0,20.0
2011-10-05,20.0,8.0,20.0
2011-10-06,20.0,8.0,20.0
2011-10-07,20.0,8.0,20.0
2011-10-08,20.0,8.0,20.0
2011-10-09,20.0,8.0,20.0
2011-10-10,20.0,8.0,20.0
2011-10-11,20.0,8.0,20.0
2011-10-12,20.0,8.0,20.0
2011-10-13,20.0,8.0,20.0
2011-10-14,18.0,8.0,20.0
2011-10-15,18.0,8.0,20.0
2011-10-16,18.0,8.0,20.0
2011-10-17,18.0,8.0,20.0
2011-10-18,18.0,8.0,20.0
2011-10-19,18.0,8.0,20.0
2011-10-20,16.0,8.0,20.0
2011-10-21,18.0,8.0,20.0
2011-10-22,18.0,8.0,20.0
2011-10-23,18.0,8.0,20.0
2011-10-24,18.0,8.0,20.0
2011-10-25,18.0,8.0,20.0
2011-10-26,18.0,8.0,20.0
2011-10-27,18.0,8.0,20.0
2011-10-28,18.0,8.0,20.0
2011-10-29,18.0,8.0,20.0
2011-10-30,18.0,8.0,20.0
2011-10-31,18.0,8.0,20.0
2011-11-01,18.0,8.0,20.0
2011-11-02,18.0,8.0,20.0
2011-11-03,18.0,8.0,20.0
2011-11-04,18.0,8.0,20.0
2011-11-05,18.0,7.8,20.0
2011-11-06,18.0,7.6,20.0
2011-11-07,18.0,7.4,20.0
2011-11-08,18.0,7.2,20.0
2011-11-09,18.0,7.0,20.0
2011-11-10,17.666666666666668,7.0,20.0
2011-11-11,17.333333333333332,7.0,20.0
2011-11-12,17.0,7.0,20.0
2011-11-13,16.666666666666668,7.0,20.0
2011-11-14,16.333333333333332,7.0,20.0
2011-11-15,16.0,7.0,20.0
2011-11-16,16.0,7.0,20.0
2011-11-17,16.0,7.0,20.0
2011-11-18,16.0,7.0,20.0
2011-11-19,16.0,7.2,20.0
2011-11-20,16.0,7.4,20.0
2011-11-21,16.0,7.6,20.0
2011-11-22,16.0,7.8,20.0
2011-11-23,16.0,8.0,20.0
2011-11-24,16.0,8.0,20.0
2011-11-25,16.0,8.0,20.0
2011-11-26,16.0,8.0,20.0
2011-11-27,16.0,8.0,20.0
2011-11-28,16.0,8.0,20.0
2011-11-29,16.0,8.0,20.0
2011-11-30,16.0,8.0,20.0
2011-12-01,16.0,8.0,20.0
2011-12-02,16.0,8.0,20.0
2011-12-03,16.0,8.0,20.0
2011-12-04,16.0,8.0,20.0
2011-12-05,16.0,8.0,20.0
2011-12-06,16.0,8.0,20.0
2011-12-07,16.0,8.0,20.0
2011-12-08,16.0,8.0,20.0
2011-12-09,16.0,8.0,20.0
2011-12-10,16.0,7.5,20.0
2011-12-11,16.0,7.0,20.0
2011-12-12,16.0,6.5,20.0
2011-12-13,16.0,6.0,20.0
2011-12-14,16.0,6.0,20.0
2011-12-15,16.0,6.0,20.0
2011-12-16,16.0,6.0,19.0
2011-12-17,15.0,5.75,19.25
2011-12-18,14.0,5.5,19.5
2011-12-19,13.0,5.25,19.75
2011-12-20,12.0,5.0,20.0
2011-12-21,14.0,5.0,20.0
2011-12-22,14.0,5.0,20.0
2011-12-23,14.0,6.0,19.0
2011-12-24,14.0,6.0,19.0
2011-12-25,14.0,6.0,19.0
2011-12-26,14.0,6.0,19.0
2011-12-27,14.0,6.0,19.0
2011-12-28,14.0,6.0,19.0
2011-12-29,14.0,6.0,19.0
2011-12-30,12.0,6.0,19.0
2011-12-31,12.0,6.0,19.0
2012-01-01,12.0,6.0,19.0
2012-01-02,12.0,6.0,19.0
2012-01-03,12.0,6.0,19.0
2012-01-04,12.0,5.666666666666668,19.0
2012-01-05,12.0,5.333333333333333,19.0
2012-01-06,12.0,5.0,19.0
2012-01-07,11.5,5.0,19.0
2012-01-08,11.0,5.0,19.0
2012-01-09,10.5,5.0,19.0
2012-01-10,10.0,5.0,19.0
2012-01-11,12.0,5.0,19.0
2012-01-12,12.0,5.0,19.0
2012-01-13,12.0,5.0,19.0
2012-01-14,12.0,5.0,19.0
2012-01-15,12.0,5.0,19.0
2012-01-16,12.0,5.0,19.0
2012-01-17,12.0,5.0,19.0
2012-01-18,12.0,5.0,19.0
2012-01-19,12.0,5.0,19.0
2012-01-20,12.0,5.0,19.0
2012-01-21,12.0,5.0,19.0
2012-01-22,12.0,5.0,19.0
2012-01-23,12.0,5.0,19.0
2012-01-24,12.0,5.0,19.0
2012-01-25,12.0,5.0,19.0
2012-01-26,11.666666666666664,5.0,19.0
2012-01-27,11.333333333333336,5.0,19.0
2012-01-28,11.0,5.0,19.0
2012-01-29,10.666666666666666,5.0,19.0
2012-01-30,10.333333333333334,5.0,19.0
2012-01-31,10.0,5.0,19.0
2012-02-01,10.0,5.0,19.0
2012-02-02,10.0,5.0,19.0
2012-02-03,10.0,5.0,19.0
2012-02-04,10.0,5.5,19.0
2012-02-05,10.0,6.0,19.0
2012-02-06,10.0,6.5,19.0
2012-02-07,10.0,7.0,19.0
2012-02-08,10.0,7.0,19.0
2012-02-09,10.0,7.0,19.0
2012-02-10,10.0,7.0,19.0
2012-02-11,10.0,7.0,19.0
2012-02-12,10.0,7.0,19.0
2012-02-13,10.0,7.0,19.0
2012-02-14,10.0,7.0,19.0
2012-02-15,10.0,7.0,19.0
2012-02-16,10.0,7.0,19.0
2012-02-17,10.0,6.833333333333332,19.0
2012-02-18,10.0,6.666666666666668,19.0
2012-02-19,10.0,6.5,19.0
2012-02-20,10.0,6.333333333333332,19.0
2012-02-21,10.0,6.166666666666668,19.0
2012-02-22,10.0,6.0,19.0
2012-02-23,10.0,6.0,19.0
2012-02-24,10.0,6.0,19.0
2012-02-25,10.5,6.0,19.0
2012-02-26,11.0,6.0,19.0
2012-02-27,11.5,6.0,19.0
2012-02-28,12.0,6.0,19.0
2012-02-29,12.0,6.0,19.0
2012-03-01,12.0,6.0,19.0
2012-03-02,12.0,6.0,19.0
2012-03-03,11.818181818181818,6.090909090909091,19.0
2012-03-04,11.636363636363635,6.1818181818181825,19.0
2012-03-05,11.454545454545455,6.2727272727272725,19.0
2012-03-06,11.272727272727273,6.363636363636362,19.0
2012-03-07,11.09090909090909,6.454545454545455,19.0
2012-03-08,10.90909090909091,6.545454545454545,19.0
2012-03-09,10.727272727272727,6.636363636363638,19.0
2012-03-10,10.545454545454543,6.727272727272728,19.0
2012-03-11,10.363636363636363,6.8181818181818175,19.0
2012-03-12,10.181818181818182,6.909090909090909,19.0
2012-03-13,10.0,7.0,19.0
2012-03-14,10.0,7.0,19.0
2012-03-15,10.0,7.0,19.0
2012-03-16,10.0,7.0,19.0
2012-03-17,10.0,7.5,19.0
2012-03-18,10.0,8.0,19.0
2012-03-19,10.0,8.5,19.0
2012-03-20,10.0,9.0,19.0
2012-03-21,10.0,9.0,19.0
2012-03-22,10.0,9.0,19.0
2012-03-23,8.0,9.0,19.0
2012-03-24,8.0,9.0,19.0
2012-03-25,8.0,9.0,19.0
2012-03-26,8.0,9.0,19.0
2012-03-27,8.0,9.0,19.0
2012-03-28,8.0,9.0,19.0
2012-03-29,8.0,9.0,19.0
2012-03-30,8.0,10.0,19.0
2012-03-31,8.5,11.0,19.0
2012-04-01,9.0,12.0,19.0
2012-04-02,9.5,13.0,19.0
2012-04-03,10.0,14.0,19.0
2012-04-04,10.142857142857142,13.857142857142858,19.0
2012-04-05,10.285714285714286,13.714285714285715,19.0
2012-04-06,10.428571428571429,13.571428571428573,19.0
2012-04-07,10.571428571428571,13.428571428571427,19.0
2012-04-08,10.714285714285714,13.285714285714285,19.0
2012-04-09,10.857142857142858,13.142857142857142,19.0
2012-04-10,11.0,13.0,19.0
2012-04-11,10.0,13.0,19.0
2012-04-12,10.0,13.0,19.0
2012-04-13,10.0,12.8,19.0
2012-04-14,10.0,12.6,19.0
2012-04-15,10.0,12.4,19.0
2012-04-16,10.0,12.2,19.0
2012-04-17,10.0,12.0,19.0
2012-04-18,10.0,12.0,19.0
2012-04-19,10.0,12.0,19.0
2012-04-20,10.0,12.0,19.0
2012-04-21,10.142857142857142,12.0,19.0
2012-04-22,10.285714285714286,12.0,19.0
2012-04-23,10.428571428571429,12.0,19.0
2012-04-24,10.571428571428571,12.0,19.0
2012-04-25,10.714285714285714,12.0,19.0
2012-04-26,10.857142857142858,12.0,19.0
2012-04-27,11.0,12.0,19.0
2012-04-28,11.166666666666664,12.0,19.0
2012-04-29,11.333333333333336,12.0,19.0
2012-04-30,11.5,12.0,19.0
2012-05-01,11.666666666666664,12.0,19.0
2012-05-02,11.833333333333336,12.0,19.0
2012-05-03,12.0,12.0,19.0
2012-05-04,12.0,12.0,19.0
2012-05-05,12.0,12.166666666666664,19.166666666666668
2012-05-06,12.0,12.333333333333336,19.33333333333333
2012-05-07,12.0,12.5,19.5
2012-05-08,12.0,12.666666666666664,19.666666666666668
2012-05-09,12.0,12.833333333333336,19.83333333333333
2012-05-10,12.0,13.0,20.0
2012-05-11,12.0,13.0,20.0
2012-05-12,12.5,13.0,19.75
2012-05-13,13.0,13.0,19.5
2012-05-14,13.5,13.0,19.25
2012-05-15,14.0,13.0,19.0
2012-05-16,14.0,12.0,19.0
2012-05-17,14.0,13.0,19.0
2012-05-18,14.0,13.0,19.0
2012-05-19,13.75,13.0,19.0
2012-05-20,13.5,13.0,19.0
2012-05-21,13.25,13.0,19.0
2012-05-22,13.0,13.0,19.0
2012-05-23,13.0,13.0,19.0
2012-05-24,13.0,13.0,19.0
2012-05-25,12.0,13.0,19.0
2012-05-26,11.5,13.0,19.25
2012-05-27,11.0,13.0,19.5
2012-05-28,10.5,13.0,19.75
2012-05-29,10.0,13.0,20.0
2012-05-30,12.0,13.0,20.0
2012-05-31,12.0,13.0,20.0
2012-06-01,12.0,13.0,20.0
2012-06-02,12.0,13.0,20.0
2012-06-03,12.0,13.0,20.0
2012-06-04,12.0,13.0,20.0
2012-06-05,12.0,13.0,20.0
2012-06-06,12.0,13.0,20.0
2012-06-07,12.0,13.0,20.0
2012-06-08,12.0,13.0,20.0
2012-06-09,12.5,13.0,20.0
2012-06-10,13.0,13.0,20.0
2012-06-11,13.5,13.0,20.0
2012-06-12,14.0,13.0,20.0
2012-06-13,14.0,13.0,20.0
2012-06-14,14.0,13.0,20.0
2012-06-15,14.0,13.0,20.0
2012-06-16,14.0,13.25,20.0
2012-06-17,14.0,13.5,20.0
2012-06-18,14.0,13.75,20.0
2012-06-19,14.0,14.0,20.0
2012-06-20,14.0,14.0,20.0
2012-06-21,14.0,14.0,20.0
2012-06-22,14.0,14.0,20.0
2012-06-23,14.0,14.0,20.0
2012-06-24,14.0,14.0,20.0
2012-06-25,14.0,14.0,20.0
2012-06-26,14.0,14.0,20.0
2012-06-27,14.0,15.0,20.0
2012-06-28,14.0,15.0,20.0
2012-06-29,14.0,15.0,20.0
2012-06-30,14.0,15.25,20.0
2012-07-01,14.0,15.5,20.0
2012-07-02,14.0,15.75,20.0
2012-07-03,14.0,16.0,20.0
2012-07-04,14.0,15.0,20.0
2012-07-05,14.0,14.0,20.0
2012-07-06,14.0,14.0,20.0
2012-07-07,14.0,14.0,20.0
2012-07-08,14.0,14.0,20.0
2012-07-09,14.0,14.0,20.0
2012-07-10,14.0,14.0,20.0
2012-07-11,14.0,14.0,20.0
2012-07-12,14.0,14.0,20.0
2012-07-13,14.0,14.0,20.0
2012-07-14,14.0,14.0,20.0
2012-07-15,14.0,14.0,20.0
2012-07-16,14.0,14.0,20.0
2012-07-17,14.0,14.0,20.0
2012-07-18,14.0,14.0,20.0
2012-07-19,14.0,14.0,20.0
2012-07-20,14.0,14.0,20.0
2012-07-21,14.0,14.0,20.0
2012-07-22,14.0,14.0,20.0
2012-07-23,14.0,14.0,20.0
2012-07-24,14.0,14.0,20.0
2012-07-25,15.0,14.0,20.0
2012-07-26,15.0,14.0,20.0
2012-07-27,15.0,14.0,20.0
2012-07-28,14.833333333333336,14.0,20.0
2012-07-29,14.666666666666664,14.0,20.0
2012-07-30,14.5,14.0,20.0
2012-07-31,14.333333333333336,14.0,20.0
2012-08-01,14.166666666666664,14.0,20.0
2012-08-02,14.0,14.0,20.0
2012-08-03,14.0,14.0,20.0
2012-08-04,14.0,14.25,20.0
2012-08-05,14.0,14.5,20.0
2012-08-06,14.0,14.75,20.0
2012-08-07,14.0,15.0,20.0
2012-08-08,14.0,15.0,20.0
2012-08-09,14.0,15.0,20.0
2012-08-10,14.0,15.0,20.0
2012-08-11,14.0,15.0,20.0
2012-08-12,14.0,15.0,20.0
2012-08-13,14.0,15.0,20.0
2012-08-14,14.0,15.0,20.0
2012-08-15,14.333333333333336,15.0,20.0
2012-08-16,14.666666666666664,15.0,20.0
2012-08-17,15.0,15.0,20.0
2012-08-18,15.2,14.8,20.0
2012-08-19,15.4,14.6,20.0
2012-08-20,15.6,14.4,20.0
2012-08-21,15.8,14.2,20.0
2012-08-22,16.0,14.0,20.0
2012-08-23,16.0,15.0,20.0
2012-08-24,16.0,15.0,20.0
2012-08-25,16.0,15.0,20.0
2012-08-26,16.0,15.0,20.0
2012-08-27,16.0,15.0,20.0
2012-08-28,16.0,15.0,20.0
2012-08-29,16.0,15.0,20.0
2012-08-30,16.0,15.0,20.0
2012-08-31,16.0,15.0,20.0
2012-09-01,16.0,15.0,20.0
2012-09-02,16.0,15.0,20.0
2012-09-03,16.0,15.0,20.0
2012-09-04,16.0,15.0,20.0
2012-09-05,16.0,15.0,20.0
2012-09-06,16.0,15.0,21.0
2012-09-07,16.0,15.0,21.0
2012-09-08,16.0,14.75,20.75
2012-09-09,16.0,14.5,20.5
2012-09-10,16.0,14.25,20.25
2012-09-11,16.0,14.0,20.0
2012-09-12,16.0,14.0,20.0
2012-09-13,16.0,14.0,20.0
2012-09-14,16.0,14.0,21.0
2012-09-15,16.0,14.0,21.0
2012-09-16,16.0,14.0,21.0
2012-09-17,16.0,14.0,21.0
2012-09-18,16.0,14.0,21.0
2012-09-19,16.0,14.0,21.0
2012-09-20,16.0,14.0,21.0
2012-09-21,16.0,14.0,21.0
2012-09-22,16.0,14.5,21.0
2012-09-23,16.0,15.0,21.0
2012-09-24,16.0,15.5,21.0
2012-09-25,16.0,16.0,21.0
2012-09-26,16.0,16.0,21.0
2012-09-27,16.0,14.0,21.0
2012-09-28,16.0,14.0,21.0
2012-09-29,16.0,14.0,21.0
2012-09-30,16.0,14.0,21.0
2012-10-01,16.0,14.0,21.0
2012-10-02,16.0,14.0,21.0
2012-10-03,16.0,14.0,21.0
2012-10-04,16.0,14.0,21.0
2012-10-05,16.0,14.0,21.0
2012-10-06,16.0,13.75,21.0
2012-10-07,16.0,13.5,21.0
2012-10-08,16.0,13.25,21.0
2012-10-09,16.0,13.0,21.0
2012-10-10,16.0,13.0,21.0
2012-10-11,16.0,13.0,21.0
2012-10-12,16.0,13.0,21.0
2012-10-13,16.0,13.0,21.0
2012-10-14,16.0,13.0,21.0
2012-10-15,16.0,13.0,21.0
2012-10-16,16.0,13.0,21.0
2012-10-17,16.0,13.0,21.0
2012-10-18,16.0,13.0,21.0
2012-10-19,16.0,13.0,21.0
2012-10-20,16.181818181818183,13.090909090909092,21.0
2012-10-21,16.363636363636363,13.181818181818182,21.0
2012-10-22,16.545454545454547,13.272727272727273,21.0
2012-10-23,16.727272727272727,13.363636363636365,21.0
2012-10-24,16.90909090909091,13.454545454545455,21.0
2012-10-25,17.09090909090909,13.545454545454545,21.0
2012-10-26,17.272727272727273,13.636363636363635,21.0
2012-10-27,17.454545454545453,13.727272727272727,21.0
2012-10-28,17.636363636363637,13.818181818181818,21.0
2012-10-29,17.81818181818182,13.90909090909091,21.0
2012-10-30,18.0,14.0,21.0
2012-10-31,18.0,14.0,21.0
2012-11-01,18.0,14.0,21.0
2012-11-02,22.0,14.0,21.0
2012-11-03,22.0,14.0,21.0
2012-11-04,22.0,14.0,21.0
2012-11-05,22.0,14.0,21.0
2012-11-06,22.0,14.0,21.0
2012-11-07,22.0,14.0,21.0
2012-11-08,22.0,14.0,21.0
2012-11-09,22.0,14.0,21.0
2012-11-10,21.818181818181817,14.0,21.0
2012-11-11,21.63636363636364,14.0,21.0
2012-11-12,21.454545454545453,14.0,21.0
2012-11-13,21.272727272727273,14.0,21.0
2012-11-14,21.09090909090909,14.0,21.0
2012-11-15,20.90909090909091,14.0,21.0
2012-11-16,20.727272727272727,14.0,21.0
2012-11-17,20.545454545454547,14.0,21.0
2012-11-18,20.363636363636363,14.0,21.0
2012-11-19,20.18181818181818,14.0,21.0
2012-11-20,20.0,14.0,21.0
2012-11-21,20.0,16.0,21.0
2012-11-22,20.0,16.0,21.0
2012-11-23,20.0,16.0,21.0
2012-11-24,20.0,15.75,21.0
2012-11-25,20.0,15.5,21.0
2012-11-26,20.0,15.25,21.0
2012-11-27,20.0,15.0,21.0
2012-11-28,20.0,15.0,21.0
2012-11-29,20.0,15.0,21.0
2012-11-30,20.0,15.0,21.0
2012-12-01,20.0,15.0,20.75
2012-12-02,20.0,15.0,20.5
2012-12-03,20.0,15.0,20.25
2012-12-04,20.0,15.0,20.0
2012-12-05,22.0,15.0,20.0
2012-12-06,22.0,15.0,20.0
2012-12-07,22.0,15.0,20.0
2012-12-08,22.0,15.0,20.0
2012-12-09,22.0,15.0,20.0
2012-12-10,22.0,15.0,20.0
2012-12-11,22.0,15.0,20.0
2012-12-12,22.0,14.0,20.0
2012-12-13,22.0,14.0,20.0
2012-12-14,22.0,14.0,20.0
2012-12-15,22.0,13.75,20.0
2012-12-16,22.0,13.5,20.0
2012-12-17,22.0,13.25,20.0
2012-12-18,22.0,13.0,20.0
2012-12-19,22.0,13.0,20.0
2012-12-20,22.0,13.0,20.0
2012-12-21,22.0,13.0,20.0
2012-12-22,21.33333333333333,12.833333333333336,20.0
2012-12-23,20.666666666666668,12.666666666666664,20.0
2012-12-24,20.0,12.5,20.0
2012-12-25,19.33333333333333,12.333333333333336,20.0
2012-12-26,18.666666666666668,12.166666666666664,20.0
2012-12-27,18.0,12.0,20.0
2012-12-28,18.0,12.0,20.0
2012-12-29,18.5,12.0,20.0
2012-12-30,19.0,12.0,20.0
2012-12-31,19.5,12.0,20.0
2013-01-01,20.0,12.0,20.0
2013-01-02,20.0,12.0,20.0
2013-01-03,20.0,12.0,20.0
2013-01-04,20.0,11.0,20.0
2013-01-05,20.0,11.0,20.0
2013-01-06,20.0,11.0,20.0
2013-01-07,20.0,11.0,20.0
2013-01-08,20.0,11.0,20.0
2013-01-09,20.0,11.0,20.0
2013-01-10,20.0,11.0,20.0
2013-01-11,20.0,10.0,20.0
2013-01-12,20.0,10.0,20.0
2013-01-13,20.0,10.0,20.0
2013-01-14,20.0,10.0,20.0
2013-01-15,20.0,10.0,20.0
2013-01-16,20.0,10.0,20.0
2013-01-17,20.0,10.0,20.0
2013-01-18,20.0,10.0,20.0
2013-01-19,20.0,10.0,20.25
2013-01-20,20.0,10.0,20.5
2013-01-21,20.0,10.0,20.75
2013-01-22,20.0,10.0,21.0
2013-01-23,20.88888888888889,10.0,21.0
2013-01-24,21.777777777777782,10.0,21.0
2013-01-25,22.66666666666667,10.0,21.0
2013-01-26,23.555555555555557,10.0,21.0
2013-01-27,24.444444444444446,10.0,21.0
2013-01-28,25.33333333333333,10.0,21.0
2013-01-29,26.222222222222218,10.0,21.0
2013-01-30,27.11111111111111,10.0,21.0
2013-01-31,28.0,10.0,21.0
2013-02-01,28.0,10.0,21.0
2013-02-02,28.0,9.75,21.0
2013-02-03,28.0,9.5,21.0
2013-02-04,28.0,9.25,21.0
2013-02-05,28.0,9.0,21.0
2013-02-06,28.0,9.0,21.0
2013-02-07,28.0,9.0,21.0
2013-02-08,28.0,9.0,21.0
2013-02-09,28.0,9.0,21.0
2013-02-10,28.0,9.0,21.0
2013-02-11,28.0,9.0,21.0
2013-02-12,28.0,9.0,21.0
2013-02-13,28.0,9.0,21.0
2013-02-14,28.0,9.0,21.0
2013-02-15,27.4,9.0,21.0
2013-02-16,26.8,9.0,21.0
2013-02-17,26.2,9.0,21.0
2013-02-18,25.6,9.0,21.0
2013-02-19,25.0,9.0,21.0
2013-02-20,25.0,9.0,21.0
2013-02-21,24.0,9.0,21.0
2013-02-22,24.0,9.0,21.0
2013-02-23,24.0,8.75,21.0
2013-02-24,24.0,8.5,21.0
2013-02-25,24.0,8.25,21.0
2013-02-26,24.0,8.0,21.0
2013-02-27,24.0,8.0,21.0
2013-02-28,24.0,8.0,21.0
2013-03-01,24.0,8.0,21.0
2013-03-02,24.0,8.0,21.0
2013-03-03,24.0,8.0,21.0
2013-03-04,24.0,8.0,21.0
2013-03-05,24.0,8.0,21.0
2013-03-06,24.0,8.0,21.0
2013-03-07,24.0,8.0,22.0
2013-03-08,24.0,8.0,22.0
2013-03-09,22.5,8.0,22.0
2013-03-10,21.0,8.0,22.0
2013-03-11,19.5,8.0,22.0
2013-03-12,18.0,8.0,22.0
2013-03-13,18.0,8.0,22.0
2013-03-14,18.0,7.0,22.0
2013-03-15,18.0,7.0,22.0
2013-03-16,17.5,7.25,22.0
2013-03-17,17.0,7.5,22.0
2013-03-18,16.5,7.75,22.0
2013-03-19,16.0,8.0,22.0
2013-03-20,16.0,8.0,22.0
2013-03-21,16.0,8.0,22.0
2013-03-22,16.0,8.0,22.0
2013-03-23,16.0,8.0,22.0
2013-03-24,16.0,8.0,22.0
2013-03-25,16.0,8.0,22.0
2013-03-26,16.0,8.0,22.0
2013-03-27,16.0,8.0,21.857142857142854
2013-03-28,16.0,8.0,21.714285714285715
2013-03-29,16.0,8.0,21.571428571428577
2013-03-30,16.0,8.0,21.428571428571427
2013-03-31,16.0,8.0,21.285714285714285
2013-04-01,16.0,8.0,21.142857142857142
2013-04-02,16.0,8.0,21.0
2013-04-03,16.0,8.0,22.0
2013-04-04,16.0,8.0,22.0
2013-04-05,16.0,8.0,22.0
2013-04-06,16.0,8.25,22.0
2013-04-07,16.0,8.5,22.0
2013-04-08,16.0,8.75,22.0
2013-04-09,16.0,9.0,22.0
2013-04-10,16.0,9.0,22.0
2013-04-11,16.0,9.0,22.0
2013-04-12,16.0,9.0,22.0
2013-04-13,16.0,9.2,22.2
2013-04-14,16.0,9.4,22.4
2013-04-15,16.0,9.6,22.6
2013-04-16,16.0,9.8,22.8
2013-04-17,16.0,10.0,23.0
2013-04-18,16.0,10.0,23.0
2013-04-19,16.0,10.0,23.0
2013-04-20,16.0,10.0,23.0
2013-04-21,16.0,10.0,23.0
2013-04-22,16.0,10.0,23.0
2013-04-23,16.0,10.0,23.0
2013-04-24,16.0,10.0,23.0
2013-04-25,16.0,10.0,23.0
2013-04-26,16.0,10.0,23.0
2013-04-27,16.0,10.0,23.0
2013-04-28,16.0,10.0,23.0
2013-04-29,16.0,10.0,23.0
2013-04-30,16.0,10.0,23.0
2013-05-01,16.0,10.0,23.0
2013-05-02,16.0,10.0,23.0
2013-05-03,16.0,10.0,23.0
2013-05-04,16.0,10.25,23.0
2013-05-05,16.0,10.5,23.0
2013-05-06,16.0,10.75,23.0
2013-05-07,16.0,11.0,23.0
2013-05-08,16.0,12.0,23.0
2013-05-09,16.333333333333332,12.0,23.0
2013-05-10,16.666666666666668,12.0,23.0
2013-05-11,17.0,12.0,23.0
2013-05-12,17.333333333333332,12.0,23.0
2013-05-13,17.666666666666668,12.0,23.0
2013-05-14,18.0,12.0,23.0
2013-05-15,18.0,12.0,23.0
2013-05-16,18.0,12.0,23.0
2013-05-17,18.0,12.0,23.0
2013-05-18,17.5,12.0,23.5
2013-05-19,17.0,12.0,24.0
2013-05-20,16.5,12.0,24.5
2013-05-21,16.0,12.0,25.0
2013-05-22,16.0,12.0,25.0
2013-05-23,16.0,12.0,26.0
2013-05-24,16.0,12.0,26.0
2013-05-25,16.0,12.0,26.0
2013-05-26,16.0,12.0,26.0
2013-05-27,16.0,12.0,26.0
2013-05-28,16.0,12.0,26.0
2013-05-29,16.0,12.0,26.0
2013-05-30,16.0,12.0,26.0
2013-05-31,16.0,12.0,26.0
2013-06-01,16.5,12.0,25.75
2013-06-02,17.0,12.0,25.5
2013-06-03,17.5,12.0,25.25
2013-06-04,18.0,12.0,25.0
2013-06-05,18.0,12.0,25.0
2013-06-06,18.0,12.0,25.0
2013-06-07,18.0,12.0,25.0
2013-06-08,18.0,12.0,25.25
2013-06-09,18.0,12.0,25.5
2013-06-10,18.0,12.0,25.75
2013-06-11,18.0,12.0,26.0
2013-06-12,18.0,12.0,26.0
2013-06-13,18.0,12.0,26.0
2013-06-14,18.0,12.0,26.0
2013-06-15,18.0,12.0,26.0
2013-06-16,18.0,12.0,26.0
2013-06-17,18.0,12.0,26.0
2013-06-18,18.0,12.0,26.0
2013-06-19,18.0,12.0,26.0
2013-06-20,18.0,12.0,26.0
2013-06-21,18.0,12.0,26.0
2013-06-22,19.5,11.75,26.0
2013-06-23,21.0,11.5,26.0
2013-06-24,22.5,11.25,26.0
2013-06-25,24.0,11.0,26.0
2013-06-26,24.0,11.0,26.0
2013-06-27,24.0,11.0,26.0
2013-06-28,24.0,12.0,26.0
2013-06-29,24.0,11.75,25.75
2013-06-30,24.0,11.5,25.5
2013-07-01,24.0,11.25,25.25
2013-07-02,24.0,11.0,25.0
2013-07-03,24.0,11.0,25.0
2013-07-04,24.0,11.0,25.0
2013-07-05,24.0,12.0,25.0
2013-07-06,24.0,11.75,24.75
2013-07-07,24.0,11.5,24.5
2013-07-08,24.0,11.25,24.25
2013-07-09,24.0,11.0,24.0
2013-07-10,28.0,11.0,24.0
2013-07-11,28.0,11.0,24.0
2013-07-12,28.0,11.0,24.0
2013-07-13,28.0,11.0,24.0
2013-07-14,28.0,11.0,24.0
2013-07-15,28.0,11.0,24.0
2013-07-16,28.0,11.0,24.0
2013-07-17,28.0,11.0,24.0
2013-07-18,30.0,11.0,24.0
2013-07-19,30.0,11.0,24.0
2013-07-20,30.5,11.0,24.0
2013-07-21,31.0,11.0,24.0
2013-07-22,31.5,11.0,24.0
2013-07-23,32.0,11.0,24.0
2013-07-24,32.0,11.0,24.0
2013-07-25,32.0,11.0,24.0
2013-07-26,32.0,11.0,24.0
2013-07-27,32.5,11.0,24.0
2013-07-28,33.0,11.0,24.0
2013-07-29,33.5,11.0,24.0
2013-07-30,34.0,11.0,24.0
2013-07-31,34.0,11.0,24.0
2013-08-01,34.0,11.0,24.0
2013-08-02,34.0,11.0,24.0
2013-08-03,34.5,11.0,23.75
2013-08-04,35.0,11.0,23.5
2013-08-05,35.5,11.0,23.25
2013-08-06,36.0,11.0,23.0
2013-08-07,36.0,11.0,23.0
2013-08-08,40.0,11.0,23.0
2013-08-09,43.2,11.0,23.0
2013-08-10,46.4,11.0,23.0
2013-08-11,49.6,11.0,23.0
2013-08-12,52.8,11.0,23.0
2013-08-13,56.0,11.0,23.0
2013-08-14,56.0,11.0,23.0
2013-08-15,56.66666666666666,11.0,23.0
2013-08-16,57.33333333333334,11.0,23.0
2013-08-17,58.0,11.0,23.0
2013-08-18,58.66666666666666,11.0,23.0
2013-08-19,59.33333333333334,11.0,23.0
2013-08-20,60.0,11.0,23.0
2013-08-21,60.0,11.0,23.0
2013-08-22,60.0,11.0,23.0
2013-08-23,60.0,11.0,23.0
2013-08-24,58.57142857142857,11.0,23.0
2013-08-25,57.14285714285714,11.0,23.0
2013-08-26,55.714285714285715,11.0,23.0
2013-08-27,54.28571428571429,11.0,23.0
2013-08-28,52.85714285714285,11.0,23.0
2013-08-29,51.42857142857143,11.0,23.0
2013-08-30,50.0,11.0,23.0
2013-08-31,48.75,11.0,23.0
2013-09-01,47.5,11.0,23.0
2013-09-02,46.25,11.0,23.0
2013-09-03,45.0,11.0,23.0
2013-09-04,45.0,11.0,23.0
2013-09-05,45.0,11.0,23.0
2013-09-06,45.0,11.0,23.0
2013-09-07,46.153846153846146,11.0,23.0
2013-09-08,47.30769230769231,11.0,23.0
2013-09-09,48.46153846153846,11.0,23.0
2013-09-10,49.615384615384606,11.0,23.0
2013-09-11,50.769230769230774,11.0,23.0
2013-09-12,51.92307692307693,11.0,23.0
2013-09-13,53.07692307692307,11.0,23.0
2013-09-14,54.23076923076921,11.0,23.0
2013-09-15,55.384615384615394,11.0,23.0
2013-09-16,56.53846153846153,11.0,23.0
2013-09-17,57.69230769230769,11.0,23.0
2013-09-18,58.846153846153854,11.0,23.0
2013-09-19,60.0,11.0,23.0
2013-09-20,60.0,11.0,23.0
2013-09-21,60.0,11.0,23.25
2013-09-22,60.0,11.0,23.5
2013-09-23,60.0,11.0,23.75
2013-09-24,60.0,11.0,24.0
2013-09-25,60.0,11.0,24.0
2013-09-26,60.0,11.0,24.0
2013-09-27,60.0,11.0,24.0
2013-09-28,58.75,11.0,24.0
2013-09-29,57.5,11.0,24.0
2013-09-30,56.25,11.0,24.0
2013-10-01,55.0,11.0,24.0
2013-10-02,54.57142857142857,11.0,24.0
2013-10-03,54.14285714285714,11.0,24.0
2013-10-04,53.714285714285715,11.0,24.0
2013-10-05,53.28571428571429,11.0,24.0
2013-10-06,52.85714285714285,11.0,24.0
2013-10-07,52.42857142857143,11.0,24.0
2013-10-08,52.0,11.0,24.0
2013-10-09,52.0,11.0,24.0
2013-10-10,52.0,11.0,24.0
2013-10-11,52.0,11.0,24.0
2013-10-12,53.18181818181818,11.181818181818182,24.0
2013-10-13,54.36363636363637,11.363636363636365,24.0
2013-10-14,55.54545454545455,11.545454545454545,24.0
2013-10-15,56.72727272727273,11.727272727272727,24.0
2013-10-16,57.90909090909091,11.90909090909091,24.0
2013-10-17,59.09090909090909,12.09090909090909,24.0
2013-10-18,60.27272727272727,12.272727272727273,24.0
2013-10-19,61.45454545454545,12.454545454545455,24.0
2013-10-20,62.63636363636364,12.636363636363635,24.0
2013-10-21,63.81818181818182,12.818181818181818,24.0
2013-10-22,65.0,13.0,24.0
2013-10-23,65.0,14.0,24.0
2013-10-24,60.0,14.0,24.0
2013-10-25,60.0,14.0,24.0
2013-10-26,61.0,14.5,24.0
2013-10-27,62.0,15.0,24.0
2013-10-28,63.0,15.5,24.0
2013-10-29,64.0,16.0,24.0
2013-10-30,64.0,16.0,24.0
2013-10-31,64.0,16.0,24.0
2013-11-01,60.0,15.0,24.0
2013-11-02,60.0,14.818181818181818,24.0
2013-11-03,60.0,14.636363636363635,24.0
2013-11-04,60.0,14.454545454545455,24.0
2013-11-05,60.0,14.272727272727273,24.0
2013-11-06,60.0,14.09090909090909,24.0
2013-11-07,60.0,13.90909090909091,24.0
2013-11-08,60.0,13.727272727272727,24.0
2013-11-09,60.0,13.545454545454545,24.0
2013-11-10,60.0,13.363636363636365,24.0
2013-11-11,60.0,13.181818181818182,24.0
2013-11-12,60.0,13.0,24.0
2013-11-13,60.0,13.0,24.0
2013-11-14,60.0,13.0,24.0
2013-11-15,60.0,13.0,24.0
2013-11-16,60.0,13.0,24.0
2013-11-17,60.0,13.0,24.0
2013-11-18,60.0,13.0,24.0
2013-11-19,60.0,13.0,24.0
2013-11-20,60.0,13.0,24.0
2013-11-21,55.0,13.0,24.0
2013-11-22,55.0,13.0,24.0
2013-11-23,52.5,13.0,24.25
2013-11-24,50.0,13.0,24.5
2013-11-25,47.5,13.0,24.75
2013-11-26,45.0,13.0,25.0
2013-11-27,45.0,13.0,25.0
2013-11-28,45.0,13.0,25.0
2013-11-29,45.0,13.0,25.0
2013-11-30,41.75,13.0,25.0
2013-12-01,38.5,13.0,25.0
2013-12-02,35.25,13.0,25.0
2013-12-03,32.0,13.0,25.0
2013-12-04,32.0,13.0,25.0
2013-12-05,32.0,13.0,25.0
2013-12-06,32.0,13.0,25.0
2013-12-07,34.0,13.0,25.25
2013-12-08,36.0,13.0,25.5
2013-12-09,38.0,13.0,25.75
2013-12-10,40.0,13.0,26.0
2013-12-11,40.0,13.0,26.0
2013-12-12,40.0,13.0,26.0
2013-12-13,40.0,13.0,26.0
2013-12-14,38.0,13.0,25.75
2013-12-15,36.0,13.0,25.5
2013-12-16,34.0,13.0,25.25
2013-12-17,32.0,13.0,25.0
2013-12-18,32.0,13.0,25.0
2013-12-19,28.0,13.0,25.0
2013-12-20,28.0,13.0,25.0
2013-12-21,27.25,13.0,25.0
2013-12-22,26.5,13.0,25.0
2013-12-23,25.75,13.0,25.0
2013-12-24,25.0,13.0,25.0
2013-12-25,24.0,13.0,25.0
2013-12-26,23.0,13.0,25.0
2013-12-27,22.0,13.0,25.0
2013-12-28,22.0,14.25,25.0
2013-12-29,22.0,15.5,25.0
2013-12-30,22.0,16.75,25.0
2013-12-31,22.0,18.0,25.0
