date,Onion_None,Potato_None,Rice_None,Wheat_None
2009-01-01,18.0,4.0,15.0,12.0
2009-01-02,18.0,4.0,15.0,12.0
2009-01-03,18.0,4.0,15.0,12.0
2009-01-04,18.0,4.0,15.0,12.0
2009-01-05,18.0,4.0,15.0,12.0
2009-01-06,18.0,4.0,15.0,12.0
2009-01-07,18.0,4.0,15.0,12.0
2009-01-08,18.0,4.0,15.0,12.0
2009-01-09,18.0,4.0,15.0,12.0
2009-01-10,18.0,4.0,15.0,12.0
2009-01-11,18.0,4.0,15.0,12.0
2009-01-12,18.0,4.0,15.0,12.0
2009-01-13,18.0,4.0,15.0,12.0
2009-01-14,18.0,3.0,15.0,12.0
2009-01-15,18.0,3.0,15.0,12.0
2009-01-16,18.0,3.0,15.0,12.0
2009-01-17,18.0,3.0,15.0,12.0
2009-01-18,18.0,3.0,15.0,12.0
2009-01-19,18.0,3.0,15.0,12.0
2009-01-20,18.0,3.0,15.0,12.0
2009-01-21,18.0,3.0,15.0,12.0
2009-01-22,18.0,3.0,15.0,12.0
2009-01-23,18.0,3.0,15.0,12.0
2009-01-24,18.4,3.0,15.0,12.0
2009-01-25,18.8,3.0,15.0,12.0
2009-01-26,19.2,3.0,15.0,12.0
2009-01-27,19.6,3.0,15.0,12.0
2009-01-28,20.0,3.0,15.0,12.0
2009-01-29,20.0,3.0,15.0,12.0
2009-01-30,20.0,3.0,15.0,12.0
2009-01-31,19.5,3.25,15.0,12.0
2009-02-01,19.0,3.5,15.0,12.0
2009-02-02,18.5,3.75,15.0,12.0
2009-02-03,18.0,4.0,15.0,12.0
2009-02-04,18.0,4.0,15.0,12.0
2009-02-05,18.0,4.0,15.0,12.0
2009-02-06,18.0,4.0,15.0,12.0
2009-02-07,18.0,4.0,15.0,12.0
2009-02-08,18.0,4.0,15.0,12.0
2009-02-09,18.0,4.0,15.0,12.0
2009-02-10,18.0,4.0,15.0,12.0
2009-02-11,18.0,4.0,15.0,12.0
2009-02-12,18.0,4.0,15.0,12.0
2009-02-13,18.0,5.0,16.0,12.0
2009-02-14,18.0,5.0,16.0,12.0
2009-02-15,18.0,5.0,16.0,12.0
2009-02-16,18.0,5.0,16.0,12.0
2009-02-17,18.0,5.0,16.0,12.0
2009-02-18,18.0,5.0,16.0,12.0
2009-02-19,18.0,5.0,16.0,12.0
2009-02-20,18.0,4.0,16.0,12.0
2009-02-21,18.0,4.0,16.0,12.0
2009-02-22,18.0,4.0,16.0,12.0
2009-02-23,18.0,4.0,16.0,12.0
2009-02-24,18.0,4.0,16.0,12.0
2009-02-25,18.0,4.0,16.0,12.0
2009-02-26,18.0,4.0,16.0,12.0
2009-02-27,18.0,4.0,16.0,12.0
2009-02-28,18.0,4.0,16.0,12.0
2009-03-01,18.0,4.0,16.0,12.0
2009-03-02,18.0,4.0,16.0,12.0
2009-03-03,18.0,4.0,16.0,12.0
2009-03-04,18.0,5.0,16.0,12.0
2009-03-05,18.0,5.0,16.0,12.0
2009-03-06,18.0,5.0,16.0,12.0
2009-03-07,18.0,5.0,16.0,12.0
2009-03-08,18.0,5.0,16.0,12.0
2009-03-09,18.0,5.0,16.0,12.0
2009-03-10,18.0,5.0,16.0,12.0
2009-03-11,18.0,5.0,16.0,12.0
2009-03-12,18.0,5.0,16.0,12.0
2009-03-13,18.0,5.0,16.0,12.0
2009-03-14,18.0,5.0,16.0,12.0
2009-03-15,18.0,5.0,16.0,12.0
2009-03-16,18.0,5.0,16.0,12.0
2009-03-17,18.0,5.0,16.0,12.0
2009-03-18,15.0,7.0,17.0,12.0
2009-03-19,15.0,7.0,17.0,12.0
2009-03-20,15.0,7.0,17.0,12.0
2009-03-21,15.0,7.25,17.0,12.0
2009-03-22,15.0,7.5,17.0,12.0
2009-03-23,15.0,7.75,17.0,12.0
2009-03-24,15.0,8.0,17.0,12.0
2009-03-25,15.0,8.0,17.0,12.0
2009-03-26,15.0,8.0,17.0,12.0
2009-03-27,16.0,7.0,16.0,12.0
2009-03-28,15.5,7.25,16.0,12.0
2009-03-29,15.0,7.5,16.0,12.0
2009-03-30,14.5,7.75,16.0,12.0
2009-03-31,14.0,8.0,16.0,12.0
2009-04-01,14.0,8.0,16.0,12.0
2009-04-02,14.0,8.0,16.0,12.0
2009-04-03,14.0,8.0,16.0,12.142857142857142
2009-04-04,14.0,8.0,16.0,12.285714285714285
2009-04-05,14.0,8.0,16.0,12.428571428571427
2009-04-06,14.0,8.0,16.0,12.571428571428573
2009-04-07,14.0,8.0,16.0,12.714285714285715
2009-04-08,14.0,8.0,16.0,12.857142857142858
2009-04-09,14.0,8.0,16.0,13.0
2009-04-10,13.714285714285715,8.285714285714286,16.0,13.0
2009-04-11,13.428571428571427,8.571428571428571,16.0,13.0
2009-04-12,13.142857142857142,8.857142857142858,16.0,13.0
2009-04-13,12.857142857142858,9.142857142857142,16.0,13.0
2009-04-14,12.571428571428573,9.428571428571429,16.0,13.0
2009-04-15,12.285714285714285,9.714285714285714,16.0,13.0
2009-04-16,12.0,10.0,16.0,13.0
2009-04-17,12.0,10.0,17.0,12.0
2009-04-18,12.0,10.0,17.0,12.0
2009-04-19,12.0,10.0,17.0,12.0
2009-04-20,12.0,10.0,17.0,12.0
2009-04-21,12.0,10.0,17.0,12.0
2009-04-22,12.0,10.0,17.0,12.0
2009-04-23,12.0,10.0,17.0,12.0
2009-04-24,12.0,10.0,17.0,12.0
2009-04-25,12.0,10.0,17.0,12.0
2009-04-26,12.0,10.0,17.0,12.0
2009-04-27,12.0,10.0,17.0,12.0
2009-04-28,12.0,10.0,17.0,12.0
2009-04-29,12.0,10.0,17.0,12.0
2009-04-30,12.0,10.0,17.0,12.0
2009-05-01,12.0,10.0,17.0,12.0
2009-05-02,11.5,10.0,17.0,12.0
2009-05-03,11.0,10.0,17.0,12.0
2009-05-04,10.5,10.0,17.0,12.0
2009-05-05,10.0,10.0,17.0,12.0
2009-05-06,10.0,10.0,17.0,11.0
2009-05-07,10.0,10.0,17.0,11.0
2009-05-08,10.0,10.0,17.0,11.0
2009-05-09,10.0,10.0,17.0,11.0
2009-05-10,10.0,10.0,17.0,11.0
2009-05-11,10.0,10.0,17.0,11.0
2009-05-12,10.0,10.0,17.0,11.0
2009-05-13,10.0,10.0,17.0,11.0
2009-05-14,10.0,10.0,16.0,11.0
2009-05-15,10.0,10.0,16.0,11.0
2009-05-16,10.0,10.5,16.0,11.25
2009-05-17,10.0,11.0,16.0,11.5
2009-05-18,10.0,11.5,16.0,11.75
2009-05-19,10.0,12.0,16.0,12.0
2009-05-20,10.0,12.0,16.0,12.0
2009-05-21,10.0,12.0,16.0,11.0
2009-05-22,10.0,12.0,16.0,11.0
2009-05-23,10.0,12.0,16.0,11.0
2009-05-24,10.0,12.0,16.0,11.0
2009-05-25,10.0,12.0,16.0,11.0
2009-05-26,10.0,12.0,16.0,11.0
2009-05-27,10.0,10.0,16.0,11.0
2009-05-28,10.0,10.0,16.0,11.0
2009-05-29,10.0,10.0,16.0,11.0
2009-05-30,10.0,10.0,16.0,11.0
2009-05-31,10.0,10.0,16.0,11.0
2009-06-01,10.0,10.0,16.0,11.0
2009-06-02,10.0,10.0,16.0,11.0
2009-06-03,10.0,10.0,16.0,11.0
2009-06-04,10.0,10.0,16.0,11.0
2009-06-05,10.0,10.0,16.0,11.0
2009-06-06,10.0,10.0,16.0,11.0
2009-06-07,10.0,10.0,16.0,11.0
2009-06-08,10.0,10.0,16.0,11.0
2009-06-09,10.0,10.0,16.0,11.0
2009-06-10,10.0,10.0,16.0,11.0
2009-06-11,10.0,10.0,16.0,11.0
2009-06-12,10.0,10.0,16.0,11.0
2009-06-13,10.0,10.0,16.0,11.0
2009-06-14,10.0,10.0,16.0,11.0
2009-06-15,10.0,10.0,16.0,11.0
2009-06-16,10.0,10.0,16.0,11.0
2009-06-17,10.0,10.0,16.0,11.0
2009-06-18,10.0,10.0,16.0,11.0
2009-06-19,10.0,10.0,16.0,11.0
2009-06-20,10.0,10.0,16.0,11.0
2009-06-21,10.0,10.0,16.0,11.0
2009-06-22,10.0,10.0,16.0,11.0
2009-06-23,10.0,10.0,16.0,11.0
2009-06-24,10.0,10.0,16.0,11.0
2009-06-25,10.0,10.0,16.0,11.0
2009-06-26,10.0,10.0,16.0,11.0
2009-06-27,10.0,10.5,16.0,11.0
2009-06-28,10.0,11.0,16.0,11.0
2009-06-29,10.0,11.5,16.0,11.0
2009-06-30,10.0,12.0,16.0,11.0
2009-07-01,10.0,12.0,16.0,11.0
2009-07-02,10.0,12.0,16.0,11.0
2009-07-03,10.0,12.0,16.0,11.0
2009-07-04,10.0,12.0,16.0,11.0
2009-07-05,10.0,12.0,16.0,11.0
2009-07-06,10.0,12.0,16.0,11.0
2009-07-07,10.0,12.0,16.0,11.0
2009-07-08,10.0,12.0,16.0,11.0
2009-07-09,10.0,12.0,16.0,11.0
2009-07-10,10.0,12.0,16.0,11.0
2009-07-11,10.5,12.0,16.0,11.0
2009-07-12,11.0,12.0,16.0,11.0
2009-07-13,11.5,12.0,16.0,11.0
2009-07-14,12.0,12.0,16.0,11.0
2009-07-15,12.0,12.0,16.0,11.0
2009-07-16,12.0,12.0,16.0,11.0
2009-07-17,14.0,14.0,16.0,11.0
2009-07-18,14.0,14.0,16.0,11.0
2009-07-19,14.0,14.0,16.0,11.0
2009-07-20,14.0,14.0,16.0,11.0
2009-07-21,14.0,14.0,16.0,11.0
2009-07-22,14.0,14.0,16.0,11.0
2009-07-23,14.0,14.0,16.0,11.0
2009-07-24,14.0,14.0,16.0,11.0
2009-07-25,14.0,14.0,16.0,11.0
2009-07-26,14.0,14.0,16.0,11.0
2009-07-27,14.0,14.0,16.0,11.0
2009-07-28,14.0,14.0,16.0,11.0
2009-07-29,12.0,14.0,15.0,11.0
2009-07-30,12.0,14.0,15.0,11.0
2009-07-31,12.0,14.0,15.0,11.0
2009-08-01,12.0,14.0,15.0,11.0
2009-08-02,12.0,14.0,15.0,11.0
2009-08-03,12.0,14.0,15.0,11.0
2009-08-04,12.0,14.0,15.0,11.0
2009-08-05,12.0,14.0,15.0,11.0
2009-08-06,12.0,14.0,15.0,11.0
2009-08-07,12.0,14.0,15.0,11.0
2009-08-08,12.0,14.0,15.0,11.0
2009-08-09,12.0,14.0,15.0,11.0
2009-08-10,12.0,14.0,15.0,11.0
2009-08-11,12.0,14.0,15.0,11.0
2009-08-12,12.0,14.0,15.0,11.0
2009-08-13,12.0,14.0,15.0,11.0
2009-08-14,12.0,14.0,15.0,11.0
2009-08-15,12.0,14.0,15.0,11.0
2009-08-16,12.0,14.0,15.0,11.0
2009-08-17,12.0,14.0,15.0,11.0
2009-08-18,12.0,14.0,15.0,11.0
2009-08-19,12.0,14.0,15.0,11.0
2009-08-20,12.0,14.0,15.0,11.0
2009-08-21,12.0,14.0,15.0,11.0
2009-08-22,12.0,14.0,15.0,11.0
2009-08-23,12.0,14.0,15.0,11.0
2009-08-24,12.0,14.0,15.0,11.0
2009-08-25,12.0,14.0,15.0,11.0
2009-08-26,12.0,14.0,15.0,11.0
2009-08-27,12.0,15.0,15.0,11.0
2009-08-28,12.0,15.0,15.0,11.0
2009-08-29,12.25,15.0,15.0,11.0
2009-08-30,12.5,15.0,15.0,11.0
2009-08-31,12.75,15.0,15.0,11.0
2009-09-01,13.0,15.0,15.0,11.0
2009-09-02,13.0,15.0,15.0,11.0
2009-09-03,12.0,14.0,15.0,11.0
2009-09-04,12.0,14.0,15.0,11.0
2009-09-05,12.0,14.0,15.0,11.0
2009-09-06,12.0,14.0,15.0,11.0
2009-09-07,12.0,14.0,15.0,11.0
2009-09-08,12.0,14.0,15.0,11.0
2009-09-09,12.0,14.0,15.0,11.0
2009-09-10,12.0,14.0,15.0,11.0
2009-09-11,12.0,14.0,15.0,11.0
2009-09-12,12.0,14.0,15.0,11.0
2009-09-13,12.0,14.0,15.0,11.0
2009-09-14,12.0,14.0,15.0,11.0
2009-09-15,12.0,14.0,15.0,11.0
2009-09-16,12.0,14.0,15.0,11.0
2009-09-17,12.0,14.0,15.0,11.0
2009-09-18,12.0,14.0,15.0,11.0
2009-09-19,12.0,14.0,15.0,11.0
2009-09-20,12.0,14.0,15.0,11.0
2009-09-21,12.0,14.0,15.0,11.0
2009-09-22,12.0,14.0,15.0,11.0
2009-09-23,12.0,14.0,15.0,11.0
2009-09-24,12.0,14.0,15.0,11.0
2009-09-25,12.0,18.0,16.0,11.0
2009-09-26,12.0,18.4,16.0,11.0
2009-09-27,12.0,18.8,16.0,11.0
2009-09-28,12.0,19.2,16.0,11.0
2009-09-29,12.0,19.6,16.0,11.0
2009-09-30,12.0,20.0,16.0,11.0
2009-10-01,12.0,20.0,16.0,11.0
2009-10-02,12.2,20.2,16.0,11.0
2009-10-03,12.4,20.4,16.0,11.0
2009-10-04,12.6,20.6,16.0,11.0
2009-10-05,12.8,20.8,16.0,11.0
2009-10-06,13.0,21.0,16.0,11.0
2009-10-07,13.0,21.0,16.0,11.0
2009-10-08,13.0,21.0,16.0,11.0
2009-10-09,12.0,20.0,16.0,11.0
2009-10-10,14.6,20.0,16.0,11.0
2009-10-11,17.2,20.0,16.0,11.0
2009-10-12,19.8,20.0,16.0,11.0
2009-10-13,22.4,20.0,16.0,11.0
2009-10-14,25.0,20.0,16.0,11.0
2009-10-15,25.0,20.0,16.0,11.0
2009-10-16,25.0,20.0,16.0,11.0
2009-10-17,25.0,20.0,16.0,11.0
2009-10-18,25.0,20.0,16.0,11.0
2009-10-19,25.0,20.0,16.0,11.0
2009-10-20,25.0,20.0,16.0,11.0
2009-10-21,25.0,20.0,16.0,11.0
2009-10-22,25.0,20.0,16.0,11.0
2009-10-23,25.0,20.0,16.0,11.0
2009-10-24,25.0,20.0,16.0,11.0
2009-10-25,25.0,20.0,16.0,11.0
2009-10-26,25.0,20.0,16.0,11.0
2009-10-27,25.0,20.0,16.0,11.0
2009-10-28,25.0,20.0,16.0,11.0
2009-10-29,25.0,20.0,16.0,11.0
2009-10-30,25.0,20.0,16.0,11.0
2009-10-31,24.8,20.4,16.0,11.0
2009-11-01,24.6,20.8,16.0,11.0
2009-11-02,24.4,21.2,16.0,11.0
2009-11-03,24.2,21.6,16.0,11.0
2009-11-04,24.0,22.0,16.0,11.0
2009-11-05,24.0,22.0,16.0,11.0
2009-11-06,24.0,22.0,16.0,11.0
2009-11-07,23.0,21.0,16.0,11.5
2009-11-08,22.0,20.0,16.0,12.0
2009-11-09,21.0,19.0,16.0,12.5
2009-11-10,20.0,18.0,16.0,13.0
2009-11-11,20.0,18.0,16.0,13.0
2009-11-12,20.0,18.0,16.0,13.0
2009-11-13,20.0,18.0,16.0,13.0
2009-11-14,20.0,18.0,16.0,13.25
2009-11-15,20.0,18.0,16.0,13.5
2009-11-16,20.0,18.0,16.0,13.75
2009-11-17,20.0,18.0,16.0,14.0
2009-11-18,20.0,18.0,16.0,14.0
2009-11-19,20.0,18.0,16.0,14.0
2009-11-20,20.0,18.0,16.0,13.0
2009-11-21,20.0,18.0,16.0,13.0
2009-11-22,20.0,18.0,16.0,13.0
2009-11-23,20.0,18.0,16.0,13.0
2009-11-24,20.0,18.0,16.0,13.0
2009-11-25,20.0,18.0,16.0,14.0
2009-11-26,20.0,18.0,16.0,14.0
2009-11-27,20.0,18.0,16.0,14.0
2009-11-28,20.0,18.0,16.0,14.0
2009-11-29,20.0,18.0,16.0,14.0
2009-11-30,20.0,18.0,16.0,14.0
2009-12-01,20.0,18.0,16.0,14.0
2009-12-02,20.0,16.0,16.0,14.0
2009-12-03,20.0,16.0,16.0,14.0
2009-12-04,20.0,16.0,16.0,14.0
2009-12-05,20.0,16.0,16.0,14.0
2009-12-06,20.0,16.0,16.0,14.0
2009-12-07,20.0,16.0,16.0,14.0
2009-12-08,20.0,16.0,16.0,14.0
2009-12-09,20.0,16.0,16.0,14.0
2009-12-10,20.0,15.0,16.0,14.0
2009-12-11,20.0,15.0,16.0,14.0
2009-12-12,20.0,15.0,16.0,14.0
2009-12-13,20.0,15.0,16.0,14.0
2009-12-14,20.0,15.0,16.0,14.0
2009-12-15,20.0,15.0,16.0,14.0
2009-12-16,20.0,14.0,16.0,14.0
2009-12-17,20.0,13.0,16.0,14.0
2009-12-18,20.0,13.0,16.0,14.0
2009-12-19,20.0,13.0,16.0,14.0
2009-12-20,20.0,13.0,16.0,14.0
2009-12-21,20.0,13.0,16.0,14.0
2009-12-22,20.0,13.0,16.0,14.0
2009-12-23,18.0,12.0,16.0,14.0
2009-12-24,18.0,12.0,16.0,14.0
2009-12-25,18.0,12.0,16.0,14.0
2009-12-26,18.0,12.0,16.0,14.0
2009-12-27,18.0,12.0,16.0,14.0
2009-12-28,18.0,12.0,16.0,14.0
2009-12-29,18.0,12.0,16.0,14.0
2009-12-30,18.0,12.0,16.0,14.0
2009-12-31,18.0,12.0,16.0,14.0
2010-01-01,18.0,12.0,16.0,14.0
2010-01-02,18.0,12.0,16.0,14.0
2010-01-03,18.0,12.0,16.0,14.0
2010-01-04,18.0,12.0,16.0,14.0
2010-01-05,18.0,12.0,16.0,14.0
2010-01-06,18.0,12.0,16.0,14.0
2010-01-07,18.0,12.0,16.0,14.0
2010-01-08,18.0,12.0,16.0,14.0
2010-01-09,18.5,11.5,16.0,13.75
2010-01-10,19.0,11.0,16.0,13.5
2010-01-11,19.5,10.5,16.0,13.25
2010-01-12,20.0,10.0,16.0,13.0
2010-01-13,20.0,10.0,16.0,13.0
2010-01-14,20.0,10.0,16.0,13.0
2010-01-15,20.0,10.0,16.0,13.0
2010-01-16,20.0,10.0,16.0,13.0
2010-01-17,20.0,10.0,16.0,13.0
2010-01-18,20.0,10.0,16.0,13.0
2010-01-19,20.0,10.0,16.0,13.0
2010-01-20,20.0,10.0,16.0,13.0
2010-01-21,20.0,10.0,16.0,13.0
2010-01-22,20.0,10.0,16.0,13.0
2010-01-23,20.0,10.0,16.0,13.0
2010-01-24,20.0,10.0,16.0,13.0
2010-01-25,20.0,10.0,16.0,13.0
2010-01-26,20.0,10.0,16.0,13.0
2010-01-27,20.0,10.0,16.0,13.0
2010-01-28,20.0,10.0,16.0,13.0
2010-01-29,20.0,10.0,16.0,13.0
2010-01-30,20.0,10.0,16.0,13.0
2010-01-31,20.0,10.0,16.0,13.0
2010-02-01,20.0,10.0,16.0,13.0
2010-02-02,20.0,10.0,16.0,13.0
2010-02-03,20.0,10.0,16.0,13.0
2010-02-04,20.0,10.0,16.0,13.0
2010-02-05,20.0,10.0,16.0,13.0
2010-02-06,20.0,10.0,16.0,13.0
2010-02-07,20.0,10.0,16.0,13.0
2010-02-08,20.0,10.0,16.0,13.0
2010-02-09,20.0,10.0,16.0,13.0
2010-02-10,20.0,10.0,16.0,13.0
2010-02-11,20.0,10.0,16.0,13.0
2010-02-12,20.0,10.0,16.0,13.0
2010-02-13,20.0,10.0,16.0,13.0
2010-02-14,20.0,10.0,16.0,13.0
2010-02-15,20.0,10.0,16.0,13.0
2010-02-16,20.0,10.0,16.0,13.0
2010-02-17,20.0,10.0,16.0,13.0
2010-02-18,20.0,10.0,16.0,13.0
2010-02-19,20.0,10.0,16.0,13.0
2010-02-20,20.0,10.0,16.0,13.0
2010-02-21,20.0,10.0,16.0,13.0
2010-02-22,20.0,10.0,16.0,13.0
2010-02-23,20.0,10.0,16.0,13.0
2010-02-24,20.0,10.0,16.0,13.0
2010-02-25,20.0,10.0,16.0,13.0
2010-02-26,20.0,10.0,16.0,13.0
2010-02-27,19.428571428571427,9.285714285714286,16.142857142857142,13.142857142857142
2010-02-28,18.857142857142858,8.571428571428571,16.285714285714285,13.285714285714285
2010-03-01,18.285714285714285,7.857142857142858,16.428571428571427,13.428571428571427
2010-03-02,17.714285714285715,7.142857142857142,16.571428571428573,13.571428571428573
2010-03-03,17.142857142857142,6.428571428571429,16.714285714285715,13.714285714285715
2010-03-04,16.571428571428573,5.7142857142857135,16.857142857142858,13.857142857142858
2010-03-05,16.0,5.0,17.0,14.0
2010-03-06,15.944444444444445,5.0,16.944444444444443,13.944444444444445
2010-03-07,15.888888888888891,5.0,16.88888888888889,13.888888888888891
2010-03-08,15.833333333333336,5.0,16.833333333333332,13.833333333333336
2010-03-09,15.777777777777779,5.0,16.77777777777778,13.777777777777779
2010-03-10,15.722222222222221,5.0,16.72222222222222,13.722222222222221
2010-03-11,15.666666666666664,5.0,16.666666666666668,13.666666666666664
2010-03-12,15.611111111111109,5.0,16.61111111111111,13.611111111111109
2010-03-13,15.555555555555555,5.0,16.555555555555557,13.555555555555555
2010-03-14,15.5,5.0,16.5,13.5
2010-03-15,15.444444444444445,5.0,16.444444444444443,13.444444444444445
2010-03-16,15.388888888888891,5.0,16.38888888888889,13.388888888888891
2010-03-17,15.333333333333336,5.0,16.333333333333332,13.333333333333336
2010-03-18,15.277777777777779,5.0,16.27777777777778,13.277777777777779
2010-03-19,15.222222222222221,5.0,16.22222222222222,13.222222222222221
2010-03-20,15.166666666666664,5.0,16.166666666666668,13.166666666666664
2010-03-21,15.111111111111109,5.0,16.11111111111111,13.111111111111109
2010-03-22,15.055555555555555,5.0,16.055555555555557,13.055555555555555
2010-03-23,15.0,5.0,16.0,13.0
2010-03-24,14.714285714285715,4.857142857142857,16.0,12.857142857142858
2010-03-25,14.428571428571427,4.714285714285714,16.0,12.714285714285715
2010-03-26,14.142857142857142,4.571428571428571,16.0,12.571428571428573
2010-03-27,13.857142857142858,4.428571428571429,16.0,12.428571428571427
2010-03-28,13.571428571428573,4.285714285714286,16.0,12.285714285714285
2010-03-29,13.285714285714285,4.142857142857143,16.0,12.142857142857142
2010-03-30,13.0,4.0,16.0,12.0
2010-03-31,13.0,4.0,16.0,12.0
2010-04-01,13.0,4.0,16.0,12.0
2010-04-02,12.857142857142858,4.142857142857143,16.0,11.857142857142858
2010-04-03,12.714285714285715,4.285714285714286,16.0,11.714285714285715
2010-04-04,12.571428571428573,4.428571428571429,16.0,11.571428571428573
2010-04-05,12.428571428571427,4.571428571428571,16.0,11.428571428571427
2010-04-06,12.285714285714285,4.714285714285714,16.0,11.285714285714285
2010-04-07,12.142857142857142,4.857142857142857,16.0,11.142857142857142
2010-04-08,12.0,5.0,16.0,11.0
2010-04-09,12.0,6.0,16.0,11.0
2010-04-10,11.5,6.0,16.0,11.0
2010-04-11,11.0,6.0,16.0,11.0
2010-04-12,10.5,6.0,16.0,11.0
2010-04-13,10.0,6.0,16.0,11.0
2010-04-14,10.0,6.333333333333332,16.0,11.0
2010-04-15,10.0,6.666666666666668,16.0,11.0
2010-04-16,10.0,7.0,16.0,11.0
2010-04-17,10.0,7.0,16.0,11.0
2010-04-18,10.0,7.0,16.0,11.0
2010-04-19,10.0,7.0,16.0,11.0
2010-04-20,10.0,7.0,16.0,11.0
2010-04-21,10.0,7.0,16.0,12.0
2010-04-22,10.0,7.0,16.0,12.0
2010-04-23,10.0,7.0,16.0,12.0
2010-04-24,10.0,7.0,16.0,12.0
2010-04-25,10.0,7.0,16.0,12.0
2010-04-26,10.0,7.0,16.0,12.0
2010-04-27,10.0,7.0,16.0,12.0
2010-04-28,10.0,7.0,16.0,12.0
2010-04-29,10.0,7.0,16.0,12.0
2010-04-30,10.0,7.0,16.0,12.0
2010-05-01,10.0,7.0,16.0,12.0
2010-05-02,10.0,7.0,16.0,12.0
2010-05-03,10.0,7.0,16.0,12.0
2010-05-04,10.0,7.0,16.0,12.0
2010-05-05,10.0,7.0,16.0,12.0
2010-05-06,10.0,7.0,16.0,12.0
2010-05-07,10.0,7.0,16.0,12.0
2010-05-08,10.0,7.0,16.0,12.0
2010-05-09,10.0,7.0,16.0,12.0
2010-05-10,10.0,7.0,16.0,12.0
2010-05-11,10.0,7.0,16.0,12.0
2010-05-12,10.0,7.0,16.0,12.0
2010-05-13,10.0,7.0,16.0,12.0
2010-05-14,10.0,7.0,16.0,12.0
2010-05-15,10.0,7.0,16.0,12.0
2010-05-16,10.0,7.0,16.0,12.0
2010-05-17,10.0,7.0,16.0,12.0
2010-05-18,10.0,7.0,16.0,12.0
2010-05-19,10.0,7.0,16.0,12.0
2010-05-20,10.0,7.0,16.0,12.0
2010-05-21,10.0,7.0,16.0,12.0
2010-05-22,10.0,7.0,16.0,12.0
2010-05-23,10.0,7.0,16.0,12.0
2010-05-24,10.0,7.0,16.0,12.0
2010-05-25,10.0,7.0,16.0,12.0
2010-05-26,10.0,7.0,16.0,12.0
2010-05-27,10.0,7.0,16.0,12.0
2010-05-28,10.0,7.0,16.0,12.0
2010-05-29,10.0,7.0,16.0,12.0
2010-05-30,10.0,7.0,16.0,12.0
2010-05-31,10.0,7.0,16.0,12.0
2010-06-01,10.0,7.0,16.0,12.0
2010-06-02,10.0,7.0,16.0,12.0
2010-06-03,10.0,7.0,16.0,12.0
2010-06-04,10.0,7.0,16.0,12.0
2010-06-05,10.0,7.0,16.0,12.0
2010-06-06,10.0,7.0,16.0,12.0
2010-06-07,10.0,7.0,16.0,12.0
2010-06-08,10.0,7.0,16.0,12.0
2010-06-09,10.0,7.0,16.0,12.0
2010-06-10,10.0,7.0,16.0,13.0
2010-06-11,10.0,7.0,16.0,13.0
2010-06-12,10.0,7.0,16.0,13.0
2010-06-13,10.0,7.0,16.0,13.0
2010-06-14,10.0,7.0,16.0,13.0
2010-06-15,10.0,7.0,16.0,13.0
2010-06-16,10.0,7.0,16.0,13.0
2010-06-17,10.0,7.0,16.0,13.0
2010-06-18,10.0,7.0,16.0,13.0
2010-06-19,10.0,7.0,16.0,13.0
2010-06-20,10.0,7.0,16.0,13.0
2010-06-21,10.0,7.0,16.0,13.0
2010-06-22,10.0,7.0,16.0,13.0
2010-06-23,10.0,8.0,16.0,13.0
2010-06-24,10.0,8.0,16.0,13.0
2010-06-25,10.0,8.0,16.0,13.0
2010-06-26,10.0,8.5,16.0,13.0
2010-06-27,10.0,9.0,16.0,13.0
2010-06-28,10.0,9.5,16.0,13.0
2010-06-29,10.0,10.0,16.0,13.0
2010-06-30,10.0,10.0,16.0,13.0
2010-07-01,10.0,10.0,16.0,13.0
2010-07-02,10.0,10.0,16.0,13.0
2010-07-03,10.0,10.0,16.0,13.0
2010-07-04,10.0,10.0,16.0,13.0
2010-07-05,10.0,10.0,16.0,13.0
2010-07-06,10.0,10.0,16.0,13.0
2010-07-07,10.0,10.0,16.0,13.0
2010-07-08,10.0,10.0,16.0,13.0
2010-07-09,10.0,10.0,16.0,13.0
2010-07-10,10.5,10.0,16.0,13.0
2010-07-11,11.0,10.0,16.0,13.0
2010-07-12,11.5,10.0,16.0,13.0
2010-07-13,12.0,10.0,16.0,13.0
2010-07-14,12.0,10.0,16.0,13.0
2010-07-15,12.0,10.0,16.0,13.0
2010-07-16,12.0,10.0,16.0,13.0
2010-07-17,12.0,10.0,16.0,13.0
2010-07-18,12.0,10.0,16.0,13.0
2010-07-19,12.0,10.0,16.0,13.0
2010-07-20,12.0,10.0,16.0,13.0
2010-07-21,12.0,10.0,16.0,13.0
2010-07-22,12.0,10.0,16.0,13.0
2010-07-23,12.0,10.0,16.0,13.0
2010-07-24,12.0,10.0,16.0,13.0
2010-07-25,12.0,10.0,16.0,13.0
2010-07-26,12.0,10.0,16.0,13.0
2010-07-27,12.0,10.0,16.0,13.0
2010-07-28,12.0,10.0,16.0,13.0
2010-07-29,12.0,10.0,16.0,13.0
2010-07-30,12.0,10.0,16.0,13.0
2010-07-31,12.0,10.0,16.0,13.0
2010-08-01,12.0,10.0,16.0,13.0
2010-08-02,12.0,10.0,16.0,13.0
2010-08-03,12.0,10.0,16.0,13.0
2010-08-04,12.0,10.0,16.0,13.0
2010-08-05,12.0,10.0,16.0,13.0
2010-08-06,12.0,10.0,16.0,13.0
2010-08-07,12.0,10.0,16.0,13.0
2010-08-08,12.0,10.0,16.0,13.0
2010-08-09,12.0,10.0,16.0,13.0
2010-08-10,12.0,10.0,16.0,13.0
2010-08-11,12.0,10.0,16.0,13.0
2010-08-12,12.0,10.0,16.0,13.0
2010-08-13,12.0,10.0,16.0,13.0
2010-08-14,12.0,10.0,16.0,13.0
2010-08-15,12.0,10.0,16.0,13.0
2010-08-16,12.0,10.0,16.0,13.0
2010-08-17,12.0,10.0,16.0,13.0
2010-08-18,12.0,10.0,16.0,13.0
2010-08-19,12.0,10.0,16.0,13.0
2010-08-20,12.0,10.0,16.0,13.0
2010-08-21,12.0,10.0,16.0,13.0
2010-08-22,12.0,10.0,16.0,13.0
2010-08-23,12.0,10.0,16.0,13.0
2010-08-24,12.0,10.0,16.0,13.0
2010-08-25,14.0,10.0,16.0,13.0
2010-08-26,14.0,10.0,16.0,13.0
2010-08-27,14.0,10.0,16.0,13.0
2010-08-28,14.0,9.5,16.0,13.0
2010-08-29,14.0,9.0,16.0,13.0
2010-08-30,14.0,8.5,16.0,13.0
2010-08-31,14.0,8.0,16.0,13.0
2010-09-01,14.0,8.0,16.0,13.0
2010-09-02,14.0,8.0,16.0,13.0
2010-09-03,14.0,8.0,16.0,13.0
2010-09-04,14.0,8.0,16.0,13.0
2010-09-05,14.0,8.0,16.0,13.0
2010-09-06,14.0,8.0,16.0,13.0
2010-09-07,14.0,8.0,16.0,13.0
2010-09-08,14.0,8.0,16.0,13.0
2010-09-09,14.0,8.0,16.0,13.0
2010-09-10,14.0,8.0,16.0,13.0
2010-09-11,14.166666666666664,8.0,16.0,13.0
2010-09-12,14.333333333333336,8.0,16.0,13.0
2010-09-13,14.5,8.0,16.0,13.0
2010-09-14,14.666666666666664,8.0,16.0,13.0
2010-09-15,14.833333333333336,8.0,16.0,13.0
2010-09-16,15.0,8.0,16.0,13.0
2010-09-17,15.0,8.0,16.0,13.0
2010-09-18,16.25,8.0,16.0,13.0
2010-09-19,17.5,8.0,16.0,13.0
2010-09-20,18.75,8.0,16.0,13.0
2010-09-21,20.0,8.0,16.0,13.0
2010-09-22,20.0,8.0,16.0,13.0
2010-09-23,20.0,8.0,16.0,13.0
2010-09-24,20.0,8.0,16.0,13.0
2010-09-25,20.0,8.5,16.0,13.0
2010-09-26,20.0,9.0,16.0,13.0
2010-09-27,20.0,9.5,16.0,13.0
2010-09-28,20.0,10.0,16.0,13.0
2010-09-29,20.0,10.0,16.0,13.0
2010-09-30,20.0,10.0,16.0,13.0
2010-10-01,20.0,10.0,16.0,13.0
2010-10-02,20.0,10.0,16.0,13.0
2010-10-03,20.0,10.0,16.0,13.0
2010-10-04,20.0,10.0,16.0,13.0
2010-10-05,20.0,10.0,16.0,13.0
2010-10-06,20.0,10.0,16.0,13.0
2010-10-07,20.0,10.0,16.0,13.0
2010-10-08,20.0,10.0,16.0,13.0
2010-10-09,20.0,10.0,16.0,13.0
2010-10-10,20.0,10.0,16.0,13.0
2010-10-11,20.0,10.0,16.0,13.0
2010-10-12,20.0,10.0,16.0,13.0
2010-10-13,24.0,10.0,16.0,13.0
2010-10-14,24.0,10.0,16.0,13.0
2010-10-15,24.0,10.0,16.0,13.0
2010-10-16,24.0,10.0,16.0,13.0
2010-10-17,24.0,10.0,16.0,13.0
2010-10-18,24.0,10.0,16.0,13.0
2010-10-19,24.0,10.0,16.0,13.0
2010-10-20,24.0,10.0,16.0,13.0
2010-10-21,24.0,10.0,16.0,13.0
2010-10-22,24.0,10.0,16.0,13.0
2010-10-23,24.0,10.0,16.0,13.0
2010-10-24,24.0,10.0,16.0,13.0
2010-10-25,24.0,10.0,16.0,13.0
2010-10-26,24.0,10.0,16.0,13.0
2010-10-27,20.0,10.0,16.0,13.0
2010-10-28,20.0,10.0,16.0,13.0
2010-10-29,20.0,10.0,16.0,13.0
2010-10-30,20.0,10.0,16.0,13.0
2010-10-31,20.0,10.0,16.0,13.0
2010-11-01,20.0,10.0,16.0,13.0
2010-11-02,20.0,10.0,16.0,13.0
2010-11-03,20.0,10.0,16.0,13.0
2010-11-04,20.0,10.0,16.0,13.0
2010-11-05,20.0,10.0,16.0,13.0
2010-11-06,20.0,10.0,16.0,13.0
2010-11-07,20.0,10.0,16.0,13.0
2010-11-08,20.0,10.0,16.0,13.0
2010-11-09,20.0,10.0,16.0,13.0
2010-11-10,20.0,10.0,16.0,13.0
2010-11-11,20.0,10.0,16.0,13.0
2010-11-12,20.0,10.0,16.0,13.0
2010-11-13,21.0,10.0,16.0,13.0
2010-11-14,22.0,10.0,16.0,13.0
2010-11-15,23.0,10.0,16.0,13.0
2010-11-16,24.0,10.0,16.0,13.0
2010-11-17,25.33333333333333,10.666666666666666,16.0,13.0
2010-11-18,26.66666666666667,11.333333333333336,16.0,13.0
2010-11-19,28.0,12.0,16.0,13.0
2010-11-20,28.0,12.0,16.0,13.0
2010-11-21,28.0,12.0,16.0,13.0
2010-11-22,28.0,12.0,16.0,13.0
2010-11-23,28.0,12.0,16.0,13.0
2010-11-24,28.0,12.0,16.0,13.0
2010-11-25,28.0,12.0,16.0,13.0
2010-11-26,28.0,12.0,16.0,13.0
2010-11-27,28.0,12.0,16.0,13.0
2010-11-28,28.0,12.0,16.0,13.0
2010-11-29,28.0,12.0,16.0,13.0
2010-11-30,28.0,12.0,16.0,13.0
2010-12-01,28.0,12.0,16.0,13.0
2010-12-02,24.0,12.0,16.0,13.0
2010-12-03,24.0,12.0,16.0,13.0
2010-12-04,24.0,12.0,16.0,13.0
2010-12-05,24.0,12.0,16.0,13.0
2010-12-06,24.0,12.0,16.0,13.0
2010-12-07,24.0,12.0,16.0,13.0
2010-12-08,24.0,12.0,16.0,13.0
2010-12-09,24.0,12.0,16.0,13.0
2010-12-10,24.0,12.0,16.0,13.0
2010-12-11,24.0,12.0,16.0,13.0
2010-12-12,24.0,12.0,16.0,13.0
2010-12-13,24.0,12.0,16.0,13.0
2010-12-14,24.0,12.0,16.0,13.0
2010-12-15,24.0,12.0,16.0,13.0
2010-12-16,24.0,12.0,16.0,13.0
2010-12-17,29.2,11.6,16.0,13.0
2010-12-18,34.4,11.2,16.0,13.0
2010-12-19,39.6,10.8,16.0,13.0
2010-12-20,44.8,10.4,16.0,13.0
2010-12-21,50.0,10.0,16.0,13.0
2010-12-22,50.0,10.0,16.0,13.0
2010-12-23,50.0,8.0,16.0,13.0
2010-12-24,50.0,8.0,16.0,13.0
2010-12-25,47.5,7.75,16.0,13.0
2010-12-26,45.0,7.5,16.0,13.0
2010-12-27,42.5,7.25,16.0,13.0
2010-12-28,40.0,7.0,16.0,13.0
2010-12-29,40.0,7.0,16.0,13.0
2010-12-30,40.0,7.0,16.0,13.0
2010-12-31,35.0,7.0,16.0,13.0
2011-01-01,36.25,6.75,16.0,13.25
2011-01-02,37.5,6.5,16.0,13.5
2011-01-03,38.75,6.25,16.0,13.75
2011-01-04,40.0,6.0,16.0,14.0
2011-01-05,40.0,6.0,16.0,14.0
2011-01-06,40.0,6.0,16.0,14.0
2011-01-07,40.0,6.0,16.0,14.0
2011-01-08,40.0,6.0,16.0,14.0
2011-01-09,40.0,6.0,16.0,14.0
2011-01-10,40.0,6.0,16.0,14.0
2011-01-11,40.0,6.0,16.0,14.0
2011-01-12,45.0,6.0,16.0,15.0
2011-01-13,45.0,6.0,16.0,15.0
2011-01-14,45.0,6.0,16.0,15.0
2011-01-15,45.0,6.0,16.0,15.0
2011-01-16,45.0,6.0,16.0,15.0
2011-01-17,45.0,6.0,16.0,15.0
2011-01-18,45.0,6.0,16.0,15.0
2011-01-19,45.0,6.0,16.0,15.0
2011-01-20,45.0,6.0,16.0,15.0
2011-01-21,45.0,6.0,16.0,15.0
2011-01-22,45.0,6.0,16.0,15.0
2011-01-23,45.0,6.0,16.0,15.0
2011-01-24,45.0,6.0,16.0,15.0
2011-01-25,45.0,6.0,16.0,15.0
2011-01-26,43.33333333333334,5.666666666666668,16.0,15.0
2011-01-27,41.66666666666666,5.333333333333333,16.0,15.0
2011-01-28,40.0,5.0,16.0,15.0
2011-01-29,38.75,5.0,16.0,15.0
2011-01-30,37.5,5.0,16.0,15.0
2011-01-31,36.25,5.0,16.0,15.0
2011-02-01,35.0,5.0,16.0,15.0
2011-02-02,20.0,5.0,16.0,15.0
2011-02-03,20.0,5.0,16.0,15.0
2011-02-04,20.0,5.0,16.0,15.0
2011-02-05,20.0,5.0,16.0,15.0
2011-02-06,20.0,5.0,16.0,15.0
2011-02-07,20.0,5.0,16.0,15.0
2011-02-08,20.0,5.0,16.0,15.0
2011-02-09,20.0,5.0,16.0,15.0
2011-02-10,20.0,5.0,16.0,15.0
2011-02-11,20.0,5.0,16.0,15.0
2011-02-12,20.0,5.0,16.0,15.0
2011-02-13,20.0,5.0,16.0,15.0
2011-02-14,20.0,5.0,16.0,15.0
2011-02-15,20.0,5.0,16.0,15.0
2011-02-16,20.0,5.0,16.0,15.0
2011-02-17,20.0,5.0,16.0,15.0
2011-02-18,20.0,5.0,16.0,15.0
2011-02-19,20.0,5.0,16.0,15.0
2011-02-20,20.0,5.0,16.0,15.0
2011-02-21,20.0,5.0,16.0,15.0
2011-02-22,20.0,5.0,16.0,15.0
2011-02-23,20.0,5.0,16.0,15.0
2011-02-24,20.0,5.0,16.0,15.0
2011-02-25,20.0,5.0,16.0,15.0
2011-02-26,20.0,5.0,16.0,15.0
2011-02-27,20.0,5.0,16.0,15.0
2011-02-28,20.0,5.0,16.0,15.0
2011-03-01,20.0,5.0,16.0,15.0
2011-03-02,20.0,5.0,15.666666666666664,14.666666666666664
2011-03-03,20.0,5.0,15.333333333333336,14.333333333333336
2011-03-04,20.0,5.0,15.0,14.0
2011-03-05,18.0,5.5,15.25,14.25
2011-03-06,16.0,6.0,15.5,14.5
2011-03-07,14.0,6.5,15.75,14.75
2011-03-08,12.0,7.0,16.0,15.0
2011-03-09,12.0,7.0,16.0,15.0
2011-03-10,12.0,7.0,16.0,15.0
2011-03-11,12.0,7.0,16.0,15.0
2011-03-12,12.0,7.0,16.0,14.75
2011-03-13,12.0,7.0,16.0,14.5
2011-03-14,12.0,7.0,16.0,14.25
2011-03-15,12.0,7.0,16.0,14.0
2011-03-16,12.0,7.0,16.0,14.0
2011-03-17,12.0,7.0,16.0,14.0
2011-03-18,12.0,7.0,16.0,14.0
2011-03-19,12.0,7.0,16.0,14.0
2011-03-20,12.0,7.0,16.0,14.0
2011-03-21,12.0,7.0,16.0,14.0
2011-03-22,12.0,7.0,16.0,14.0
2011-03-23,12.0,7.0,16.0,14.0
2011-03-24,12.0,7.0,16.0,13.0
2011-03-25,12.0,7.0,16.0,13.0
2011-03-26,12.0,7.0,16.0,13.0
2011-03-27,12.0,7.0,16.0,13.0
2011-03-28,12.0,7.0,16.0,13.0
2011-03-29,12.0,7.0,16.0,13.0
2011-03-30,12.0,7.0,16.0,13.0
2011-03-31,12.0,7.0,16.0,13.0
2011-04-01,12.0,7.0,16.0,13.0
2011-04-02,12.0,7.0,16.0,13.0
2011-04-03,12.0,7.0,16.0,13.0
2011-04-04,12.0,7.0,16.0,13.0
2011-04-05,12.0,7.0,16.0,13.0
2011-04-06,12.0,7.0,16.0,13.0
2011-04-07,12.0,7.0,16.0,13.0
2011-04-08,12.0,7.0,16.0,13.0
2011-04-09,12.0,7.0,16.0,12.909090909090908
2011-04-10,12.0,7.0,16.0,12.818181818181818
2011-04-11,12.0,7.0,16.0,12.727272727272727
2011-04-12,12.0,7.0,16.0,12.636363636363635
2011-04-13,12.0,7.0,16.0,12.545454545454545
2011-04-14,12.0,7.0,16.0,12.454545454545455
2011-04-15,12.0,7.0,16.0,12.363636363636365
2011-04-16,12.0,7.0,16.0,12.272727272727273
2011-04-17,12.0,7.0,16.0,12.181818181818182
2011-04-18,12.0,7.0,16.0,12.09090909090909
2011-04-19,12.0,7.0,16.0,12.0
2011-04-20,10.0,7.0,16.0,12.0
2011-04-21,10.0,7.0,16.0,12.0
2011-04-22,10.0,7.0,16.0,12.0
2011-04-23,10.0,7.0,16.0,12.0
2011-04-24,10.0,7.0,16.0,12.0
2011-04-25,10.0,7.0,16.0,12.0
2011-04-26,10.0,7.0,16.0,12.0
2011-04-27,10.0,7.0,16.0,12.0
2011-04-28,10.0,7.0,16.0,12.0
2011-04-29,10.0,7.0,16.0,12.0
2011-04-30,10.0,7.0,16.0,12.0
2011-05-01,10.0,7.0,16.0,12.0
2011-05-02,10.0,7.0,16.0,12.0
2011-05-03,10.0,7.0,16.0,12.0
2011-05-04,10.0,7.0,16.0,13.0
2011-05-05,10.0,7.0,16.0,13.0
2011-05-06,10.0,7.0,16.0,13.0
2011-05-07,10.0,7.0,16.0,13.0
2011-05-08,10.0,7.0,16.0,13.0
2011-05-09,10.0,7.0,16.0,13.0
2011-05-10,10.0,7.0,16.0,13.0
2011-05-11,10.0,7.0,16.0,13.0
2011-05-12,10.0,7.0,16.0,13.0
2011-05-13,10.0,7.0,16.0,13.0
2011-05-14,10.0,7.0,16.0,13.0
2011-05-15,10.0,7.0,16.0,13.0
2011-05-16,10.0,7.0,16.0,13.0
2011-05-17,10.0,7.0,16.0,13.0
2011-05-18,10.0,7.0,16.0,13.0
2011-05-19,10.0,7.0,16.0,13.0
2011-05-20,10.0,7.0,16.0,13.0
2011-05-21,10.0,7.0,16.0,13.0
2011-05-22,10.0,7.0,16.0,13.0
2011-05-23,10.0,7.0,16.0,13.0
2011-05-24,10.0,7.0,16.0,13.0
2011-05-25,10.0,7.0,16.0,13.0
2011-05-26,10.0,7.0,16.0,13.0
2011-05-27,10.0,7.0,16.0,13.0
2011-05-28,9.5,7.25,16.0,13.0
2011-05-29,9.0,7.5,16.0,13.0
2011-05-30,8.5,7.75,16.0,13.0
2011-05-31,8.0,8.0,16.0,13.0
2011-06-01,8.0,8.0,16.0,13.0
2011-06-02,8.0,8.0,16.0,13.0
2011-06-03,10.0,8.0,16.0,13.0
2011-06-04,10.0,8.0,16.0,13.0
2011-06-05,10.0,8.0,16.0,13.0
2011-06-06,10.0,8.0,16.0,13.0
2011-06-07,10.0,8.0,16.0,13.0
2011-06-08,10.0,8.0,16.0,13.0
2011-06-09,10.0,8.0,16.0,13.0
2011-06-10,10.0,9.0,16.0,13.0
2011-06-11,10.0,9.0,16.0,13.0
2011-06-12,10.0,9.0,16.0,13.0
2011-06-13,10.0,9.0,16.0,13.0
2011-06-14,10.0,9.0,16.0,13.0
2011-06-15,10.0,9.0,16.0,13.0
2011-06-16,10.0,9.0,16.0,13.0
2011-06-17,10.0,9.0,16.0,13.0
2011-06-18,10.0,9.0,16.0,13.0
2011-06-19,10.0,9.0,16.0,13.0
2011-06-20,10.0,9.0,16.0,13.0
2011-06-21,10.0,9.0,16.0,13.0
2011-06-22,10.0,9.0,16.0,13.0
2011-06-23,10.0,9.0,16.0,13.0
2011-06-24,10.0,9.0,16.0,13.0
2011-06-25,10.0,9.25,16.0,13.0
2011-06-26,10.0,9.5,16.0,13.0
2011-06-27,10.0,9.75,16.0,13.0
2011-06-28,10.0,10.0,16.0,13.0
2011-06-29,10.0,10.0,16.0,13.0
2011-06-30,12.0,10.0,16.0,13.0
2011-07-01,12.0,10.0,16.0,13.0
2011-07-02,12.75,10.333333333333334,16.0,13.0
2011-07-03,13.5,10.666666666666666,16.0,13.0
2011-07-04,14.25,11.0,16.0,13.0
2011-07-05,15.0,11.333333333333336,16.0,13.0
2011-07-06,15.0,11.666666666666664,16.0,13.0
2011-07-07,15.0,12.0,16.0,13.0
2011-07-08,15.0,12.0,16.0,13.0
2011-07-09,15.0,12.0,16.0,13.0
2011-07-10,15.0,12.0,16.0,13.0
2011-07-11,15.0,12.0,16.0,13.0
2011-07-12,15.0,12.0,16.0,13.0
2011-07-13,15.0,12.0,16.0,13.0
2011-07-14,15.0,12.0,16.0,13.0
2011-07-15,15.0,12.0,16.0,13.0
2011-07-16,15.0,12.0,16.0,13.0
2011-07-17,15.0,12.0,16.0,13.0
2011-07-18,15.0,12.0,16.0,13.0
2011-07-19,15.0,12.0,16.0,13.0
2011-07-20,15.0,12.0,16.0,13.0
2011-07-21,15.0,12.0,16.0,13.0
2011-07-22,15.0,12.0,16.0,13.0
2011-07-23,15.0,12.0,16.0,13.0
2011-07-24,15.0,12.0,16.0,13.0
2011-07-25,15.0,12.0,16.0,13.0
2011-07-26,15.0,12.0,16.0,13.0
2011-07-27,15.0,12.0,16.0,13.0
2011-07-28,15.0,12.0,16.0,13.0
2011-07-29,15.0,12.0,18.0,13.0
2011-07-30,15.0,12.0,18.0,13.0
2011-07-31,15.0,12.0,18.0,13.0
2011-08-01,15.0,12.0,18.0,13.0
2011-08-02,15.0,12.0,18.0,13.0
2011-08-03,15.0,12.0,18.0,13.0
2011-08-04,15.0,12.0,18.0,13.0
2011-08-05,15.0,12.0,18.0,13.0
2011-08-06,15.0,12.0,18.0,13.0
2011-08-07,15.0,12.0,18.0,13.0
2011-08-08,15.0,12.0,18.0,13.0
2011-08-09,15.0,12.0,18.0,13.0
2011-08-10,15.0,12.0,18.0,13.0
2011-08-11,15.0,12.0,18.0,13.0
2011-08-12,15.0,12.0,18.0,13.0
2011-08-13,15.0,12.0,18.0,13.0
2011-08-14,15.0,12.0,18.0,13.0
2011-08-15,15.0,12.0,18.0,13.0
2011-08-16,15.0,12.0,18.0,13.0
2011-08-17,15.0,12.0,18.0,13.0
2011-08-18,16.0,12.0,18.0,13.0
2011-08-19,18.0,12.0,18.0,13.0
2011-08-20,18.4,12.0,18.0,13.0
2011-08-21,18.8,12.0,18.0,13.0
2011-08-22,19.2,12.0,18.0,13.0
2011-08-23,19.6,12.0,18.0,13.0
2011-08-24,20.0,12.0,18.0,13.0
2011-08-25,20.0,12.0,18.0,13.0
2011-08-26,20.0,12.0,18.0,13.0
2011-08-27,20.0,12.0,18.0,13.0
2011-08-28,20.0,12.0,18.0,13.0
2011-08-29,20.0,12.0,18.0,13.0
2011-08-30,20.0,12.0,18.0,13.0
2011-08-31,20.0,12.0,18.0,13.0
2011-09-01,20.0,12.0,18.0,13.0
2011-09-02,20.0,12.0,18.0,13.0
2011-09-03,20.0,12.0,18.0,13.0
2011-09-04,20.0,12.0,18.0,13.0
2011-09-05,20.0,12.0,18.0,13.0
2011-09-06,20.0,12.0,18.0,13.0
2011-09-07,20.0,12.0,18.0,13.0
2011-09-08,20.0,12.0,18.0,13.0
2011-09-09,20.0,12.0,18.0,13.0
2011-09-10,20.0,12.0,18.0,13.0
2011-09-11,20.0,12.0,18.0,13.0
2011-09-12,20.0,12.0,18.0,13.0
2011-09-13,20.0,12.0,18.0,13.0
2011-09-14,20.0,12.0,18.0,13.0
2011-09-15,20.0,12.0,18.0,13.0
2011-09-16,20.0,12.0,18.0,13.0
2011-09-17,20.0,12.0,18.25,13.0
2011-09-18,20.0,12.0,18.5,13.0
2011-09-19,20.0,12.0,18.75,13.0
2011-09-20,20.0,12.0,19.0,13.0
2011-09-21,20.0,12.0,19.0,13.0
2011-09-22,20.0,12.0,19.0,13.0
2011-09-23,20.0,12.0,19.0,13.0
2011-09-24,20.0,12.0,19.0,13.0
2011-09-25,20.0,12.0,19.0,13.0
2011-09-26,20.0,12.0,19.0,13.0
2011-09-27,20.0,12.0,19.0,13.0
2011-09-28,20.0,12.0,19.0,13.0
2011-09-29,20.0,12.0,19.0,13.0
2011-09-30,20.0,12.0,19.0,13.0
2011-10-01,20.0,12.0,19.0,13.0
2011-10-02,20.0,12.0,19.0,13.0
2011-10-03,20.0,12.0,19.0,13.0
2011-10-04,20.0,12.0,19.0,13.0
2011-10-05,20.0,12.0,19.0,13.0
2011-10-06,20.0,12.0,19.0,13.0
2011-10-07,20.0,12.0,19.0,13.0
2011-10-08,20.0,12.0,19.0,13.0
2011-10-09,20.0,12.0,19.0,13.0
2011-10-10,20.0,12.0,19.0,13.0
2011-10-11,20.0,12.0,19.0,13.0
2011-10-12,20.0,12.0,19.0,13.0
2011-10-13,20.0,12.0,19.0,13.0
2011-10-14,20.0,11.6,19.0,13.0
2011-10-15,20.0,11.2,19.0,13.0
2011-10-16,20.0,10.8,19.0,13.0
2011-10-17,20.0,10.4,19.0,13.0
2011-10-18,20.0,10.0,19.0,13.0
2011-10-19,20.0,10.0,19.0,13.0
2011-10-20,20.0,10.0,19.0,13.0
2011-10-21,20.0,10.0,19.0,13.0
2011-10-22,20.0,10.0,19.0,13.0
2011-10-23,20.0,10.0,19.0,13.0
2011-10-24,20.0,10.0,19.0,13.0
2011-10-25,20.0,10.0,19.0,13.0
2011-10-26,20.0,10.0,19.0,13.0
2011-10-27,20.0,10.0,19.0,13.0
2011-10-28,20.0,10.0,19.0,13.0
2011-10-29,20.0,10.0,19.0,13.0
2011-10-30,20.0,10.0,19.0,13.0
2011-10-31,20.0,10.0,19.0,13.0
2011-11-01,20.0,10.0,19.0,13.0
2011-11-02,20.0,10.0,19.0,13.0
2011-11-03,20.0,10.0,19.0,13.0
2011-11-04,20.0,10.0,19.0,13.0
2011-11-05,20.0,10.0,19.0,13.0
2011-11-06,20.0,10.0,19.0,13.0
2011-11-07,20.0,10.0,19.0,13.0
2011-11-08,20.0,10.0,19.0,13.0
2011-11-09,20.0,10.0,19.0,13.0
2011-11-10,20.0,10.0,19.0,13.0
2011-11-11,20.0,10.0,19.0,13.0
2011-11-12,20.0,10.0,19.0,13.0
2011-11-13,20.0,10.0,19.0,13.0
2011-11-14,20.0,10.0,19.0,13.0
2011-11-15,20.0,10.0,19.0,13.0
2011-11-16,20.0,10.0,19.0,13.0
2011-11-17,20.0,10.0,19.0,13.0
2011-11-18,20.0,10.0,19.0,13.0
2011-11-19,20.0,10.0,19.0,13.0
2011-11-20,20.0,10.0,19.0,13.0
2011-11-21,20.0,10.0,19.0,13.0
2011-11-22,20.0,10.0,19.0,13.0
2011-11-23,20.0,10.0,19.0,13.0
2011-11-24,20.0,10.0,19.0,13.0
2011-11-25,20.0,10.0,19.0,13.0
2011-11-26,20.0,10.0,19.0,13.0
2011-11-27,20.0,10.0,19.0,13.0
2011-11-28,20.0,10.0,19.0,13.0
2011-11-29,20.0,10.0,19.0,13.0
2011-11-30,20.0,10.0,19.0,13.0
2011-12-01,20.0,10.0,19.0,13.0
2011-12-02,20.0,10.0,19.0,13.0
2011-12-03,20.0,10.0,19.0,13.0
2011-12-04,20.0,10.0,19.0,13.0
2011-12-05,20.0,10.0,19.0,13.0
2011-12-06,20.0,10.0,19.0,13.0
2011-12-07,20.0,10.0,19.0,13.0
2011-12-08,20.0,10.0,19.0,13.0
2011-12-09,19.2,9.6,19.0,13.0
2011-12-10,18.4,9.2,19.0,13.0
2011-12-11,17.6,8.8,19.0,13.0
2011-12-12,16.8,8.4,19.0,13.0
2011-12-13,16.0,8.0,19.0,13.0
2011-12-14,16.0,8.0,19.0,13.0
2011-12-15,16.0,8.0,19.0,13.0
2011-12-16,16.0,8.0,19.0,13.0
2011-12-17,16.0,8.0,19.0,13.0
2011-12-18,16.0,8.0,19.0,13.0
2011-12-19,16.0,8.0,19.0,13.0
2011-12-20,16.0,8.0,19.0,13.0
2011-12-21,16.0,8.0,19.0,13.0
2011-12-22,16.0,8.0,19.0,13.0
2011-12-23,16.0,8.0,19.0,13.0
2011-12-24,15.75,8.0,19.0,13.0
2011-12-25,15.5,8.0,19.0,13.0
2011-12-26,15.25,8.0,19.0,13.0
2011-12-27,15.0,8.0,19.0,13.0
2011-12-28,15.0,7.0,19.0,13.0
2011-12-29,15.0,7.0,19.0,12.0
2011-12-30,15.0,7.0,19.0,12.0
2011-12-31,15.0,7.0,19.0,12.0
2012-01-01,15.0,7.0,19.0,12.0
2012-01-02,15.0,7.0,19.0,12.0
2012-01-03,15.0,7.0,19.0,12.0
2012-01-04,15.0,7.0,19.0,12.0
2012-01-05,15.0,7.0,19.0,12.0
2012-01-06,15.0,7.0,19.0,12.0
2012-01-07,15.0,7.0,19.0,12.0
2012-01-08,15.0,7.0,19.0,12.0
2012-01-09,15.0,7.0,19.0,12.0
2012-01-10,15.0,7.0,19.0,12.0
2012-01-11,15.0,7.0,19.0,12.0
2012-01-12,15.0,7.0,19.0,12.0
2012-01-13,15.0,7.0,19.0,12.0
2012-01-14,15.0,7.0,19.0,12.0
2012-01-15,15.0,7.0,19.0,12.0
2012-01-16,15.0,7.0,19.0,12.0
2012-01-17,15.0,7.0,19.0,12.0
2012-01-18,12.0,7.0,19.0,12.0
2012-01-19,12.0,7.0,19.0,12.0
2012-01-20,12.0,7.0,19.0,12.0
2012-01-21,12.0,7.0,19.0,12.0
2012-01-22,12.0,7.0,19.0,12.0
2012-01-23,12.0,7.0,19.0,12.0
2012-01-24,12.0,7.0,19.0,12.0
2012-01-25,12.0,7.0,19.0,12.0
2012-01-26,12.0,7.0,19.0,12.0
2012-01-27,12.0,7.0,19.0,12.0
2012-01-28,12.0,7.0,19.0,12.0
2012-01-29,12.0,7.0,19.0,12.0
2012-01-30,12.0,7.0,19.0,12.0
2012-01-31,12.0,7.0,19.0,12.0
2012-02-01,12.0,7.0,19.0,12.0
2012-02-02,12.0,7.0,19.0,12.0
2012-02-03,12.0,7.0,19.0,12.0
2012-02-04,12.0,7.0,19.0,12.0
2012-02-05,12.0,7.0,19.0,12.0
2012-02-06,12.0,7.0,19.0,12.0
2012-02-07,12.0,7.0,19.0,12.0
2012-02-08,12.0,7.0,19.0,12.0
2012-02-09,12.0,7.0,19.0,13.0
2012-02-10,12.0,7.0,19.0,13.0
2012-02-11,12.0,7.0,19.0,13.0
2012-02-12,12.0,7.0,19.0,13.0
2012-02-13,12.0,7.0,19.0,13.0
2012-02-14,12.0,7.0,19.0,13.0
2012-02-15,12.0,7.0,19.0,13.0
2012-02-16,12.0,7.0,19.0,13.0
2012-02-17,12.0,7.0,19.0,13.0
2012-02-18,12.0,7.0,19.0,13.0
2012-02-19,12.0,7.0,19.0,13.0
2012-02-20,12.0,7.0,19.0,13.0
2012-02-21,12.0,7.0,19.0,13.0
2012-02-22,12.0,7.0,19.0,13.0
2012-02-23,10.0,7.0,19.0,13.0
2012-02-24,10.0,8.0,19.0,13.0
2012-02-25,10.0,8.0,19.0,13.0
2012-02-26,10.0,8.0,19.0,13.0
2012-02-27,10.0,8.0,19.0,13.0
2012-02-28,10.0,8.0,19.0,13.0
2012-02-29,10.0,8.0,19.0,13.0
2012-03-01,10.0,8.0,19.0,13.0
2012-03-02,10.0,8.0,19.0,13.0
2012-03-03,10.0,8.0,19.0,12.916666666666664
2012-03-04,10.0,8.0,19.0,12.833333333333336
2012-03-05,10.0,8.0,19.0,12.75
2012-03-06,10.0,8.0,19.0,12.666666666666664
2012-03-07,10.0,8.0,19.0,12.583333333333336
2012-03-08,10.0,8.0,19.0,12.5
2012-03-09,10.0,8.0,19.0,12.416666666666664
2012-03-10,10.0,8.0,19.0,12.333333333333336
2012-03-11,10.0,8.0,19.0,12.25
2012-03-12,10.0,8.0,19.0,12.166666666666664
2012-03-13,10.0,8.0,19.0,12.083333333333336
2012-03-14,10.0,8.0,19.0,12.0
2012-03-15,10.0,8.333333333333334,19.0,12.0
2012-03-16,10.0,8.666666666666666,19.0,12.0
2012-03-17,10.0,9.0,19.0,12.0
2012-03-18,10.0,9.333333333333334,19.0,12.0
2012-03-19,10.0,9.666666666666666,19.0,12.0
2012-03-20,10.0,10.0,19.0,12.0
2012-03-21,10.0,10.0,19.0,12.0
2012-03-22,10.0,10.0,19.0,12.0
2012-03-23,10.0,10.0,19.0,12.0
2012-03-24,10.0,10.0,19.0,12.0
2012-03-25,10.0,10.0,19.0,12.0
2012-03-26,10.0,10.0,19.0,12.0
2012-03-27,10.0,10.0,19.0,12.0
2012-03-28,10.0,10.0,19.0,12.0
2012-03-29,10.0,10.0,19.0,12.0
2012-03-30,10.0,10.0,19.0,12.0
2012-03-31,10.0,10.5,19.0,12.0
2012-04-01,10.0,11.0,19.0,12.0
2012-04-02,10.0,11.5,19.0,12.0
2012-04-03,10.0,12.0,19.0,12.0
2012-04-04,10.0,12.0,19.0,13.0
2012-04-05,10.0,12.0,19.0,13.0
2012-04-06,10.0,12.0,19.0,13.0
2012-04-07,10.0,12.0,19.0,13.0
2012-04-08,10.0,12.0,19.0,13.0
2012-04-09,10.0,12.0,19.0,13.0
2012-04-10,10.0,12.0,19.0,13.0
2012-04-11,10.0,12.0,19.0,13.0
2012-04-12,10.0,12.0,19.0,13.0
2012-04-13,10.0,12.0,19.0,13.0
2012-04-14,10.0,12.0,19.0,13.0
2012-04-15,10.0,12.0,19.0,13.0
2012-04-16,10.0,12.0,19.0,13.0
2012-04-17,10.0,12.0,19.0,13.0
2012-04-18,10.0,12.0,19.0,13.0
2012-04-19,10.0,12.0,19.0,13.0
2012-04-20,10.0,12.0,19.0,13.0
2012-04-21,10.0,12.0,19.0,13.0
2012-04-22,10.0,12.0,19.0,13.0
2012-04-23,10.0,12.0,19.0,13.0
2012-04-24,10.0,12.0,19.0,13.0
2012-04-25,10.0,12.0,19.0,13.0
2012-04-26,10.0,12.0,19.0,13.0
2012-04-27,10.0,12.0,19.0,13.0
2012-04-28,10.0,12.0,19.0,13.0
2012-04-29,10.0,12.0,19.0,13.0
2012-04-30,10.0,12.0,19.0,13.0
2012-05-01,10.0,12.0,19.0,13.0
2012-05-02,10.0,12.0,19.0,13.0
2012-05-03,10.0,12.0,19.0,13.0
2012-05-04,10.0,15.0,19.0,13.0
2012-05-05,10.0,15.0,19.0,13.0
2012-05-06,10.0,15.0,19.0,13.0
2012-05-07,10.0,15.0,19.0,13.0
2012-05-08,10.0,15.0,19.0,13.0
2012-05-09,10.0,15.0,19.0,13.0
2012-05-10,10.0,15.0,19.0,13.0
2012-05-11,10.0,15.0,19.0,13.0
2012-05-12,10.0,15.0,19.0,13.0
2012-05-13,10.0,15.0,19.0,13.0
2012-05-14,10.0,15.0,19.0,13.0
2012-05-15,10.0,15.0,19.0,13.0
2012-05-16,10.0,15.0,19.0,13.0
2012-05-17,10.0,15.0,19.0,13.0
2012-05-18,10.0,15.0,19.0,13.0
2012-05-19,10.0,15.0,19.0,13.0
2012-05-20,10.0,15.0,19.0,13.0
2012-05-21,10.0,15.0,19.0,13.0
2012-05-22,10.0,15.0,19.0,13.0
2012-05-23,10.0,15.0,19.0,13.0
2012-05-24,10.0,15.0,19.0,13.0
2012-05-25,10.0,15.0,19.0,13.0
2012-05-26,10.0,15.0,19.0,13.0
2012-05-27,10.0,15.0,19.0,13.0
2012-05-28,10.0,15.0,19.0,13.0
2012-05-29,10.0,15.0,19.0,13.0
2012-05-30,10.0,15.0,19.0,13.0
2012-05-31,10.0,15.0,19.0,13.0
2012-06-01,10.0,15.0,19.0,13.0
2012-06-02,10.0,15.0,19.0,13.0
2012-06-03,10.0,15.0,19.0,13.0
2012-06-04,10.0,15.0,19.0,13.0
2012-06-05,10.0,15.0,19.0,13.0
2012-06-06,10.0,15.0,19.0,13.0
2012-06-07,10.0,15.0,19.0,13.0
2012-06-08,10.0,15.0,19.0,13.0
2012-06-09,10.0,15.0,19.0,13.0
2012-06-10,10.0,15.0,19.0,13.0
2012-06-11,10.0,15.0,19.0,13.0
2012-06-12,10.0,15.0,19.0,13.0
2012-06-13,10.0,15.0,19.0,13.0
2012-06-14,10.0,15.0,19.0,13.0
2012-06-15,10.0,15.0,19.0,13.0
2012-06-16,10.0,15.0,19.0,13.0
2012-06-17,10.0,15.0,19.0,13.0
2012-06-18,10.0,15.0,19.0,13.0
2012-06-19,10.0,15.0,19.0,13.0
2012-06-20,10.0,15.0,19.0,13.0
2012-06-21,10.0,15.0,19.0,13.0
2012-06-22,10.0,15.0,19.0,13.0
2012-06-23,10.0,15.0,19.0,13.0
2012-06-24,10.0,15.0,19.0,13.0
2012-06-25,10.0,15.0,19.0,13.0
2012-06-26,10.0,15.0,19.0,13.0
2012-06-27,10.0,15.0,19.0,13.0
2012-06-28,10.0,16.0,19.0,13.0
2012-06-29,10.0,16.0,19.0,13.0
2012-06-30,10.0,16.0,19.0,13.0
2012-07-01,10.0,16.0,19.0,13.0
2012-07-02,10.0,16.0,19.0,13.0
2012-07-03,10.0,16.0,19.0,13.0
2012-07-04,10.0,16.0,19.0,13.0
2012-07-05,10.0,16.0,19.0,13.0
2012-07-06,10.0,16.0,19.0,13.0
2012-07-07,10.0,16.0,19.0,13.0
2012-07-08,10.0,16.0,19.0,13.0
2012-07-09,10.0,16.0,19.0,13.0
2012-07-10,10.0,16.0,19.0,13.0
2012-07-11,10.0,16.0,19.0,13.0
2012-07-12,10.0,16.0,19.0,13.0
2012-07-13,10.0,16.0,19.0,13.0
2012-07-14,10.0,16.0,19.0,13.0
2012-07-15,10.0,16.0,19.0,13.0
2012-07-16,10.0,16.0,19.0,13.0
2012-07-17,10.0,16.0,19.0,13.0
2012-07-18,10.0,16.0,19.0,13.0
2012-07-19,10.0,20.0,19.0,13.0
2012-07-20,10.0,20.0,19.0,13.0
2012-07-21,10.0,20.0,19.0,13.0
2012-07-22,10.0,20.0,19.0,13.0
2012-07-23,10.0,20.0,19.0,13.0
2012-07-24,10.0,20.0,19.0,13.0
2012-07-25,10.0,20.0,19.0,13.0
2012-07-26,10.0,20.0,19.0,13.0
2012-07-27,10.0,20.0,19.0,13.0
2012-07-28,10.0,20.0,19.25,13.0
2012-07-29,10.0,20.0,19.5,13.0
2012-07-30,10.0,20.0,19.75,13.0
2012-07-31,10.0,20.0,20.0,13.0
2012-08-01,10.0,20.0,20.0,13.0
2012-08-02,10.166666666666666,20.0,20.0,13.166666666666664
2012-08-03,10.333333333333334,20.0,20.0,13.333333333333336
2012-08-04,10.5,20.0,20.0,13.5
2012-08-05,10.666666666666666,20.0,20.0,13.666666666666664
2012-08-06,10.833333333333336,20.0,20.0,13.833333333333336
2012-08-07,11.0,20.0,20.0,14.0
2012-08-08,11.0,20.0,20.0,14.0
2012-08-09,11.0,20.0,20.0,14.0
2012-08-10,11.8,20.0,20.0,14.0
2012-08-11,12.6,20.0,20.0,14.0
2012-08-12,13.4,20.0,20.0,14.0
2012-08-13,14.2,20.0,20.0,14.0
2012-08-14,15.0,20.0,20.0,14.0
2012-08-15,15.0,20.0,20.0,14.0
2012-08-16,15.0,20.0,20.0,14.0
2012-08-17,15.0,20.0,20.0,14.0
2012-08-18,15.0,20.0,20.0,14.0
2012-08-19,15.0,20.0,20.0,14.0
2012-08-20,15.0,20.0,20.0,14.0
2012-08-21,15.0,20.0,20.0,14.0
2012-08-22,15.0,20.0,20.0,14.0
2012-08-23,15.0,20.0,20.0,14.0
2012-08-24,15.0,20.0,20.0,14.0
2012-08-25,14.25,20.0,20.0,14.25
2012-08-26,13.5,20.0,20.0,14.5
2012-08-27,12.75,20.0,20.0,14.75
2012-08-28,12.0,20.0,20.0,15.0
2012-08-29,12.0,20.0,20.0,15.0
2012-08-30,12.0,20.0,20.0,15.0
2012-08-31,12.0,20.0,20.0,15.0
2012-09-01,12.0,20.0,20.0,15.0
2012-09-02,12.0,20.0,20.0,15.0
2012-09-03,12.0,20.0,20.0,15.0
2012-09-04,12.0,20.0,20.0,15.0
2012-09-05,12.0,20.0,20.0,15.0
2012-09-06,12.0,20.0,20.0,15.0
2012-09-07,12.0,20.0,20.0,15.0
2012-09-08,12.0,20.0,20.0,15.0
2012-09-09,12.0,20.0,20.0,15.0
2012-09-10,12.0,20.0,20.0,15.0
2012-09-11,12.0,20.0,20.0,15.0
2012-09-12,12.0,20.0,20.0,16.0
2012-09-13,12.0,20.0,20.0,16.0
2012-09-14,12.0,20.0,20.0,15.0
2012-09-15,12.0,20.0,20.0,15.0
2012-09-16,12.0,20.0,20.0,15.0
2012-09-17,12.0,20.0,20.0,15.0
2012-09-18,12.0,20.0,20.0,15.0
2012-09-19,12.0,20.0,20.0,15.0
2012-09-20,12.0,20.0,20.0,15.0
2012-09-21,12.0,20.0,20.0,15.0
2012-09-22,12.0,20.0,20.0,15.0
2012-09-23,12.0,20.0,20.0,15.0
2012-09-24,12.0,20.0,20.0,15.0
2012-09-25,12.0,20.0,20.0,15.0
2012-09-26,12.0,20.0,20.0,15.0
2012-09-27,12.0,20.0,20.0,15.0
2012-09-28,12.0,20.0,20.0,15.0
2012-09-29,12.0,20.0,20.0,15.0
2012-09-30,12.0,20.0,20.0,15.0
2012-10-01,12.0,20.0,20.0,15.0
2012-10-02,12.0,20.0,20.0,15.0
2012-10-03,12.0,20.0,20.0,15.0
2012-10-04,12.0,20.0,20.0,15.0
2012-10-05,12.0,20.0,20.0,14.0
2012-10-06,12.0,20.0,20.0,14.0
2012-10-07,12.0,20.0,20.0,14.0
2012-10-08,12.0,20.0,20.0,14.0
2012-10-09,12.0,20.0,20.0,14.0
2012-10-10,12.0,20.0,20.0,14.0
2012-10-11,10.0,18.0,20.0,14.0
2012-10-12,10.0,18.0,19.0,15.0
2012-10-13,10.333333333333334,18.0,19.0,15.0
2012-10-14,10.666666666666666,18.0,19.0,15.0
2012-10-15,11.0,18.0,19.0,15.0
2012-10-16,11.333333333333336,18.0,19.0,15.0
2012-10-17,11.666666666666664,18.0,19.0,15.0
2012-10-18,12.0,18.0,19.0,15.0
2012-10-19,12.0,17.0,19.0,15.0
2012-10-20,12.0,17.0,18.857142857142858,15.0
2012-10-21,12.0,17.0,18.714285714285715,15.0
2012-10-22,12.0,17.0,18.571428571428573,15.0
2012-10-23,12.0,17.0,18.428571428571427,15.0
2012-10-24,12.0,17.0,18.285714285714285,15.0
2012-10-25,12.0,17.0,18.142857142857142,15.0
2012-10-26,12.0,17.0,18.0,15.0
2012-10-27,12.2,17.0,18.0,15.0
2012-10-28,12.4,17.0,18.0,15.0
2012-10-29,12.6,17.0,18.0,15.0
2012-10-30,12.8,17.0,18.0,15.0
2012-10-31,13.0,17.0,18.0,15.0
2012-11-01,13.333333333333336,17.5,18.0,15.0
2012-11-02,13.666666666666664,18.0,18.0,15.0
2012-11-03,14.0,18.5,18.0,15.0
2012-11-04,14.333333333333336,19.0,18.0,15.0
2012-11-05,14.666666666666664,19.5,18.0,15.0
2012-11-06,15.0,20.0,18.0,15.0
2012-11-07,15.0,20.0,18.0,15.0
2012-11-08,15.0,20.0,18.0,15.0
2012-11-09,15.0,20.0,18.0,15.0
2012-11-10,15.0,20.0,18.0,15.0
2012-11-11,15.0,20.0,18.0,15.0
2012-11-12,15.0,20.0,18.0,15.0
2012-11-13,15.0,20.0,18.0,15.0
2012-11-14,15.0,20.0,18.0,15.0
2012-11-15,15.0,20.0,18.0,15.0
2012-11-16,15.0,20.0,18.0,15.0
2012-11-17,15.0,20.0,18.0,15.0
2012-11-18,15.0,20.0,18.0,15.0
2012-11-19,15.0,20.0,18.0,15.0
2012-11-20,15.0,20.0,18.0,15.0
2012-11-21,15.0,20.0,18.0,15.0
2012-11-22,15.0,20.0,18.0,15.0
2012-11-23,15.0,20.0,18.0,15.0
2012-11-24,15.0,20.0,18.0,15.0
2012-11-25,15.0,20.0,18.0,15.0
2012-11-26,15.0,20.0,18.0,15.0
2012-11-27,15.0,20.0,18.0,15.0
2012-11-28,15.0,20.0,18.0,15.0
2012-11-29,15.0,20.0,18.0,15.0
2012-11-30,15.0,20.0,18.0,15.0
2012-12-01,15.0,18.75,18.0,15.0
2012-12-02,15.0,17.5,18.0,15.0
2012-12-03,15.0,16.25,18.0,15.0
2012-12-04,15.0,15.0,18.0,15.0
2012-12-05,15.0,15.0,18.0,15.0
2012-12-06,15.0,15.0,18.0,15.0
2012-12-07,15.0,15.0,18.0,15.0
2012-12-08,15.0,15.0,18.0,15.0
2012-12-09,15.0,15.0,18.0,15.0
2012-12-10,15.0,15.0,18.0,15.0
2012-12-11,15.0,15.0,18.0,15.0
2012-12-12,15.0,12.0,18.0,15.0
2012-12-13,15.0,10.0,18.0,15.0
2012-12-14,15.0,10.0,18.0,15.0
2012-12-15,15.0,10.0,18.0,15.0
2012-12-16,15.0,10.0,18.0,15.0
2012-12-17,15.0,10.0,18.0,15.0
2012-12-18,15.0,10.0,18.0,15.0
2012-12-19,15.0,10.0,18.0,15.0
2012-12-20,15.0,10.0,18.0,15.0
2012-12-21,15.0,10.0,18.0,15.0
2012-12-22,15.0,10.0,18.0,15.0
2012-12-23,15.0,10.0,18.0,15.0
2012-12-24,15.0,10.0,18.0,15.0
2012-12-25,15.0,10.0,18.0,15.0
2012-12-26,15.0,10.0,18.0,15.0
2012-12-27,15.0,10.0,18.0,15.0
2012-12-28,15.0,10.0,18.0,15.0
2012-12-29,15.0,10.0,18.0,15.0
2012-12-30,15.0,10.0,18.0,15.0
2012-12-31,15.0,10.0,18.0,15.0
2013-01-01,15.0,10.0,18.0,15.0
2013-01-02,15.0,10.0,18.0,15.0
2013-01-03,18.0,10.0,18.0,15.0
2013-01-04,18.0,10.0,18.0,15.0
2013-01-05,18.0,10.0,18.0,15.0
2013-01-06,18.0,10.0,18.0,15.0
2013-01-07,18.0,10.0,18.0,15.0
2013-01-08,18.0,10.0,18.0,15.0
2013-01-09,18.0,10.0,18.0,15.0
2013-01-10,18.0,10.0,18.0,15.0
2013-01-11,18.0,10.0,18.0,15.0
2013-01-12,18.0,10.0,18.0,15.0
2013-01-13,18.0,10.0,18.0,15.0
2013-01-14,18.0,10.0,18.0,15.0
2013-01-15,18.0,10.0,18.0,15.0
2013-01-16,18.0,10.0,18.0,15.0
2013-01-17,20.0,10.0,18.0,15.0
2013-01-18,20.0,10.0,18.0,15.0
2013-01-19,20.0,10.0,18.0,15.0
2013-01-20,20.0,10.0,18.0,15.0
2013-01-21,20.0,10.0,18.0,15.0
2013-01-22,20.0,10.0,18.0,15.0
2013-01-23,20.0,10.0,18.0,15.0
2013-01-24,20.0,10.0,18.0,15.0
2013-01-25,20.0,10.0,18.0,15.0
2013-01-26,20.0,10.0,18.0,15.0
2013-01-27,20.0,10.0,18.0,15.0
2013-01-28,20.0,10.0,18.0,15.0
2013-01-29,20.0,10.0,18.0,15.0
2013-01-30,20.0,10.0,18.0,15.0
2013-01-31,20.0,10.0,18.0,15.0
2013-02-01,20.0,10.0,18.0,15.0
2013-02-02,21.0,10.0,18.0,15.25
2013-02-03,22.0,10.0,18.0,15.5
2013-02-04,23.0,10.0,18.0,15.75
2013-02-05,24.0,10.0,18.0,16.0
2013-02-06,24.0,10.0,18.0,16.0
2013-02-07,24.0,10.0,18.0,16.0
2013-02-08,24.0,10.0,18.0,16.0
2013-02-09,23.5,10.0,18.0,16.0
2013-02-10,23.0,10.0,18.0,16.0
2013-02-11,22.5,10.0,18.0,16.0
2013-02-12,22.0,10.0,18.0,16.0
2013-02-13,22.0,10.0,18.0,16.0
2013-02-14,22.0,10.0,18.0,16.0
2013-02-15,22.0,10.0,18.0,16.0
2013-02-16,22.0,10.0,18.0,16.0
2013-02-17,22.0,10.0,18.0,16.0
2013-02-18,22.0,10.0,18.0,16.0
2013-02-19,22.0,10.0,18.0,16.0
2013-02-20,22.0,10.0,18.0,16.0
2013-02-21,22.0,10.0,18.0,16.0
2013-02-22,22.0,10.0,18.0,17.0
2013-02-23,22.0,10.0,18.0,17.0
2013-02-24,22.0,10.0,18.0,17.0
2013-02-25,22.0,10.0,18.0,17.0
2013-02-26,22.0,10.0,18.0,17.0
2013-02-27,22.0,10.0,18.0,17.0
2013-02-28,22.0,10.0,18.0,17.0
2013-03-01,22.0,10.0,18.0,17.0
2013-03-02,21.5,10.0,18.0,17.0
2013-03-03,21.0,10.0,18.0,17.0
2013-03-04,20.5,10.0,18.0,17.0
2013-03-05,20.0,10.0,18.0,17.0
2013-03-06,20.0,10.0,18.0,17.0
2013-03-07,20.0,10.0,18.0,17.0
2013-03-08,20.0,10.0,18.0,17.0
2013-03-09,20.0,10.0,18.0,17.0
2013-03-10,20.0,10.0,18.0,17.0
2013-03-11,20.0,10.0,18.0,17.0
2013-03-12,20.0,10.0,18.0,17.0
2013-03-13,20.0,10.0,18.0,17.0
2013-03-14,20.0,10.0,18.0,17.0
2013-03-15,20.0,10.0,18.0,16.0
2013-03-16,20.0,10.0,18.0,16.0
2013-03-17,20.0,10.0,18.0,16.0
2013-03-18,20.0,10.0,18.0,16.0
2013-03-19,20.0,10.0,18.0,16.0
2013-03-20,20.0,10.0,19.0,16.0
2013-03-21,20.0,10.0,19.0,16.0
2013-03-22,20.0,10.0,19.0,16.0
2013-03-23,20.0,10.0,19.09090909090909,16.0
2013-03-24,20.0,10.0,19.181818181818183,16.0
2013-03-25,20.0,10.0,19.272727272727273,16.0
2013-03-26,20.0,10.0,19.363636363636363,16.0
2013-03-27,20.0,10.0,19.454545454545453,16.0
2013-03-28,20.0,10.0,19.545454545454547,16.0
2013-03-29,20.0,10.0,19.63636363636364,16.0
2013-03-30,20.0,10.0,19.727272727272727,16.0
2013-03-31,20.0,10.0,19.818181818181817,16.0
2013-04-01,20.0,10.0,19.90909090909091,16.0
2013-04-02,20.0,10.0,20.0,16.0
2013-04-03,20.0,10.0,20.0,16.0
2013-04-04,20.0,10.0,20.0,16.0
2013-04-05,20.0,10.0,20.0,16.0
2013-04-06,20.0,10.0,20.0,16.0
2013-04-07,20.0,10.0,20.0,16.0
2013-04-08,20.0,10.0,20.0,16.0
2013-04-09,20.0,10.0,20.0,16.0
2013-04-10,20.0,10.0,20.0,16.0
2013-04-11,20.0,10.0,20.0,16.0
2013-04-12,20.0,10.0,20.0,15.8
2013-04-13,20.0,10.0,20.0,15.6
2013-04-14,20.0,10.0,20.0,15.4
2013-04-15,20.0,10.0,20.0,15.2
2013-04-16,20.0,10.0,20.0,15.0
2013-04-17,20.0,10.0,20.0,15.0
2013-04-18,20.0,10.0,20.0,15.0
2013-04-19,20.0,10.25,20.0,15.0
2013-04-20,20.0,10.5,20.0,15.0
2013-04-21,20.0,10.75,20.0,15.0
2013-04-22,20.0,11.0,20.0,15.0
2013-04-23,20.0,11.25,20.0,15.0
2013-04-24,20.0,11.5,20.0,15.0
2013-04-25,20.0,11.75,20.0,15.0
2013-04-26,20.0,12.0,20.0,15.0
2013-04-27,20.0,12.5,20.0,15.0
2013-04-28,20.0,13.0,20.0,15.0
2013-04-29,20.0,13.5,20.0,15.0
2013-04-30,20.0,14.0,20.0,15.0
2013-05-01,20.0,14.0,20.0,15.0
2013-05-02,20.0,14.0,20.0,15.0
2013-05-03,20.0,14.0,20.0,15.0
2013-05-04,20.0,14.25,20.0,15.0
2013-05-05,20.0,14.5,20.0,15.0
2013-05-06,20.0,14.75,20.0,15.0
2013-05-07,20.0,15.0,20.0,15.0
2013-05-08,20.0,15.0,20.0,15.0
2013-05-09,20.0,15.0,20.0,15.0
2013-05-10,20.0,15.0,20.0,15.0
2013-05-11,20.0,15.0,20.0,15.0
2013-05-12,20.0,15.0,20.0,15.0
2013-05-13,20.0,15.0,20.0,15.0
2013-05-14,20.0,15.0,20.0,15.0
2013-05-15,20.0,15.0,20.0,15.0
2013-05-16,20.0,15.0,20.0,15.0
2013-05-17,20.0,15.0,20.0,15.0
2013-05-18,20.0,15.0,20.0,15.0
2013-05-19,20.0,15.0,20.0,15.0
2013-05-20,20.0,15.0,20.0,15.0
2013-05-21,20.0,15.0,20.0,15.0
2013-05-22,20.0,15.0,20.0,15.0
2013-05-23,20.0,15.0,20.0,15.0
2013-05-24,20.0,15.0,20.0,15.0
2013-05-25,20.0,15.0,20.0,15.0
2013-05-26,20.0,15.0,20.0,15.0
2013-05-27,20.0,15.0,20.0,15.0
2013-05-28,20.0,15.0,20.0,15.0
2013-05-29,20.0,15.0,20.0,15.0
2013-05-30,20.0,15.0,20.0,15.0
2013-05-31,20.0,15.0,20.0,16.0
2013-06-01,20.0,15.0,20.0,16.0
2013-06-02,20.0,15.0,20.0,16.0
2013-06-03,20.0,15.0,20.0,16.0
2013-06-04,20.0,15.0,20.0,16.0
2013-06-05,20.0,15.0,20.0,16.0
2013-06-06,20.0,15.0,20.0,16.0
2013-06-07,20.0,15.0,20.0,16.0
2013-06-08,20.0,15.0,20.0,16.0
2013-06-09,20.0,15.0,20.0,16.0
2013-06-10,20.0,15.0,20.0,16.0
2013-06-11,20.0,15.0,20.0,16.0
2013-06-12,20.0,15.0,20.0,16.0
2013-06-13,20.0,15.0,20.0,17.0
2013-06-14,20.0,15.0,20.0,17.0
2013-06-15,20.0,15.0,20.0,17.0
2013-06-16,20.0,15.0,20.0,17.0
2013-06-17,20.0,15.0,20.0,17.0
2013-06-18,20.0,15.0,20.0,17.0
2013-06-19,20.0,15.0,20.0,17.0
2013-06-20,20.0,15.0,20.0,17.0
2013-06-21,20.0,16.0,20.0,17.0
2013-06-22,20.0,16.0,20.0,17.0
2013-06-23,20.0,16.0,20.0,17.0
2013-06-24,20.0,16.0,20.0,17.0
2013-06-25,20.0,16.0,20.0,17.0
2013-06-26,20.0,16.0,21.0,16.0
2013-06-27,20.0,16.0,21.0,17.0
2013-06-28,20.0,16.0,21.0,17.0
2013-06-29,20.0,16.0,21.0,17.0
2013-06-30,20.0,16.0,21.0,17.0
2013-07-01,20.0,16.0,21.0,17.0
2013-07-02,20.0,16.0,21.0,17.0
2013-07-03,20.0,16.0,21.0,17.0
2013-07-04,20.0,16.0,21.0,17.0
2013-07-05,20.0,17.0,21.0,17.0
2013-07-06,20.5,17.0,21.0,17.0
2013-07-07,21.0,17.0,21.0,17.0
2013-07-08,21.5,17.0,21.0,17.0
2013-07-09,22.0,17.0,21.0,17.0
2013-07-10,22.0,17.0,21.0,17.0
2013-07-11,22.0,17.0,21.0,17.0
2013-07-12,22.0,17.0,21.0,17.0
2013-07-13,22.0,17.0,21.0,17.0
2013-07-14,22.0,17.0,21.0,17.0
2013-07-15,22.0,17.0,21.0,17.0
2013-07-16,22.0,17.0,21.0,17.0
2013-07-17,22.0,17.0,21.0,17.0
2013-07-18,25.0,17.0,21.0,17.0
2013-07-19,25.0,17.0,21.0,17.0
2013-07-20,26.25,17.0,21.0,16.75
2013-07-21,27.5,17.0,21.0,16.5
2013-07-22,28.75,17.0,21.0,16.25
2013-07-23,30.0,17.0,21.0,16.0
2013-07-24,30.0,17.0,21.0,16.0
2013-07-25,30.0,17.0,21.0,16.0
2013-07-26,30.0,17.0,21.0,16.0
2013-07-27,30.0,17.0,21.0,16.0
2013-07-28,30.0,17.0,21.0,16.0
2013-07-29,30.0,17.0,21.0,16.0
2013-07-30,30.0,17.0,21.0,16.0
2013-07-31,30.0,17.0,21.0,16.0
2013-08-01,30.0,17.0,21.0,16.0
2013-08-02,30.0,17.0,21.0,16.0
2013-08-03,30.0,17.0,21.0,16.0
2013-08-04,30.0,17.0,21.0,16.0
2013-08-05,30.0,17.0,21.0,16.0
2013-08-06,30.0,17.0,21.0,16.0
2013-08-07,30.0,17.0,21.0,16.0
2013-08-08,30.0,17.0,21.0,16.0
2013-08-09,30.33333333333333,17.0,21.0,16.0
2013-08-10,30.66666666666667,17.0,21.0,16.0
2013-08-11,31.0,17.0,21.0,16.0
2013-08-12,31.33333333333333,17.0,21.0,16.0
2013-08-13,31.66666666666667,17.0,21.0,16.0
2013-08-14,32.0,17.0,21.0,16.0
2013-08-15,35.0,17.166666666666668,21.0,16.0
2013-08-16,38.0,17.333333333333332,21.0,16.0
2013-08-17,41.0,17.5,21.0,16.0
2013-08-18,44.0,17.666666666666668,21.0,16.0
2013-08-19,47.0,17.833333333333332,21.0,16.0
2013-08-20,50.0,18.0,21.0,16.0
2013-08-21,50.0,18.0,21.0,16.0
2013-08-22,50.0,18.0,21.0,16.0
2013-08-23,50.0,18.0,21.0,16.0
2013-08-24,51.25,18.0,21.0,16.0
2013-08-25,52.5,18.0,21.0,16.0
2013-08-26,53.75,18.0,21.0,16.0
2013-08-27,55.0,18.0,21.0,16.0
2013-08-28,53.33333333333334,17.666666666666668,21.0,16.0
2013-08-29,51.66666666666666,17.333333333333332,21.0,16.0
2013-08-30,50.0,17.0,21.0,16.0
2013-08-31,50.0,17.0,21.0,16.0
2013-09-01,50.0,17.0,21.0,16.0
2013-09-02,50.0,17.0,21.0,16.0
2013-09-03,50.0,17.0,21.0,16.0
2013-09-04,50.0,17.0,21.0,16.0
2013-09-05,50.0,17.0,21.0,16.0
2013-09-06,50.0,17.0,21.0,16.0
2013-09-07,50.0,17.0,21.0,16.0
2013-09-08,50.0,17.0,21.0,16.0
2013-09-09,50.0,17.0,21.0,16.0
2013-09-10,50.0,17.0,21.0,16.0
2013-09-11,50.0,16.0,21.0,16.0
2013-09-12,50.0,16.0,21.0,16.0
2013-09-13,50.0,16.0,21.0,16.0
2013-09-14,53.33333333333334,16.0,21.0,16.0
2013-09-15,56.66666666666666,16.0,21.0,16.0
2013-09-16,60.0,16.0,21.0,16.0
2013-09-17,63.33333333333334,16.0,21.0,16.0
2013-09-18,66.66666666666667,16.0,21.0,16.0
2013-09-19,70.0,16.0,21.0,16.0
2013-09-20,70.0,16.0,21.0,16.0
2013-09-21,68.57142857142857,16.0,21.0,16.0
2013-09-22,67.14285714285714,16.0,21.0,16.0
2013-09-23,65.71428571428571,16.0,21.0,16.0
2013-09-24,64.28571428571429,16.0,21.0,16.0
2013-09-25,62.85714285714285,16.0,21.0,16.0
2013-09-26,61.42857142857143,16.0,21.0,16.0
2013-09-27,60.0,16.0,21.0,16.0
2013-09-28,59.5,16.0,21.0,16.0
2013-09-29,59.0,16.0,21.0,16.0
2013-09-30,58.5,16.0,21.0,16.0
2013-10-01,58.0,16.0,21.0,16.0
2013-10-02,58.0,16.0,21.0,16.0
2013-10-03,58.0,16.0,21.0,16.0
2013-10-04,58.0,16.0,21.0,16.0
2013-10-05,56.5,16.0,21.0,16.0
2013-10-06,55.0,16.0,21.0,16.0
2013-10-07,53.5,16.0,21.0,16.0
2013-10-08,52.0,16.0,21.0,16.0
2013-10-09,50.0,16.0,21.0,16.0
2013-10-10,50.0,16.0,21.0,16.0
2013-10-11,50.0,16.0,21.0,16.0
2013-10-12,52.27272727272727,16.0,21.0,16.0
2013-10-13,54.54545454545455,16.0,21.0,16.0
2013-10-14,56.81818181818182,16.0,21.0,16.0
2013-10-15,59.09090909090909,16.0,21.0,16.0
2013-10-16,61.36363636363637,16.0,21.0,16.0
2013-10-17,63.63636363636364,16.0,21.0,16.0
2013-10-18,65.9090909090909,16.0,21.0,16.0
2013-10-19,68.18181818181819,16.0,21.0,16.0
2013-10-20,70.45454545454545,16.0,21.0,16.0
2013-10-21,72.72727272727273,16.0,21.0,16.0
2013-10-22,75.0,16.0,21.0,16.0
2013-10-23,75.0,16.0,21.0,16.333333333333332
2013-10-24,75.0,16.0,21.0,16.666666666666668
2013-10-25,75.0,16.0,21.0,17.0
2013-10-26,71.25,16.25,21.0,17.0
2013-10-27,67.5,16.5,21.0,17.0
2013-10-28,63.75,16.75,21.0,17.0
2013-10-29,60.0,17.0,21.0,17.0
2013-10-30,60.0,22.0,21.0,17.0
2013-10-31,60.0,22.0,21.0,17.0
2013-11-01,50.0,22.0,21.0,17.0
2013-11-02,50.0,22.0,21.0,17.0
2013-11-03,50.0,22.0,21.0,17.0
2013-11-04,50.0,22.0,21.0,17.0
2013-11-05,50.0,22.0,21.0,17.0
2013-11-06,50.0,22.0,21.0,17.0
2013-11-07,50.0,22.0,21.0,17.0
2013-11-08,50.0,22.0,21.0,17.0
2013-11-09,52.5,22.75,21.0,17.0
2013-11-10,55.0,23.5,21.0,17.0
2013-11-11,57.5,24.25,21.0,17.0
2013-11-12,60.0,25.0,21.0,17.0
2013-11-13,70.0,25.0,21.0,17.0
2013-11-14,70.0,25.0,21.0,18.0
2013-11-15,70.0,25.0,21.0,18.0
2013-11-16,70.0,25.0,21.0,18.0
2013-11-17,70.0,25.0,21.0,18.0
2013-11-18,70.0,25.0,21.0,18.0
2013-11-19,70.0,25.0,21.0,18.0
2013-11-20,50.0,25.0,21.0,18.0
2013-11-21,50.0,25.0,21.0,18.0
2013-11-22,45.0,25.0,21.0,18.0
2013-11-23,45.0,25.0,21.0,18.0
2013-11-24,45.0,25.0,21.0,18.0
2013-11-25,45.0,25.0,21.0,18.0
2013-11-26,45.0,25.0,21.0,18.0
2013-11-27,40.0,20.0,21.0,18.0
2013-11-28,40.0,20.0,21.0,18.0
2013-11-29,40.0,20.0,21.0,18.0
2013-11-30,40.0,20.0,21.0,18.0
2013-12-01,40.0,20.0,21.0,18.0
2013-12-02,40.0,20.0,21.0,18.0
2013-12-03,40.0,20.0,21.0,18.0
2013-12-04,36.66666666666666,20.0,21.0,18.0
2013-12-05,33.333333333333336,20.0,21.0,18.0
2013-12-06,30.0,20.0,21.0,18.0
2013-12-07,30.0,20.0,21.0,18.0
2013-12-08,30.0,20.0,21.0,18.0
2013-12-09,30.0,20.0,21.0,18.0
2013-12-10,30.0,20.0,21.0,18.0
2013-12-11,30.0,20.0,21.0,18.0
2013-12-12,30.0,20.0,21.0,18.0
2013-12-13,30.0,20.0,21.0,18.0
2013-12-14,29.25,20.0,21.0,18.0
2013-12-15,28.5,20.0,21.0,18.0
2013-12-16,27.75,20.0,21.0,18.0
2013-12-17,27.0,20.0,21.0,18.0
2013-12-18,25.0,17.0,21.0,18.0
2013-12-19,25.0,17.0,21.0,18.0
2013-12-20,25.0,17.0,21.0,18.0
2013-12-21,24.57142857142857,16.857142857142858,21.0,18.0
2013-12-22,24.142857142857146,16.714285714285715,21.0,18.0
2013-12-23,23.714285714285715,16.571428571428573,21.0,18.0
2013-12-24,23.285714285714285,16.428571428571427,21.0,18.0
2013-12-25,22.857142857142854,16.285714285714285,21.0,18.0
2013-12-26,22.42857142857143,16.142857142857142,21.0,18.0
2013-12-27,22.0,16.0,21.0,18.0
2013-12-28,22.0,16.0,21.0,18.0
2013-12-29,22.0,16.0,21.0,18.0
2013-12-30,22.0,16.0,21.0,18.0
2013-12-31,22.0,16.0,21.0,18.0
