date,Wheat_Lokwan,Wheat_Rajasthan Tukdi
2005-01-01,7.9,8.45
2005-01-02,7.9,8.45
2005-01-03,7.9,8.45
2005-01-04,7.9,8.45
2005-01-05,7.9,8.15
2005-01-06,7.9,8.45
2005-01-07,7.8,8.5
2005-01-08,7.7,8.4
2005-01-09,7.69,8.28
2005-01-10,7.68,8.16
2005-01-11,7.67,8.04
2005-01-12,7.66,7.92
2005-01-13,7.65,7.8
2005-01-14,7.758333333333334,7.95
2005-01-15,7.866666666666666,8.1
2005-01-16,7.975,8.25
2005-01-17,8.083333333333334,8.4
2005-01-18,8.191666666666666,8.55
2005-01-19,8.3,8.7
2005-01-20,8.25,8.5
2005-01-21,8.18,8.55
2005-01-22,8.11,8.6
2005-01-23,8.04,8.65
2005-01-24,7.97,8.7
2005-01-25,7.9,8.75
2005-01-26,7.9833333333333325,8.683333333333334
2005-01-27,8.066666666666666,8.616666666666667
2005-01-28,8.15,8.55
2005-01-29,7.9,8.45
2005-01-30,7.966666666666666,8.55
2005-01-31,8.033333333333333,8.65
2005-02-01,8.1,8.75
2005-02-02,7.9,8.3
2005-02-03,8.2,8.65
2005-02-04,7.4,8.5
2005-02-05,8.0,8.65
2005-02-06,8.0,8.716666666666667
2005-02-07,8.0,8.783333333333333
2005-02-08,8.0,8.85
2005-02-09,7.9,8.25
2005-02-10,8.0,8.45
2005-02-11,8.25,7.6
2005-02-12,8.25,8.85
2005-02-13,8.083333333333334,8.7
2005-02-14,7.916666666666666,8.55
2005-02-15,7.75,8.4
2005-02-16,7.3,8.3
2005-02-17,7.35,8.316666666666666
2005-02-18,7.4,8.333333333333334
2005-02-19,7.45,8.35
2005-02-20,7.4,8.0375
2005-02-21,7.35,7.725
2005-02-22,7.3,7.4125
2005-02-23,7.25,7.1
2005-02-24,7.25,8.1
2005-02-25,7.4,7.65
2005-02-26,7.3,6.9
2005-02-27,7.2666666666666675,7.15
2005-02-28,7.2333333333333325,7.4
2005-03-01,7.2,7.65
2005-03-02,7.0,7.7
2005-03-03,6.95,8.15
2005-03-04,6.942857142857143,8.02142857142857
2005-03-05,6.935714285714287,7.892857142857142
2005-03-06,6.928571428571429,7.764285714285713
2005-03-07,6.921428571428571,7.635714285714285
2005-03-08,6.914285714285715,7.507142857142856
2005-03-09,6.9071428571428575,7.378571428571429
2005-03-10,6.9,7.25
2005-03-11,7.25,7.7
2005-03-12,7.175,7.85
2005-03-13,7.1,8.0
2005-03-14,7.025,8.15
2005-03-15,6.95,8.3
2005-03-16,7.0,7.6
2005-03-17,7.75,8.65
2005-03-18,6.9,8.05
2005-03-19,7.0,7.8
2005-03-20,7.2,7.966666666666666
2005-03-21,7.4,8.133333333333333
2005-03-22,7.6,8.3
2005-03-23,7.590909090909091,8.286363636363637
2005-03-24,7.581818181818181,8.272727272727273
2005-03-25,7.572727272727272,8.259090909090908
2005-03-26,7.5636363636363635,8.245454545454544
2005-03-27,7.554545454545455,8.23181818181818
2005-03-28,7.545454545454545,8.218181818181819
2005-03-29,7.536363636363636,8.204545454545455
2005-03-30,7.527272727272727,8.190909090909091
2005-03-31,7.518181818181818,8.177272727272728
2005-04-01,7.509090909090909,8.163636363636364
2005-04-02,7.5,8.15
2005-04-03,7.566666666666666,8.5
2005-04-04,7.633333333333334,8.85
2005-04-05,7.7,9.2
2005-04-06,7.6,8.75
2005-04-07,7.6,8.666666666666666
2005-04-08,7.6,8.583333333333334
2005-04-09,7.6,8.5
2005-04-10,7.583333333333334,8.566666666666666
2005-04-11,7.566666666666666,8.633333333333333
2005-04-12,7.55,8.7
2005-04-13,7.4,8.75
2005-04-14,8.0,8.75
2005-04-15,7.6,8.95
2005-04-16,7.6,8.7
2005-04-17,7.7,8.7125
2005-04-18,7.8,8.725
2005-04-19,7.9,8.7375
2005-04-20,8.0,8.75
2005-04-21,7.75,8.75
2005-04-22,7.74,8.76
2005-04-23,7.73,8.77
2005-04-24,7.72,8.78
2005-04-25,7.71,8.79
2005-04-26,7.7,8.8
2005-04-27,7.8,9.5
2005-04-28,7.75,9.0
2005-04-29,7.55,8.95
2005-04-30,7.5375,8.9625
2005-05-01,7.525,8.975
2005-05-02,7.5125,8.9875
2005-05-03,7.5,9.0
2005-05-04,7.75,8.75
2005-05-05,7.2,8.7
2005-05-06,7.278571428571428,8.707142857142857
2005-05-07,7.357142857142858,8.714285714285715
2005-05-08,7.435714285714287,8.721428571428572
2005-05-09,7.514285714285713,8.72857142857143
2005-05-10,7.5928571428571425,8.735714285714286
2005-05-11,7.671428571428571,8.742857142857144
2005-05-12,7.75,8.75
2005-05-13,7.3,8.55
2005-05-14,7.75,8.5
2005-05-15,7.7,8.35
2005-05-16,7.65,8.2
2005-05-17,7.6,8.05
2005-05-18,7.8,8.9
2005-05-19,7.25,9.25
2005-05-20,7.75,8.75
2005-05-21,7.8,8.5
2005-05-22,7.716666666666666,8.516666666666666
2005-05-23,7.633333333333334,8.533333333333333
2005-05-24,7.55,8.55
2005-05-25,7.4,8.5
2005-05-26,7.75,9.6
2005-05-27,7.8,8.9
2005-05-28,7.25,8.75
2005-05-29,7.416666666666666,8.633333333333333
2005-05-30,7.583333333333334,8.516666666666666
2005-05-31,7.75,8.4
2005-06-01,8.0,9.35
2005-06-02,7.85,9.35
2005-06-03,7.85,8.25
2005-06-04,7.5,9.15
2005-06-05,7.5166666666666675,8.933333333333334
2005-06-06,7.533333333333334,8.716666666666667
2005-06-07,7.55,8.5
2005-06-08,7.6,8.5
2005-06-09,7.65,8.15
2005-06-10,7.75,8.35
2005-06-11,7.5,8.2
2005-06-12,7.466666666666666,8.183333333333334
2005-06-13,7.433333333333334,8.166666666666666
2005-06-14,7.4,8.15
2005-06-15,7.9,7.8
2005-06-16,8.05,7.7
2005-06-17,7.7,8.3
2005-06-18,7.75,8.35
2005-06-19,7.8,8.4
2005-06-20,7.85,8.45
2005-06-21,7.9,8.5
2005-06-22,7.7,8.2
2005-06-23,7.75,8.45
2005-06-24,8.15,8.25
2005-06-25,7.85,9.1
2005-06-26,7.7333333333333325,8.6
2005-06-27,7.616666666666666,8.1
2005-06-28,7.5,7.6
2005-06-29,7.53125,7.65625
2005-06-30,7.5625,7.7125
2005-07-01,7.59375,7.76875
2005-07-02,7.625,7.825
2005-07-03,7.65625,7.88125
2005-07-04,7.6875,7.9375
2005-07-05,7.71875,7.99375
2005-07-06,7.75,8.05
2005-07-07,7.85,8.3
2005-07-08,7.85,8.42
2005-07-09,7.85,8.54
2005-07-10,7.85,8.66
2005-07-11,7.85,8.78
2005-07-12,7.85,8.9
2005-07-13,7.8,8.05
2005-07-14,7.75,8.9
2005-07-15,7.8,9.25
2005-07-16,7.9,7.7
2005-07-17,7.95,7.666666666666666
2005-07-18,8.0,7.633333333333334
2005-07-19,8.05,7.6
2005-07-20,8.1,7.8
2005-07-21,8.1,8.0
2005-07-22,8.1,8.2
2005-07-23,8.1,8.4
2005-07-24,7.966666666666666,8.6
2005-07-25,7.833333333333334,8.8
2005-07-26,7.7,9.0
2005-07-27,8.1,8.935714285714285
2005-07-28,8.05,8.871428571428572
2005-07-29,7.75,8.807142857142857
2005-07-30,7.4,8.742857142857144
2005-07-31,7.5166666666666675,8.678571428571429
2005-08-01,7.633333333333334,8.614285714285714
2005-08-02,7.75,8.55
2005-08-03,8.0,8.95
2005-08-04,7.65,7.75
2005-08-05,8.05,7.5
2005-08-06,8.25,7.6
2005-08-07,7.9833333333333325,7.7
2005-08-08,7.716666666666666,7.8
2005-08-09,7.45,7.9
2005-08-10,7.9,8.6
2005-08-11,7.65,7.85
2005-08-12,7.75,7.95
2005-08-13,7.75,8.6
2005-08-14,7.8125,8.575
2005-08-15,7.875,8.55
2005-08-16,7.9375,8.525
2005-08-17,8.0,8.5
2005-08-18,7.85,7.95
2005-08-19,7.86,8.07
2005-08-20,7.87,8.19
2005-08-21,7.88,8.31
2005-08-22,7.89,8.43
2005-08-23,7.9,8.55
2005-08-24,7.65,8.8
2005-08-25,7.642857142857142,8.721428571428572
2005-08-26,7.635714285714285,8.642857142857144
2005-08-27,7.628571428571429,8.564285714285715
2005-08-28,7.621428571428571,8.485714285714286
2005-08-29,7.614285714285715,8.407142857142857
2005-08-30,7.607142857142858,8.32857142857143
2005-08-31,7.6,8.25
2005-09-01,7.65,7.95
2005-09-02,7.95,8.9
2005-09-03,7.3,8.9
2005-09-04,7.416666666666666,8.9
2005-09-05,7.533333333333334,8.9
2005-09-06,7.65,8.9
2005-09-07,7.5,8.1
2005-09-08,7.6,8.085714285714285
2005-09-09,7.7,8.071428571428571
2005-09-10,7.8,8.057142857142857
2005-09-11,7.8125,8.042857142857143
2005-09-12,7.825,8.028571428571428
2005-09-13,7.8375,8.014285714285714
2005-09-14,7.85,8.0
2005-09-15,7.8,8.55
2005-09-16,7.75,7.9
2005-09-17,7.75,7.8875
2005-09-18,7.75,7.875
2005-09-19,7.75,7.8625
2005-09-20,7.75,7.85
2005-09-21,7.9,7.75
2005-09-22,8.1,8.85
2005-09-23,8.25,7.55
2005-09-24,7.95,7.8
2005-09-25,7.975,7.879166666666666
2005-09-26,8.0,7.958333333333334
2005-09-27,8.025,8.0375
2005-09-28,8.05,8.116666666666667
2005-09-29,8.075,8.195833333333333
2005-09-30,8.1,8.275
2005-10-01,8.125,8.354166666666666
2005-10-02,8.15,8.433333333333334
2005-10-03,8.175,8.5125
2005-10-04,8.2,8.591666666666667
2005-10-05,8.225,8.670833333333334
2005-10-06,8.25,8.75
2005-10-07,7.75,8.0
2005-10-08,8.0,8.25
2005-10-09,8.083333333333334,8.458333333333334
2005-10-10,8.166666666666666,8.666666666666666
2005-10-11,8.25,8.875
2005-10-12,8.333333333333334,9.083333333333334
2005-10-13,8.416666666666666,9.291666666666666
2005-10-14,8.5,9.5
2005-10-15,8.5,9.25
2005-10-16,8.5,9.333333333333334
2005-10-17,8.5,9.416666666666666
2005-10-18,8.5,9.5
2005-10-19,8.5,9.25
2005-10-20,8.5,9.0
2005-10-21,8.5,8.75
2005-10-22,8.5,8.5
2005-10-23,8.490384615384615,8.528846153846152
2005-10-24,8.480769230769232,8.557692307692307
2005-10-25,8.471153846153848,8.586538461538463
2005-10-26,8.461538461538463,8.615384615384615
2005-10-27,8.451923076923077,8.644230769230768
2005-10-28,8.442307692307693,8.673076923076923
2005-10-29,8.432692307692307,8.701923076923077
2005-10-30,8.423076923076923,8.730769230769232
2005-10-31,8.413461538461537,8.759615384615385
2005-11-01,8.403846153846152,8.788461538461537
2005-11-02,8.394230769230768,8.817307692307693
2005-11-03,8.384615384615385,8.846153846153848
2005-11-04,8.375,8.875
2005-11-05,8.365384615384615,8.903846153846152
2005-11-06,8.355769230769232,8.932692307692307
2005-11-07,8.346153846153848,8.961538461538463
2005-11-08,8.336538461538463,8.990384615384615
2005-11-09,8.326923076923077,9.019230769230768
2005-11-10,8.317307692307693,9.048076923076923
2005-11-11,8.307692307692307,9.076923076923077
2005-11-12,8.298076923076923,9.105769230769232
2005-11-13,8.288461538461537,9.134615384615383
2005-11-14,8.278846153846152,9.163461538461537
2005-11-15,8.269230769230768,9.192307692307693
2005-11-16,8.259615384615385,9.221153846153848
2005-11-17,8.25,9.25
2005-11-18,8.240384615384615,9.2
2005-11-19,8.230769230769232,9.15
2005-11-20,8.221153846153848,9.1
2005-11-21,8.211538461538463,9.05
2005-11-22,8.201923076923077,9.0
2005-11-23,8.192307692307693,8.75
2005-11-24,8.182692307692307,9.0
2005-11-25,8.173076923076923,9.0
2005-11-26,8.163461538461537,8.75
2005-11-27,8.153846153846152,9.0
2005-11-28,8.144230769230768,9.25
2005-11-29,8.134615384615385,9.5
2005-11-30,8.125,9.25
2005-12-01,8.115384615384615,9.0
2005-12-02,8.105769230769232,9.25
2005-12-03,8.096153846153848,8.5
2005-12-04,8.086538461538463,8.666666666666666
2005-12-05,8.076923076923077,8.833333333333334
2005-12-06,8.067307692307693,9.0
2005-12-07,8.057692307692307,8.75
2005-12-08,8.048076923076923,9.6
2005-12-09,8.038461538461537,9.0
2005-12-10,8.028846153846152,9.0
2005-12-11,8.019230769230768,8.833333333333334
2005-12-12,8.009615384615385,8.666666666666666
2005-12-13,8.0,8.5
2005-12-14,8.25,9.25
2005-12-15,8.25,9.0
2005-12-16,8.35,9.1
2005-12-17,8.45,9.2
2005-12-18,8.55,9.3
2005-12-19,8.65,9.4
2005-12-20,8.75,9.5
2005-12-21,8.75,9.35
2005-12-22,9.0,9.6
2005-12-23,8.75,9.25
2005-12-24,8.75,9.3125
2005-12-25,8.75,9.375
2005-12-26,8.75,9.4375
2005-12-27,8.75,9.5
2005-12-28,9.0,9.75
2005-12-29,9.0,9.75
2005-12-30,9.0,9.75
2005-12-31,9.25,9.9
2006-01-01,9.166666666666666,9.766666666666666
2006-01-02,9.083333333333334,9.633333333333333
2006-01-03,9.0,9.5
2006-01-04,9.0,9.9
2006-01-05,9.0,9.75
2006-01-06,9.0,9.75
2006-01-07,9.0,9.75
2006-01-08,9.0,9.75
2006-01-09,9.0,9.75
2006-01-10,9.0,9.75
2006-01-11,9.0,9.75
2006-01-12,9.0,9.75
2006-01-13,9.0,9.75
2006-01-14,9.0,9.75
2006-01-15,9.0,9.75
2006-01-16,9.0,9.75
2006-01-17,9.0,9.75
2006-01-18,9.1,9.75
2006-01-19,9.5,10.1
2006-01-20,9.25,9.75
2006-01-21,9.25,9.5
2006-01-22,9.3,9.566666666666666
2006-01-23,9.35,9.633333333333333
2006-01-24,9.4,9.7
2006-01-25,9.5,10.05
2006-01-26,9.5,10.0125
2006-01-27,9.5,9.975
2006-01-28,9.5,9.9375
2006-01-29,9.5,9.9
2006-01-30,9.5,9.8625
2006-01-31,9.5,9.825
2006-02-01,9.5,9.7875
2006-02-02,9.5,9.75
2006-02-03,9.2,9.85
2006-02-04,9.0,9.75
2006-02-05,9.066666666666666,9.633333333333333
2006-02-06,9.133333333333333,9.516666666666666
2006-02-07,9.2,9.4
2006-02-08,8.65,9.15
2006-02-09,8.616666666666667,9.083333333333334
2006-02-10,8.583333333333334,9.016666666666666
2006-02-11,8.55,8.95
2006-02-12,8.6,8.9
2006-02-13,8.65,8.85
2006-02-14,8.7,8.8
2006-02-15,8.25,8.5
2006-02-16,8.45,9.0
2006-02-17,8.325,8.85
2006-02-18,8.2,8.7
2006-02-19,8.075,8.55
2006-02-20,7.95,8.4
2006-02-21,7.825,8.25
2006-02-22,7.7,7.85
2006-02-23,7.7,8.0
2006-02-24,7.9,8.35
2006-02-25,7.6,7.95
2006-02-26,7.5125,7.833333333333334
2006-02-27,7.425,7.716666666666666
2006-02-28,7.3375,7.6
2006-03-01,7.25,7.6
2006-03-02,7.5,7.85
2006-03-03,7.75,8.0
2006-03-04,8.0,8.65
2006-03-05,7.866666666666666,8.516666666666666
2006-03-06,7.7333333333333325,8.383333333333333
2006-03-07,7.6,8.25
2006-03-08,7.85,8.5
2006-03-09,7.9833333333333325,8.5
2006-03-10,8.116666666666667,8.5
2006-03-11,8.25,8.5
2006-03-12,8.166666666666666,8.5
2006-03-13,8.083333333333334,8.5
2006-03-14,8.0,8.5
2006-03-15,8.083333333333334,8.666666666666666
2006-03-16,8.166666666666666,8.833333333333334
2006-03-17,8.25,9.0
2006-03-18,7.9,9.25
2006-03-19,7.933333333333334,9.083333333333334
2006-03-20,7.966666666666666,8.916666666666666
2006-03-21,8.0,8.75
2006-03-22,8.25,9.75
2006-03-23,8.25,9.25
2006-03-24,8.25,9.25
2006-03-25,8.5,9.5
2006-03-26,8.55,9.525
2006-03-27,8.6,9.55
2006-03-28,8.65,9.575
2006-03-29,8.7,9.6
2006-03-30,8.75,9.625
2006-03-31,8.8,9.65
2006-04-01,8.85,9.675
2006-04-02,8.9,9.7
2006-04-03,8.95,9.725
2006-04-04,9.0,9.75
2006-04-05,9.0,10.5
2006-04-06,9.0,10.375
2006-04-07,9.0,10.25
2006-04-08,9.0,10.125
2006-04-09,9.0,10.0
2006-04-10,9.0,9.875
2006-04-11,9.0,9.75
2006-04-12,9.0,9.625
2006-04-13,9.0,9.5
2006-04-14,9.083333333333334,9.833333333333334
2006-04-15,9.166666666666666,10.166666666666666
2006-04-16,9.25,10.5
2006-04-17,9.333333333333334,10.833333333333332
2006-04-18,9.416666666666666,11.166666666666668
2006-04-19,9.5,11.5
2006-04-20,9.0,11.75
2006-04-21,9.25,10.5
2006-04-22,9.5,10.75
2006-04-23,9.5,11.0
2006-04-24,9.5,11.25
2006-04-25,9.5,11.5
2006-04-26,9.0,11.25
2006-04-27,9.5,10.75
2006-04-28,9.25,10.5
2006-04-29,10.7,13.05
2006-04-30,10.3,12.533333333333333
2006-05-01,9.9,12.016666666666667
2006-05-02,9.5,11.5
2006-05-03,9.75,11.0
2006-05-04,9.0,12.0
2006-05-05,9.75,12.0
2006-05-06,9.5,11.75
2006-05-07,9.666666666666666,12.533333333333333
2006-05-08,9.833333333333334,13.316666666666668
2006-05-09,10.0,14.1
2006-05-10,9.7,10.15
2006-05-11,9.75,10.75
2006-05-12,9.75,11.25
2006-05-13,9.744,11.222
2006-05-14,9.738,11.194
2006-05-15,9.732,11.166
2006-05-16,9.726,11.138
2006-05-17,9.72,11.11
2006-05-18,9.714,11.082
2006-05-19,9.708,11.054
2006-05-20,9.702,11.026
2006-05-21,9.696,10.998
2006-05-22,9.69,10.97
2006-05-23,9.684,10.942
2006-05-24,9.678,10.914
2006-05-25,9.672,10.886
2006-05-26,9.666,10.858
2006-05-27,9.66,10.83
2006-05-28,9.654,10.802
2006-05-29,9.648,10.774
2006-05-30,9.642,10.746
2006-05-31,9.636,10.718
2006-06-01,9.63,10.69
2006-06-02,9.624,10.662
2006-06-03,9.618,10.634
2006-06-04,9.612,10.606
2006-06-05,9.606,10.578
2006-06-06,9.6,10.55
2006-06-07,9.5,10.716666666666667
2006-06-08,9.4,10.883333333333333
2006-06-09,9.3,11.05
2006-06-10,9.85,9.95
2006-06-11,9.7625,10.025
2006-06-12,9.675,10.1
2006-06-13,9.5875,10.175
2006-06-14,9.5,10.25
2006-06-15,9.45,10.15
2006-06-16,9.2,11.0
2006-06-17,9.25,10.65
2006-06-18,9.25,10.633333333333333
2006-06-19,9.25,10.616666666666667
2006-06-20,9.25,10.6
2006-06-21,9.25,10.583333333333332
2006-06-22,9.25,10.566666666666668
2006-06-23,9.25,10.55
2006-06-24,9.25,10.533333333333333
2006-06-25,9.25,10.516666666666667
2006-06-26,9.25,10.5
2006-06-27,9.25,10.483333333333333
2006-06-28,9.25,10.466666666666667
2006-06-29,9.25,10.45
2006-06-30,9.5,10.8
2006-07-01,9.25,10.15
2006-07-02,9.333333333333334,9.65
2006-07-03,9.416666666666666,9.15
2006-07-04,9.5,8.65
2006-07-05,9.4375,9.175
2006-07-06,9.375,9.7
2006-07-07,9.3125,10.225
2006-07-08,9.25,10.75
2006-07-09,9.166666666666666,10.666666666666668
2006-07-10,9.083333333333334,10.583333333333332
2006-07-11,9.0,10.5
2006-07-12,9.75,9.65
2006-07-13,9.25,11.4
2006-07-14,9.5,10.65
2006-07-15,9.25,10.1
2006-07-16,9.583333333333334,10.35
2006-07-17,9.916666666666666,10.6
2006-07-18,10.25,10.85
2006-07-19,9.5,9.75
2006-07-20,9.25,10.5
2006-07-21,10.5,10.0
2006-07-22,9.0,9.75
2006-07-23,9.166666666666666,9.916666666666666
2006-07-24,9.333333333333334,10.083333333333334
2006-07-25,9.5,10.25
2006-07-26,10.25,10.75
2006-07-27,9.25,10.0
2006-07-28,10.25,10.5
2006-07-29,9.9,9.5
2006-07-30,9.85,9.733333333333334
2006-07-31,9.8,9.966666666666667
2006-08-01,9.75,10.2
2006-08-02,10.1,10.0
2006-08-03,10.4,10.05
2006-08-04,10.0,10.6
2006-08-05,10.25,10.5
2006-08-06,10.083333333333334,10.5
2006-08-07,9.916666666666666,10.5
2006-08-08,9.75,10.5
2006-08-09,9.9,10.583333333333332
2006-08-10,10.05,10.666666666666668
2006-08-11,10.2,10.75
2006-08-12,10.204545454545457,10.795454545454543
2006-08-13,10.209090909090909,10.84090909090909
2006-08-14,10.213636363636363,10.886363636363637
2006-08-15,10.21818181818182,10.931818181818182
2006-08-16,10.222727272727274,10.977272727272727
2006-08-17,10.227272727272727,11.022727272727273
2006-08-18,10.23181818181818,11.068181818181818
2006-08-19,10.236363636363636,11.113636363636363
2006-08-20,10.24090909090909,11.15909090909091
2006-08-21,10.245454545454542,11.204545454545457
2006-08-22,10.25,11.25
2006-08-23,10.5,11.25
2006-08-24,10.75,11.25
2006-08-25,10.25,10.75
2006-08-26,10.6,10.45
2006-08-27,10.6375,10.7125
2006-08-28,10.675,10.975
2006-08-29,10.7125,11.2375
2006-08-30,10.75,11.5
2006-08-31,10.75,11.75
2006-09-01,10.25,10.5
2006-09-02,10.5,11.5
2006-09-03,10.5,11.333333333333332
2006-09-04,10.5,11.166666666666668
2006-09-05,10.5,11.0
2006-09-06,10.25,10.75
2006-09-07,10.2,10.75
2006-09-08,10.4,10.8
2006-09-09,10.25,11.1
2006-09-10,10.333333333333332,11.233333333333333
2006-09-11,10.416666666666668,11.366666666666667
2006-09-12,10.5,11.5
2006-09-13,10.75,11.3
2006-09-14,10.5,11.0
2006-09-15,10.25,10.75
2006-09-16,10.25,10.5
2006-09-17,10.25,10.583333333333332
2006-09-18,10.25,10.666666666666668
2006-09-19,10.25,10.75
2006-09-20,10.5,10.75
2006-09-21,10.75,11.0
2006-09-22,10.75,11.0
2006-09-23,10.5,11.5
2006-09-24,10.583333333333332,11.416666666666668
2006-09-25,10.666666666666668,11.333333333333332
2006-09-26,10.75,11.25
2006-09-27,11.0,11.25
2006-09-28,10.5,11.25
2006-09-29,11.25,11.75
2006-09-30,11.1,11.75
2006-10-01,10.95,11.75
2006-10-02,10.8,11.75
2006-10-03,10.65,11.75
2006-10-04,10.5,11.75
2006-10-05,10.5,11.25
2006-10-06,10.75,11.0
2006-10-07,10.75,11.25
2006-10-08,10.583333333333332,11.083333333333332
2006-10-09,10.416666666666668,10.916666666666668
2006-10-10,10.25,10.75
2006-10-11,10.5,11.5
2006-10-12,10.5,11.5
2006-10-13,10.75,11.25
2006-10-14,10.75,11.75
2006-10-15,10.916666666666668,11.666666666666668
2006-10-16,11.083333333333332,11.583333333333332
2006-10-17,11.25,11.5
2006-10-18,11.25,12.0
2006-10-19,11.25,12.4
2006-10-20,11.388888888888891,12.522222222222224
2006-10-21,11.527777777777779,12.644444444444444
2006-10-22,11.666666666666668,12.766666666666667
2006-10-23,11.805555555555555,12.888888888888891
2006-10-24,11.944444444444445,13.011111111111115
2006-10-25,12.083333333333332,13.133333333333333
2006-10-26,12.222222222222221,13.255555555555556
2006-10-27,12.361111111111109,13.377777777777776
2006-10-28,12.5,13.5
2006-10-29,12.45,13.5
2006-10-30,12.4,13.5
2006-10-31,12.35,13.5
2006-11-01,12.3,13.5
2006-11-02,12.25,13.5
2006-11-03,12.35,13.25
2006-11-04,12.25,13.0
2006-11-05,12.333333333333332,12.916666666666668
2006-11-06,12.416666666666668,12.833333333333332
2006-11-07,12.5,12.75
2006-11-08,12.5,13.0
2006-11-09,11.75,12.75
2006-11-10,11.75,12.25
2006-11-11,12.0,12.25
2006-11-12,12.166666666666668,12.416666666666668
2006-11-13,12.333333333333332,12.583333333333332
2006-11-14,12.5,12.75
2006-11-15,12.0,12.5
2006-11-16,12.25,12.0
2006-11-17,12.0,12.25
2006-11-18,11.75,11.9
2006-11-19,12.0,12.183333333333332
2006-11-20,12.25,12.466666666666667
2006-11-21,12.5,12.75
2006-11-22,11.6,12.3
2006-11-23,12.0,12.35
2006-11-24,11.75,12.25
2006-11-25,11.5,13.0
2006-11-26,11.666666666666668,12.833333333333332
2006-11-27,11.833333333333332,12.666666666666668
2006-11-28,12.0,12.5
2006-11-29,12.25,13.0
2006-11-30,12.75,12.25
2006-12-01,12.6,12.25
2006-12-02,12.45,12.25
2006-12-03,12.3,12.25
2006-12-04,12.15,12.25
2006-12-05,12.0,12.25
2006-12-06,12.25,12.5
2006-12-07,12.5,12.25
2006-12-08,12.25,12.75
2006-12-09,12.5,12.75
2006-12-10,12.333333333333332,12.833333333333332
2006-12-11,12.166666666666668,12.916666666666668
2006-12-12,12.0,13.0
2006-12-13,12.5,12.25
2006-12-14,12.25,12.75
2006-12-15,12.25,12.9
2006-12-16,12.0,12.5
2006-12-17,12.0,12.666666666666668
2006-12-18,12.0,12.833333333333332
2006-12-19,12.0,13.0
2006-12-20,11.75,12.75
2006-12-21,11.785714285714285,12.714285714285715
2006-12-22,11.821428571428573,12.678571428571427
2006-12-23,11.857142857142858,12.642857142857142
2006-12-24,11.892857142857142,12.607142857142858
2006-12-25,11.928571428571427,12.571428571428573
2006-12-26,11.964285714285715,12.535714285714285
2006-12-27,12.0,12.5
2006-12-28,12.083333333333332,12.65
2006-12-29,12.166666666666668,12.8
2006-12-30,12.25,12.95
2006-12-31,12.1875,12.8375
2007-01-01,12.125,12.725
2007-01-02,12.0625,12.6125
2007-01-03,12.0,12.5
2007-01-04,12.25,12.5
2007-01-05,12.25,12.5
2007-01-06,12.25,12.5
2007-01-07,12.25,12.5
2007-01-08,12.25,12.5
2007-01-09,12.25,12.5
2007-01-10,12.5,12.75
2007-01-11,11.8,13.3
2007-01-12,12.5,12.75
2007-01-13,12.25,13.0
2007-01-14,12.416666666666668,13.0
2007-01-15,12.583333333333332,13.0
2007-01-16,12.75,13.0
2007-01-17,12.5,13.4
2007-01-18,12.5,13.25
2007-01-19,12.0,12.25
2007-01-20,12.5,13.0
2007-01-21,12.333333333333332,12.583333333333332
2007-01-22,12.166666666666668,12.166666666666668
2007-01-23,12.0,11.75
2007-01-24,12.25,13.05
2007-01-25,11.5,12.0
2007-01-26,11.392857142857142,11.857142857142858
2007-01-27,11.285714285714285,11.714285714285715
2007-01-28,11.178571428571427,11.571428571428573
2007-01-29,11.071428571428573,11.428571428571427
2007-01-30,10.964285714285712,11.285714285714285
2007-01-31,10.857142857142858,11.142857142857142
2007-02-01,10.75,11.0
2007-02-02,10.5,11.25
2007-02-03,10.75,11.25
2007-02-04,10.833333333333332,11.533333333333333
2007-02-05,10.916666666666668,11.816666666666668
2007-02-06,11.0,12.1
2007-02-07,11.0,11.25
2007-02-08,10.9,11.0
2007-02-09,10.85,10.95
2007-02-10,10.5,10.75
2007-02-11,10.5,10.75
2007-02-12,10.5,10.75
2007-02-13,10.5,10.75
2007-02-14,10.25,11.25
2007-02-15,10.5,11.0
2007-02-16,10.12,10.76
2007-02-17,9.74,10.52
2007-02-18,9.36,10.28
2007-02-19,8.98,10.04
2007-02-20,8.6,9.8
2007-02-21,9.0,10.55
2007-02-22,9.0,10.25
2007-02-23,9.5,10.9
2007-02-24,9.75,10.5
2007-02-25,9.566666666666666,10.6
2007-02-26,9.383333333333333,10.7
2007-02-27,9.2,10.8
2007-02-28,9.0,10.8
2007-03-01,9.25,10.35
2007-03-02,9.0,11.0
2007-03-03,9.25,10.4
2007-03-04,9.05,10.55
2007-03-05,8.85,10.7
2007-03-06,8.65,10.85
2007-03-07,8.75,10.6
2007-03-08,9.0,10.9
2007-03-09,9.5,10.6
2007-03-10,9.25,10.3
2007-03-11,9.25,10.4
2007-03-12,9.25,10.5
2007-03-13,9.25,10.6
2007-03-14,9.75,11.25
2007-03-15,9.25,11.0
2007-03-16,9.5,11.25
2007-03-17,9.75,11.5
2007-03-18,9.583333333333334,11.416666666666668
2007-03-19,9.416666666666666,11.333333333333332
2007-03-20,9.25,11.25
2007-03-21,9.75,11.5
2007-03-22,9.75,12.0
2007-03-23,9.75,11.75
2007-03-24,9.5,12.0
2007-03-25,9.568181818181818,12.022727272727273
2007-03-26,9.636363636363637,12.045454545454545
2007-03-27,9.704545454545457,12.068181818181818
2007-03-28,9.772727272727273,12.09090909090909
2007-03-29,9.840909090909092,12.113636363636365
2007-03-30,9.909090909090908,12.136363636363635
2007-03-31,9.977272727272727,12.15909090909091
2007-04-01,10.045454545454543,12.181818181818182
2007-04-02,10.113636363636363,12.204545454545455
2007-04-03,10.181818181818182,12.227272727272727
2007-04-04,10.25,12.25
2007-04-05,9.75,12.0
2007-04-06,9.65,11.85
2007-04-07,9.55,11.7
2007-04-08,9.45,11.55
2007-04-09,9.35,11.4
2007-04-10,9.25,11.25
2007-04-11,9.0,11.25
2007-04-12,9.0,11.0
2007-04-13,9.25,11.0
2007-04-14,9.25,11.125
2007-04-15,9.25,11.25
2007-04-16,9.25,11.375
2007-04-17,9.25,11.5
2007-04-18,9.0,11.5
2007-04-19,9.0,11.25
2007-04-20,9.0,11.25
2007-04-21,9.0,10.5
2007-04-22,9.0,10.75
2007-04-23,9.0,11.0
2007-04-24,9.0,11.25
2007-04-25,9.25,11.0
2007-04-26,8.85,11.05
2007-04-27,8.75,10.5
2007-04-28,8.7,10.45
2007-04-29,8.716666666666667,10.383333333333333
2007-04-30,8.733333333333334,10.316666666666668
2007-05-01,8.75,10.25
2007-05-02,8.65,10.5
2007-05-03,8.75,10.1
2007-05-04,8.8,10.35
2007-05-05,8.75,10.5
2007-05-06,8.75,10.5
2007-05-07,8.75,10.5
2007-05-08,8.75,10.5
2007-05-09,8.65,10.5
2007-05-10,8.6,10.15
2007-05-11,8.6,9.8
2007-05-12,8.65,10.25
2007-05-13,8.566666666666666,9.933333333333334
2007-05-14,8.483333333333334,9.616666666666667
2007-05-15,8.4,9.3
2007-05-16,8.55,9.9
2007-05-17,8.55,10.2
2007-05-18,8.4,9.9
2007-05-19,8.5,9.8
2007-05-20,8.483333333333334,9.833333333333334
2007-05-21,8.466666666666667,9.866666666666667
2007-05-22,8.45,9.9
2007-05-23,8.5,9.75
2007-05-24,8.4,9.5
2007-05-25,8.25,9.3
2007-05-26,8.25,9.5
2007-05-27,8.333333333333334,9.416666666666666
2007-05-28,8.416666666666666,9.333333333333334
2007-05-29,8.5,9.25
2007-05-30,8.4,9.5
2007-05-31,8.7,9.15
2007-06-01,8.5,9.1
2007-06-02,8.65,9.25
2007-06-03,8.6,9.25
2007-06-04,8.55,9.25
2007-06-05,8.5,9.25
2007-06-06,8.7,9.0
2007-06-07,8.65,9.4
2007-06-08,8.5,9.0
2007-06-09,8.6,8.7
2007-06-10,8.6,8.8
2007-06-11,8.6,8.9
2007-06-12,8.6,9.0
2007-06-13,8.9,9.25
2007-06-14,9.0,9.15
2007-06-15,8.85,9.1
2007-06-16,9.0,9.2
2007-06-17,8.95,9.216666666666667
2007-06-18,8.9,9.233333333333334
2007-06-19,8.85,9.25
2007-06-20,9.0,9.75
2007-06-21,8.9,9.4
2007-06-22,9.15,9.5
2007-06-23,8.65,9.35
2007-06-24,8.74,9.34
2007-06-25,8.83,9.33
2007-06-26,8.92,9.32
2007-06-27,9.01,9.31
2007-06-28,9.1,9.3
2007-06-29,9.3,9.95
2007-06-30,9.25,9.75
2007-07-01,9.33,9.77
2007-07-02,9.41,9.79
2007-07-03,9.49,9.81
2007-07-04,9.57,9.83
2007-07-05,9.65,9.85
2007-07-06,9.75,10.1
2007-07-07,9.75,9.8
2007-07-08,9.75,9.966666666666667
2007-07-09,9.75,10.133333333333333
2007-07-10,9.75,10.3
2007-07-11,9.8,10.25
2007-07-12,10.1,10.2
2007-07-13,9.9,10.25
2007-07-14,9.95,10.3
2007-07-15,9.883333333333333,10.166666666666666
2007-07-16,9.816666666666666,10.033333333333333
2007-07-17,9.75,9.9
2007-07-18,9.6,9.9
2007-07-19,9.6,9.8
2007-07-20,9.65,9.9
2007-07-21,9.75,10.1
2007-07-22,9.7,10.016666666666666
2007-07-23,9.65,9.933333333333334
2007-07-24,9.6,9.85
2007-07-25,9.7,9.9
2007-07-26,9.75,10.0
2007-07-27,9.6,9.85
2007-07-28,9.7,9.75
2007-07-29,9.7,9.733333333333334
2007-07-30,9.7,9.716666666666667
2007-07-31,9.7,9.7
2007-08-01,9.65,9.7
2007-08-02,9.65,9.65
2007-08-03,9.5,9.6
2007-08-04,9.5,9.5
2007-08-05,9.48,9.54
2007-08-06,9.46,9.58
2007-08-07,9.44,9.62
2007-08-08,9.42,9.66
2007-08-09,9.4,9.7
2007-08-10,9.6,9.6
2007-08-11,9.6,9.5
2007-08-12,9.6,9.633333333333333
2007-08-13,9.6,9.766666666666666
2007-08-14,9.6,9.9
2007-08-15,9.683333333333334,9.9
2007-08-16,9.766666666666666,9.9
2007-08-17,9.85,9.9
2007-08-18,9.7,9.75
2007-08-19,9.716666666666667,9.8
2007-08-20,9.733333333333334,9.85
2007-08-21,9.75,9.9
2007-08-22,9.75,9.65
2007-08-23,9.7,9.6
2007-08-24,9.7,9.5
2007-08-25,9.65,9.6
2007-08-26,9.66,9.6
2007-08-27,9.67,9.6
2007-08-28,9.68,9.6
2007-08-29,9.69,9.6
2007-08-30,9.7,9.6
2007-08-31,9.5,9.65
2007-09-01,9.65,9.75
2007-09-02,9.655,9.76
2007-09-03,9.66,9.77
2007-09-04,9.665,9.78
2007-09-05,9.67,9.79
2007-09-06,9.675,9.8
2007-09-07,9.68,9.81
2007-09-08,9.685,9.82
2007-09-09,9.69,9.83
2007-09-10,9.695,9.84
2007-09-11,9.7,9.85
2007-09-12,9.8,9.9
2007-09-13,9.85,10.1
2007-09-14,9.75,10.1
2007-09-15,9.7625,10.0
2007-09-16,9.775,9.9
2007-09-17,9.7875,9.8
2007-09-18,9.8,9.7
2007-09-19,9.65,9.6
2007-09-20,9.75,9.75
2007-09-21,9.45,9.6
2007-09-22,9.75,9.6
2007-09-23,9.75,9.6
2007-09-24,9.75,9.6
2007-09-25,9.75,9.6
2007-09-26,9.75,9.6
2007-09-27,9.75,9.6
2007-09-28,9.8,9.6
2007-09-29,9.816666666666666,9.733333333333334
2007-09-30,9.833333333333334,9.866666666666667
2007-10-01,9.85,10.0
2007-10-02,9.866666666666667,10.133333333333333
2007-10-03,9.883333333333333,10.266666666666667
2007-10-04,9.9,10.4
2007-10-05,10.1,10.5
2007-10-06,10.25,10.5
2007-10-07,10.2,10.466666666666667
2007-10-08,10.15,10.433333333333332
2007-10-09,10.1,10.4
2007-10-10,10.25,10.5
2007-10-11,10.15,10.5
2007-10-12,10.21,10.53
2007-10-13,10.27,10.56
2007-10-14,10.33,10.59
2007-10-15,10.39,10.62
2007-10-16,10.45,10.65
2007-10-17,10.9,11.1
2007-10-18,10.85,11.25
2007-10-19,10.75,11.35
2007-10-20,11.0,11.35
2007-10-21,10.833333333333332,11.35
2007-10-22,10.666666666666668,11.35
2007-10-23,10.5,11.35
2007-10-24,11.1,11.35
2007-10-25,11.1,11.2
2007-10-26,11.15,11.3
2007-10-27,10.75,11.15
2007-10-28,10.7,11.183333333333332
2007-10-29,10.65,11.216666666666667
2007-10-30,10.6,11.25
2007-10-31,10.65,11.216666666666667
2007-11-01,10.7,11.183333333333332
2007-11-02,10.75,11.15
2007-11-03,10.8,11.1
2007-11-04,10.783333333333333,11.233333333333333
2007-11-05,10.766666666666667,11.366666666666667
2007-11-06,10.75,11.5
2007-11-07,10.85,11.2
2007-11-08,10.866666666666667,11.233333333333333
2007-11-09,10.883333333333333,11.266666666666667
2007-11-10,10.9,11.3
2007-11-11,10.916666666666668,11.333333333333332
2007-11-12,10.933333333333332,11.366666666666667
2007-11-13,10.95,11.4
2007-11-14,10.966666666666667,11.433333333333332
2007-11-15,10.983333333333333,11.466666666666667
2007-11-16,11.0,11.5
2007-11-17,10.8,11.25
2007-11-18,10.75,11.233333333333333
2007-11-19,10.7,11.216666666666667
2007-11-20,10.65,11.2
2007-11-21,10.65,11.25
2007-11-22,10.5,11.2
2007-11-23,10.5,11.2
2007-11-24,10.5,11.25
2007-11-25,10.5,11.266666666666667
2007-11-26,10.5,11.283333333333333
2007-11-27,10.5,11.3
2007-11-28,10.35,11.05
2007-11-29,10.4,11.0
2007-11-30,10.25,10.75
2007-12-01,10.2,10.6
2007-12-02,10.233333333333334,10.566666666666668
2007-12-03,10.266666666666667,10.533333333333333
2007-12-04,10.3,10.5
2007-12-05,10.25,10.75
2007-12-06,10.25,10.85
2007-12-07,10.25,11.05
2007-12-08,10.4,11.2
2007-12-09,10.44,11.29
2007-12-10,10.48,11.38
2007-12-11,10.52,11.47
2007-12-12,10.56,11.56
2007-12-13,10.6,11.65
2007-12-14,10.5,11.5
2007-12-15,10.5,11.5
2007-12-16,10.433333333333332,11.466666666666667
2007-12-17,10.366666666666667,11.433333333333332
2007-12-18,10.3,11.4
2007-12-19,10.35,11.25
2007-12-20,10.3,11.2
2007-12-21,10.335714285714287,11.207142857142856
2007-12-22,10.371428571428572,11.214285714285712
2007-12-23,10.407142857142857,11.221428571428573
2007-12-24,10.442857142857145,11.22857142857143
2007-12-25,10.47857142857143,11.235714285714288
2007-12-26,10.514285714285714,11.242857142857142
2007-12-27,10.55,11.25
2007-12-28,10.45,11.1
2007-12-29,10.75,11.25
2007-12-30,10.733333333333333,11.25
2007-12-31,10.716666666666667,11.25
2008-01-01,10.7,11.25
2008-01-02,10.75,11.25
2008-01-03,10.8,11.3
2008-01-04,10.8,11.3
2008-01-05,10.75,11.2
2008-01-06,10.65,11.216666666666667
2008-01-07,10.55,11.233333333333333
2008-01-08,10.45,11.25
2008-01-09,10.5,11.2
2008-01-10,10.6,11.35
2008-01-11,10.5,11.55
2008-01-12,10.75,11.3
2008-01-13,10.7125,11.4
2008-01-14,10.675,11.5
2008-01-15,10.6375,11.6
2008-01-16,10.6,11.7
2008-01-17,10.5,11.5
2008-01-18,10.5,11.25
2008-01-19,10.6,11.6
2008-01-20,10.683333333333332,11.6
2008-01-21,10.766666666666667,11.6
2008-01-22,10.85,11.6
2008-01-23,10.9,11.2
2008-01-24,10.65,11.25
2008-01-25,10.75,11.3
2008-01-26,10.7125,11.2875
2008-01-27,10.675,11.275
2008-01-28,10.6375,11.2625
2008-01-29,10.6,11.25
2008-01-30,10.75,11.5
2008-01-31,10.6,11.5
2008-02-01,10.75,11.4
2008-02-02,10.85,12.05
2008-02-03,10.816666666666668,11.95
2008-02-04,10.783333333333333,11.85
2008-02-05,10.75,11.75
2008-02-06,10.75,11.4
2008-02-07,10.75,11.75
2008-02-08,10.5,11.5
2008-02-09,11.0,11.75
2008-02-10,11.033333333333333,11.75
2008-02-11,11.066666666666668,11.75
2008-02-12,11.1,11.75
2008-02-13,11.8,12.2
2008-02-14,11.75,11.95
2008-02-15,11.45,12.2
2008-02-16,11.0,11.3
2008-02-17,10.916666666666668,11.366666666666667
2008-02-18,10.833333333333332,11.433333333333332
2008-02-19,10.75,11.5
2008-02-20,10.8,11.6
2008-02-21,10.75,11.25
2008-02-22,11.0,11.25
2008-02-23,10.85,11.2
2008-02-24,10.866666666666667,11.2
2008-02-25,10.883333333333333,11.2
2008-02-26,10.9,11.2
2008-02-27,11.0,12.2
2008-02-28,10.9,11.25
2008-02-29,11.0,11.6
2008-03-01,10.6,11.0
2008-03-02,10.483333333333333,10.916666666666668
2008-03-03,10.366666666666667,10.833333333333332
2008-03-04,10.25,10.75
2008-03-05,10.8,10.9
2008-03-06,10.783333333333333,11.033333333333333
2008-03-07,10.766666666666667,11.166666666666668
2008-03-08,10.75,11.3
2008-03-09,10.81,11.34
2008-03-10,10.87,11.38
2008-03-11,10.93,11.42
2008-03-12,10.99,11.46
2008-03-13,11.05,11.5
2008-03-14,11.0,11.75
2008-03-15,10.6,11.75
2008-03-16,10.6,11.72
2008-03-17,10.6,11.69
2008-03-18,10.6,11.66
2008-03-19,10.6,11.63
2008-03-20,10.6,11.6
2008-03-21,10.58,11.53
2008-03-22,10.56,11.46
2008-03-23,10.54,11.39
2008-03-24,10.52,11.32
2008-03-25,10.5,11.25
2008-03-26,10.5,11.6
2008-03-27,10.5,11.6
2008-03-28,10.5,11.6
2008-03-29,10.5,11.6
2008-03-30,10.5,11.6
2008-03-31,10.5,11.6
2008-04-01,10.5,11.6
2008-04-02,10.5,11.6
2008-04-03,10.5,11.6
2008-04-04,10.5,11.75
2008-04-05,10.5,12.0
2008-04-06,10.45,11.916666666666668
2008-04-07,10.4,11.833333333333332
2008-04-08,10.35,11.75
2008-04-09,10.3,12.0
2008-04-10,10.45,12.0
2008-04-11,10.25,11.75
2008-04-12,10.25,11.75
2008-04-13,10.1875,11.65
2008-04-14,10.125,11.55
2008-04-15,10.0625,11.45
2008-04-16,10.0,11.35
2008-04-17,10.0,11.35
2008-04-18,10.0,11.25
2008-04-19,10.0,11.25
2008-04-20,10.166666666666666,11.333333333333332
2008-04-21,10.333333333333332,11.416666666666668
2008-04-22,10.5,11.5
2008-04-23,10.5,11.2
2008-04-24,10.0,11.25
2008-04-25,10.0,11.5
2008-04-26,10.0,11.35
2008-04-27,10.033333333333333,11.4
2008-04-28,10.066666666666666,11.45
2008-04-29,10.1,11.5
2008-04-30,10.125,11.475
2008-05-01,10.15,11.45
2008-05-02,10.175,11.425
2008-05-03,10.2,11.4
2008-05-04,10.133333333333333,11.433333333333332
2008-05-05,10.066666666666666,11.466666666666667
2008-05-06,10.0,11.5
2008-05-07,10.1,11.4
2008-05-08,10.05,11.25
2008-05-09,10.0,11.2
2008-05-10,10.025,11.2
2008-05-11,10.05,11.2
2008-05-12,10.075,11.2
2008-05-13,10.1,11.2
2008-05-14,10.05,11.2
2008-05-15,10.0,11.25
2008-05-16,10.0,11.2
2008-05-17,10.0,11.0
2008-05-18,9.95,11.033333333333333
2008-05-19,9.9,11.066666666666668
2008-05-20,9.85,11.1
2008-05-21,9.4,11.0
2008-05-22,9.3,10.85
2008-05-23,9.5,10.9
2008-05-24,9.7,11.05
2008-05-25,9.716666666666667,11.0
2008-05-26,9.733333333333334,10.95
2008-05-27,9.75,10.9
2008-05-28,9.75,10.9
2008-05-29,9.6,11.1
2008-05-30,9.5,10.9
2008-05-31,9.5,10.9
2008-06-01,9.583333333333334,10.85
2008-06-02,9.666666666666666,10.8
2008-06-03,9.75,10.75
2008-06-04,10.0,10.9
2008-06-05,10.0,10.5
2008-06-06,10.0,10.5
2008-06-07,10.05,10.75
2008-06-08,10.066666666666666,10.75
2008-06-09,10.083333333333334,10.75
2008-06-10,10.1,10.75
2008-06-11,10.1,10.9
2008-06-12,10.0,10.85
2008-06-13,10.1,11.0
2008-06-14,10.1,10.875
2008-06-15,10.1,10.75
2008-06-16,10.1,10.625
2008-06-17,10.1,10.5
2008-06-18,10.15,11.25
2008-06-19,10.2,11.0
2008-06-20,10.35,11.1
2008-06-21,10.35,10.6
2008-06-22,10.4,10.466666666666667
2008-06-23,10.45,10.333333333333332
2008-06-24,10.5,10.2
2008-06-25,10.4,10.25
2008-06-26,10.3,10.05
2008-06-27,10.35,9.9
2008-06-28,10.2,10.0
2008-06-29,10.233333333333334,10.016666666666666
2008-06-30,10.266666666666667,10.033333333333333
2008-07-01,10.3,10.05
2008-07-02,10.15,9.9
2008-07-03,10.15,10.25
2008-07-04,9.9,9.9
2008-07-05,10.5,10.25
2008-07-06,10.533333333333333,10.316666666666668
2008-07-07,10.566666666666668,10.383333333333333
2008-07-08,10.6,10.45
2008-07-09,10.75,10.25
2008-07-10,10.45,10.2
2008-07-11,10.6,10.55
2008-07-12,10.75,10.55
2008-07-13,10.75,10.483333333333333
2008-07-14,10.75,10.416666666666668
2008-07-15,10.75,10.35
2008-07-16,10.65,10.55
2008-07-17,10.65,10.25
2008-07-18,10.7,10.3
2008-07-19,10.65,10.35
2008-07-20,10.683333333333332,10.333333333333332
2008-07-21,10.716666666666667,10.316666666666668
2008-07-22,10.75,10.3
2008-07-23,11.0,10.3
2008-07-24,10.95,10.25
2008-07-25,10.8,10.4
2008-07-26,10.75,10.1
2008-07-27,10.683333333333332,10.216666666666667
2008-07-28,10.616666666666667,10.333333333333332
2008-07-29,10.55,10.45
2008-07-30,10.6,10.2
2008-07-31,10.8,10.25
2008-08-01,10.65,10.45
2008-08-02,10.7,10.3
2008-08-03,10.716666666666667,10.45
2008-08-04,10.733333333333333,10.6
2008-08-05,10.75,10.75
2008-08-06,10.65,10.25
2008-08-07,10.75,10.5
2008-08-08,10.4,10.2
2008-08-09,10.75,10.35
2008-08-10,10.633333333333333,10.366666666666667
2008-08-11,10.516666666666667,10.383333333333333
2008-08-12,10.4,10.4
2008-08-13,10.9,10.75
2008-08-14,10.7,10.65
2008-08-15,10.7,10.62
2008-08-16,10.7,10.59
2008-08-17,10.7,10.56
2008-08-18,10.7,10.53
2008-08-19,10.7,10.5
2008-08-20,10.75,10.7
2008-08-21,10.85,10.55
2008-08-22,10.82857142857143,10.564285714285713
2008-08-23,10.807142857142857,10.57857142857143
2008-08-24,10.785714285714288,10.592857142857143
2008-08-25,10.764285714285712,10.607142857142858
2008-08-26,10.742857142857142,10.621428571428572
2008-08-27,10.721428571428572,10.635714285714286
2008-08-28,10.7,10.65
2008-08-29,10.8,10.45
2008-08-30,10.725,10.425
2008-08-31,10.65,10.4
2008-09-01,10.575,10.375
2008-09-02,10.5,10.35
2008-09-03,10.466666666666667,10.266666666666667
2008-09-04,10.433333333333332,10.183333333333334
2008-09-05,10.4,10.1
2008-09-06,10.5,10.3
2008-09-07,10.583333333333332,10.483333333333333
2008-09-08,10.666666666666668,10.666666666666668
2008-09-09,10.75,10.85
2008-09-10,10.6,10.75
2008-09-11,10.25,10.25
2008-09-12,9.75,10.25
2008-09-13,10.5,10.35
2008-09-14,10.416666666666668,10.316666666666668
2008-09-15,10.333333333333332,10.283333333333333
2008-09-16,10.25,10.25
2008-09-17,9.7,10.3
2008-09-18,10.15,9.9
2008-09-19,10.6,10.65
2008-09-20,10.75,10.65
2008-09-21,10.8,10.766666666666667
2008-09-22,10.85,10.883333333333333
2008-09-23,10.9,11.0
2008-09-24,10.85,11.2
2008-09-25,10.75,11.2
2008-09-26,10.5,11.05
2008-09-27,10.6,10.9
2008-09-28,10.591666666666667,10.929166666666667
2008-09-29,10.583333333333332,10.958333333333332
2008-09-30,10.575,10.9875
2008-10-01,10.566666666666668,11.016666666666667
2008-10-02,10.558333333333332,11.045833333333333
2008-10-03,10.55,11.075
2008-10-04,10.541666666666668,11.104166666666668
2008-10-05,10.533333333333333,11.133333333333333
2008-10-06,10.525,11.1625
2008-10-07,10.516666666666667,11.191666666666668
2008-10-08,10.508333333333333,11.220833333333333
2008-10-09,10.5,11.25
2008-10-10,10.75,11.0
2008-10-11,11.0,11.25
2008-10-12,10.916666666666668,11.166666666666668
2008-10-13,10.833333333333332,11.083333333333332
2008-10-14,10.75,11.0
2008-10-15,10.75,11.25
2008-10-16,10.6,11.25
2008-10-17,10.75,11.5
2008-10-18,10.5,11.5
2008-10-19,10.583333333333332,11.5
2008-10-20,10.666666666666668,11.5
2008-10-21,10.75,11.5
2008-10-22,10.6,11.25
2008-10-23,10.75,11.5
2008-10-24,10.75,11.75
2008-10-25,11.0,11.75
2008-10-26,10.975,11.775
2008-10-27,10.95,11.8
2008-10-28,10.925,11.825
2008-10-29,10.9,11.85
2008-10-30,10.875,11.875
2008-10-31,10.85,11.9
2008-11-01,10.825,11.925
2008-11-02,10.8,11.95
2008-11-03,10.775,11.975
2008-11-04,10.75,12.0
2008-11-05,10.6,12.3
2008-11-06,10.75,11.5
2008-11-07,10.8,11.75
2008-11-08,10.5,11.75
2008-11-09,10.466666666666667,11.75
2008-11-10,10.433333333333332,11.75
2008-11-11,10.4,11.75
2008-11-12,10.75,12.0
2008-11-13,10.75,11.75
2008-11-14,10.75,12.0
2008-11-15,10.75,11.75
2008-11-16,10.666666666666668,11.666666666666668
2008-11-17,10.583333333333332,11.583333333333332
2008-11-18,10.5,11.5
2008-11-19,10.75,11.25
2008-11-20,10.85,11.5
2008-11-21,10.6,11.25
2008-11-22,10.5,11.25
2008-11-23,10.533333333333333,11.25
2008-11-24,10.566666666666668,11.25
2008-11-25,10.6,11.25
2008-11-26,10.5,11.0
2008-11-27,10.75,11.25
2008-11-28,10.75,11.5
2008-11-29,10.55,10.75
2008-11-30,10.616666666666667,11.0
2008-12-01,10.683333333333332,11.25
2008-12-02,10.75,11.5
2008-12-03,10.75,11.25
2008-12-04,10.8,11.5
2008-12-05,10.82857142857143,11.535714285714285
2008-12-06,10.857142857142858,11.571428571428573
2008-12-07,10.885714285714288,11.607142857142858
2008-12-08,10.914285714285713,11.642857142857142
2008-12-09,10.942857142857143,11.678571428571427
2008-12-10,10.971428571428573,11.714285714285715
2008-12-11,11.0,11.75
2008-12-12,11.0,11.5
2008-12-13,11.1,11.75
2008-12-14,11.233333333333333,12.0
2008-12-15,11.366666666666667,12.25
2008-12-16,11.5,12.5
2008-12-17,11.75,12.5
2008-12-18,11.85,12.5
2008-12-19,11.75,12.25
2008-12-20,11.75,12.5
2008-12-21,11.666666666666668,12.333333333333332
2008-12-22,11.583333333333332,12.166666666666668
2008-12-23,11.5,12.0
2008-12-24,11.75,12.0
2008-12-25,11.583333333333332,11.833333333333332
2008-12-26,11.416666666666668,11.666666666666668
2008-12-27,11.25,11.5
2008-12-28,11.316666666666668,11.616666666666667
2008-12-29,11.383333333333333,11.733333333333333
2008-12-30,11.45,11.85
2008-12-31,11.5,12.0
2009-01-01,11.5,11.75
2009-01-02,11.75,12.25
2009-01-03,11.75,12.25
2009-01-04,11.583333333333332,12.166666666666668
2009-01-05,11.416666666666668,12.083333333333332
2009-01-06,11.25,12.0
2009-01-07,11.32,12.075
2009-01-08,11.39,12.15
2009-01-09,11.46,12.225
2009-01-10,11.53,12.3
2009-01-11,11.6,12.375
2009-01-12,11.67,12.45
2009-01-13,11.74,12.525
2009-01-14,11.81,12.6
2009-01-15,11.88,12.675
2009-01-16,11.95,12.75
2009-01-17,11.5,12.25
2009-01-18,11.5,12.25
2009-01-19,11.5,12.25
2009-01-20,11.5,12.25
2009-01-21,11.75,12.0
2009-01-22,11.25,11.75
2009-01-23,11.5,12.25
2009-01-24,11.5,12.0
2009-01-25,11.5,11.9375
2009-01-26,11.5,11.875
2009-01-27,11.5,11.8125
2009-01-28,11.5,11.75
2009-01-29,11.5,12.25
2009-01-30,11.75,12.0
2009-01-31,11.25,11.75
2009-02-01,11.25,11.75
2009-02-02,11.25,11.75
2009-02-03,11.25,11.75
2009-02-04,11.5,11.75
2009-02-05,11.25,12.0
2009-02-06,11.5,11.75
2009-02-07,11.25,12.0
2009-02-08,11.166666666666668,11.916666666666668
2009-02-09,11.083333333333332,11.833333333333332
2009-02-10,11.0,11.75
2009-02-11,11.0,11.75
2009-02-12,11.0,12.0
2009-02-13,11.25,12.2
2009-02-14,11.25,11.75
2009-02-15,11.233333333333333,12.616666666666667
2009-02-16,11.216666666666667,13.483333333333333
2009-02-17,11.2,14.35
2009-02-18,11.3,12.4
2009-02-19,10.3,12.3
2009-02-20,10.9,12.0
2009-02-21,11.6,11.9
2009-02-22,11.45,11.775
2009-02-23,11.3,11.65
2009-02-24,11.15,11.525
2009-02-25,11.0,11.4
2009-02-26,11.0,11.75
2009-02-27,11.25,12.0
2009-02-28,11.25,12.0
2009-03-01,11.25,12.233333333333333
2009-03-02,11.25,12.466666666666667
2009-03-03,11.25,12.7
2009-03-04,11.25,12.0
2009-03-05,11.25,12.75
2009-03-06,11.25,12.5
2009-03-07,11.25,13.0
2009-03-08,11.208333333333332,13.0
2009-03-09,11.166666666666668,13.0
2009-03-10,11.125,13.0
2009-03-11,11.083333333333332,13.0
2009-03-12,11.041666666666668,13.0
2009-03-13,11.0,13.0
2009-03-14,11.0,12.75
2009-03-15,11.083333333333332,13.0
2009-03-16,11.166666666666668,13.25
2009-03-17,11.25,13.5
2009-03-18,11.25,13.5
2009-03-19,11.5,13.75
2009-03-20,11.5,13.5
2009-03-21,11.5,13.25
2009-03-22,11.5,13.416666666666668
2009-03-23,11.5,13.583333333333332
2009-03-24,11.5,13.75
2009-03-25,11.5,13.75
2009-03-26,11.75,14.0
2009-03-27,11.729166666666668,13.958333333333332
2009-03-28,11.708333333333332,13.916666666666668
2009-03-29,11.6875,13.875
2009-03-30,11.666666666666668,13.833333333333332
2009-03-31,11.645833333333332,13.791666666666668
2009-04-01,11.625,13.75
2009-04-02,11.604166666666668,13.708333333333332
2009-04-03,11.583333333333332,13.666666666666668
2009-04-04,11.5625,13.625
2009-04-05,11.541666666666668,13.583333333333332
2009-04-06,11.520833333333332,13.541666666666668
2009-04-07,11.5,13.5
2009-04-08,11.5,13.5
2009-04-09,11.75,13.75
2009-04-10,11.75,13.5
2009-04-11,11.5,13.75
2009-04-12,11.55,13.7
2009-04-13,11.6,13.65
2009-04-14,11.65,13.6
2009-04-15,11.7,13.55
2009-04-16,11.75,13.5
2009-04-17,11.5,13.75
2009-04-18,11.75,13.5
2009-04-19,11.75,13.5
2009-04-20,11.75,13.5
2009-04-21,11.75,13.5
2009-04-22,11.75,13.5
2009-04-23,11.5,13.0
2009-04-24,11.5,13.5
2009-04-25,11.5,13.0
2009-04-26,11.583333333333332,13.166666666666668
2009-04-27,11.666666666666668,13.333333333333332
2009-04-28,11.75,13.5
2009-04-29,11.25,13.0
2009-04-30,11.333333333333332,13.25
2009-05-01,11.416666666666668,13.5
2009-05-02,11.5,13.75
2009-05-03,11.5,13.666666666666668
2009-05-04,11.5,13.583333333333332
2009-05-05,11.5,13.5
2009-05-06,11.25,13.0
2009-05-07,12.0,13.05
2009-05-08,11.75,13.75
2009-05-09,11.25,13.5
2009-05-10,11.375,13.5
2009-05-11,11.5,13.5
2009-05-12,11.625,13.5
2009-05-13,11.75,13.75
2009-05-14,11.75,13.25
2009-05-15,11.75,14.0
2009-05-16,11.75,13.75
2009-05-17,11.7,13.583333333333332
2009-05-18,11.65,13.416666666666668
2009-05-19,11.6,13.25
2009-05-20,11.5,13.25
2009-05-21,11.5,13.75
2009-05-22,11.25,13.75
2009-05-23,11.3,13.0
2009-05-24,11.383333333333333,12.933333333333332
2009-05-25,11.466666666666667,12.866666666666667
2009-05-26,11.55,12.8
2009-05-27,11.5,13.25
2009-05-28,11.25,13.5
2009-05-29,11.0,12.25
2009-05-30,11.0,12.3
2009-05-31,11.0,12.866666666666667
2009-06-01,11.0,13.433333333333332
2009-06-02,11.0,14.0
2009-06-03,11.0,13.416666666666668
2009-06-04,11.0,12.833333333333332
2009-06-05,11.0,12.25
2009-06-06,11.0,12.75
2009-06-07,11.0,13.083333333333332
2009-06-08,11.0,13.416666666666668
2009-06-09,11.0,13.75
2009-06-10,11.5,13.75
2009-06-11,11.1,13.75
2009-06-12,11.25,13.55
2009-06-13,11.0,12.25
2009-06-14,11.016666666666667,12.533333333333333
2009-06-15,11.033333333333333,12.816666666666668
2009-06-16,11.05,13.1
2009-06-17,11.25,12.2
2009-06-18,11.25,13.75
2009-06-19,11.25,12.75
2009-06-20,11.0,13.6
2009-06-21,10.916666666666668,13.233333333333333
2009-06-22,10.833333333333332,12.866666666666667
2009-06-23,10.75,12.5
2009-06-24,12.35,12.333333333333332
2009-06-25,12.25,12.166666666666668
2009-06-26,11.25,12.0
2009-06-27,11.5,13.05
2009-06-28,11.5,12.966666666666667
2009-06-29,11.5,12.883333333333333
2009-06-30,11.5,12.8
2009-07-01,11.0,12.3
2009-07-02,11.8,12.75
2009-07-03,11.5,12.7
2009-07-04,11.8,12.4
2009-07-05,11.95,12.516666666666667
2009-07-06,12.1,12.633333333333333
2009-07-07,12.25,12.75
2009-07-08,12.0,14.95
2009-07-09,12.25,12.05
2009-07-10,12.0,12.1
2009-07-11,12.25,12.7
2009-07-12,12.25,13.05
2009-07-13,12.25,13.4
2009-07-14,12.25,13.75
2009-07-15,12.5,13.5
2009-07-16,12.45,12.5
2009-07-17,12.5,12.65
2009-07-18,12.5,12.7625
2009-07-19,12.5,12.875
2009-07-20,12.5,12.9875
2009-07-21,12.5,13.1
2009-07-22,12.5,13.0
2009-07-23,12.25,13.033333333333333
2009-07-24,12.0,13.066666666666668
2009-07-25,11.75,13.1
2009-07-26,12.0,13.116666666666667
2009-07-27,12.25,13.133333333333333
2009-07-28,12.5,13.15
2009-07-29,12.25,12.25
2009-07-30,12.5,12.8
2009-07-31,12.4,13.0
2009-08-01,12.4,12.75
2009-08-02,12.383333333333333,13.0
2009-08-03,12.366666666666667,13.25
2009-08-04,12.35,13.5
2009-08-05,12.45,13.583333333333332
2009-08-06,12.55,13.666666666666668
2009-08-07,12.65,13.75
2009-08-08,12.6,12.95
2009-08-09,12.655,12.925
2009-08-10,12.71,12.9
2009-08-11,12.765,12.875
2009-08-12,12.82,12.85
2009-08-13,12.875,12.825
2009-08-14,12.93,12.8
2009-08-15,12.985,12.775
2009-08-16,13.04,12.75
2009-08-17,13.095,12.725
2009-08-18,13.15,12.7
2009-08-19,12.6,12.6
2009-08-20,12.566666666666668,12.616666666666667
2009-08-21,12.533333333333333,12.633333333333333
2009-08-22,12.5,12.65
2009-08-23,12.416666666666668,12.583333333333332
2009-08-24,12.333333333333332,12.516666666666667
2009-08-25,12.25,12.45
2009-08-26,12.5,14.05
2009-08-27,12.7,13.3
2009-08-28,12.65,14.4
2009-08-29,12.6,14.1
2009-08-30,12.583333333333332,14.0
2009-08-31,12.566666666666668,13.9
2009-09-01,12.55,13.8
2009-09-02,12.95,12.8
2009-09-03,12.65,13.5
2009-09-04,12.5,13.75
2009-09-05,12.75,12.75
2009-09-06,12.666666666666668,13.15
2009-09-07,12.583333333333332,13.55
2009-09-08,12.5,13.95
2009-09-09,13.0,13.5
2009-09-10,13.25,13.75
2009-09-11,13.0,13.55
2009-09-12,13.1,13.55
2009-09-13,13.066666666666668,13.616666666666667
2009-09-14,13.033333333333333,13.683333333333332
2009-09-15,13.0,13.75
2009-09-16,13.0,15.3
2009-09-17,12.75,14.4
2009-09-18,12.75,14.9
2009-09-19,13.0,13.55
2009-09-20,12.975,13.4625
2009-09-21,12.95,13.375
2009-09-22,12.925,13.2875
2009-09-23,12.9,13.2
2009-09-24,13.25,13.8
2009-09-25,13.25,13.8
2009-09-26,13.0,14.4
2009-09-27,12.975,14.44
2009-09-28,12.95,14.48
2009-09-29,12.925,14.52
2009-09-30,12.9,14.56
2009-10-01,12.875,14.6
2009-10-02,12.85,14.64
2009-10-03,12.825,14.68
2009-10-04,12.8,14.72
2009-10-05,12.775,14.76
2009-10-06,12.75,14.8
2009-10-07,12.7,15.1
2009-10-08,13.0,15.8
2009-10-09,13.2,14.0
2009-10-10,13.0,14.0
2009-10-11,13.066666666666668,14.366666666666667
2009-10-12,13.133333333333333,14.733333333333333
2009-10-13,13.2,15.1
2009-10-14,13.85,15.65
2009-10-15,13.942307692307693,15.675
2009-10-16,14.034615384615385,15.7
2009-10-17,14.126923076923076,15.725
2009-10-18,14.21923076923077,15.75
2009-10-19,14.31153846153846,15.775
2009-10-20,14.403846153846155,15.8
2009-10-21,14.496153846153845,15.825
2009-10-22,14.588461538461535,15.85
2009-10-23,14.680769230769231,15.875
2009-10-24,14.773076923076925,15.9
2009-10-25,14.865384615384615,15.783333333333333
2009-10-26,14.957692307692305,15.666666666666668
2009-10-27,15.05,15.55
2009-10-28,14.85,17.5
2009-10-29,14.95,16.3
2009-10-30,15.0,16.75
2009-10-31,15.1875,17.0
2009-11-01,15.375,17.25
2009-11-02,15.5625,17.5
2009-11-03,15.75,17.75
2009-11-04,15.5,17.5
2009-11-05,15.8,17.0
2009-11-06,15.6,17.55
2009-11-07,15.7,17.3
2009-11-08,15.65,17.4
2009-11-09,15.6,17.5
2009-11-10,15.55,17.6
2009-11-11,15.2,17.45
2009-11-12,15.1,17.0
2009-11-13,15.3,15.95
2009-11-14,15.45,17.0
2009-11-15,15.383333333333333,17.1
2009-11-16,15.316666666666668,17.2
2009-11-17,15.25,17.3
2009-11-18,15.5,17.95
2009-11-19,15.75,16.5
2009-11-20,15.0,17.45
2009-11-21,15.4,18.4
2009-11-22,15.3,18.033333333333328
2009-11-23,15.2,17.666666666666668
2009-11-24,15.1,17.3
2009-11-25,15.3,18.3
2009-11-26,15.25,17.95
2009-11-27,14.9,18.4
2009-11-28,15.0125,18.4375
2009-11-29,15.125,18.475
2009-11-30,15.2375,18.5125
2009-12-01,15.35,18.55
2009-12-02,15.15,18.2
2009-12-03,15.15,16.5
2009-12-04,14.95,18.15
2009-12-05,15.0,17.55
2009-12-06,15.1,17.833333333333332
2009-12-07,15.2,18.116666666666667
2009-12-08,15.3,18.4
2009-12-09,15.2,18.5
2009-12-10,15.5,16.55
2009-12-11,15.4,16.8
2009-12-12,15.15,17.7
2009-12-13,15.183333333333332,17.633333333333333
2009-12-14,15.216666666666667,17.566666666666666
2009-12-15,15.25,17.5
2009-12-16,15.55,18.2
2009-12-17,15.3,17.3
2009-12-18,15.3,17.65
2009-12-19,15.55,17.0
2009-12-20,15.616666666666667,17.25
2009-12-21,15.683333333333332,17.5
2009-12-22,15.75,17.75
2009-12-23,15.0,17.55
2009-12-24,15.5,17.05
2009-12-25,15.541666666666668,16.983333333333334
2009-12-26,15.583333333333332,16.916666666666668
2009-12-27,15.625,16.85
2009-12-28,15.666666666666668,16.78333333333333
2009-12-29,15.708333333333332,16.71666666666667
2009-12-30,15.75,16.65
2009-12-31,15.6,17.7
2010-01-01,15.55,17.6
2010-01-02,15.7,17.0
2010-01-03,15.733333333333333,16.916666666666668
2010-01-04,15.766666666666667,16.833333333333332
2010-01-05,15.8,16.75
2010-01-06,15.6,16.55
2010-01-07,15.65,17.8
2010-01-08,15.55,17.1
2010-01-09,16.0,16.8
2010-01-10,15.933333333333332,16.983333333333334
2010-01-11,15.866666666666667,17.166666666666668
2010-01-12,15.8,17.35
2010-01-13,15.85,17.1
2010-01-14,15.866666666666667,17.21666666666667
2010-01-15,15.883333333333333,17.333333333333332
2010-01-16,15.9,17.45
2010-01-17,15.933333333333332,17.25
2010-01-18,15.966666666666667,17.05
2010-01-19,16.0,16.85
2010-01-20,15.8,17.05
2010-01-21,15.95,16.9
2010-01-22,15.65,16.85
2010-01-23,15.55,16.7
2010-01-24,15.38,16.67
2010-01-25,15.21,16.64
2010-01-26,15.04,16.61
2010-01-27,14.87,16.58
2010-01-28,14.7,16.55
2010-01-29,14.3,16.65
2010-01-30,14.65,16.65
2010-01-31,14.516666666666667,16.616666666666667
2010-02-01,14.383333333333333,16.583333333333332
2010-02-02,14.25,16.55
2010-02-03,14.5,16.6
2010-02-04,14.65,17.05
2010-02-05,15.05,16.25
2010-02-06,15.2,16.25
2010-02-07,15.133333333333333,16.583333333333332
2010-02-08,15.066666666666668,16.916666666666668
2010-02-09,15.0,17.25
2010-02-10,14.4,17.05
2010-02-11,14.55,17.05
2010-02-12,14.54,17.04
2010-02-13,14.53,17.03
2010-02-14,14.52,17.02
2010-02-15,14.51,17.01
2010-02-16,14.5,17.0
2010-02-17,14.05,16.7
2010-02-18,14.4,15.75
2010-02-19,14.05,16.55
2010-02-20,13.75,17.0
2010-02-21,13.616666666666667,16.683333333333334
2010-02-22,13.483333333333333,16.366666666666667
2010-02-23,13.35,16.05
2010-02-24,14.2,15.45
2010-02-25,14.0,16.1
2010-02-26,14.25,15.85
2010-02-27,14.24,15.83
2010-02-28,14.23,15.81
2010-03-01,14.22,15.79
2010-03-02,14.21,15.77
2010-03-03,14.2,15.75
2010-03-04,14.75,18.35
2010-03-05,15.0,17.7
2010-03-06,14.3,19.0
2010-03-07,14.533333333333333,18.616666666666667
2010-03-08,14.766666666666667,18.233333333333334
2010-03-09,15.0,17.85
2010-03-10,14.5,18.4
2010-03-11,14.8,17.7
2010-03-12,14.3,18.0
2010-03-13,15.0,17.0
2010-03-14,14.833333333333332,17.333333333333332
2010-03-15,14.666666666666668,17.666666666666668
2010-03-16,14.5,18.0
2010-03-17,14.5,17.2
2010-03-18,14.25,16.55
2010-03-19,15.0,17.5
2010-03-20,14.95,17.05
2010-03-21,14.866666666666667,17.783333333333328
2010-03-22,14.783333333333333,18.516666666666666
2010-03-23,14.7,19.25
2010-03-24,14.727272727272727,19.1
2010-03-25,14.754545454545456,18.95
2010-03-26,14.781818181818185,18.8
2010-03-27,14.80909090909091,18.65
2010-03-28,14.836363636363638,18.5
2010-03-29,14.863636363636365,18.35
2010-03-30,14.89090909090909,18.2
2010-03-31,14.918181818181818,18.05
2010-04-01,14.945454545454545,17.9
2010-04-02,14.972727272727273,17.75
2010-04-03,15.0,17.6
2010-04-04,14.75,17.733333333333334
2010-04-05,14.5,17.866666666666667
2010-04-06,14.25,18.0
2010-04-07,15.0,17.65
2010-04-08,14.8,17.0
2010-04-09,15.1,19.0
2010-04-10,15.1,16.5
2010-04-11,15.15,17.166666666666668
2010-04-12,15.2,17.833333333333332
2010-04-13,15.25,18.5
2010-04-14,15.0,18.166666666666668
2010-04-15,14.75,17.833333333333332
2010-04-16,14.5,17.5
2010-04-17,14.75,17.5
2010-04-18,14.65,17.25
2010-04-19,14.55,17.0
2010-04-20,14.45,16.75
2010-04-21,14.0,16.75
2010-04-22,15.3,17.25
2010-04-23,15.25,16.6
2010-04-24,15.1,16.75
2010-04-25,15.183333333333332,16.6
2010-04-26,15.266666666666667,16.45
2010-04-27,15.35,16.3
2010-04-28,15.25,17.0
2010-04-29,15.3,14.8
2010-04-30,13.5,17.25
2010-05-01,13.9375,17.0875
2010-05-02,14.375,16.925
2010-05-03,14.8125,16.7625
2010-05-04,15.25,16.6
2010-05-05,15.2,16.3
2010-05-06,15.15,16.3
2010-05-07,14.55,16.0
2010-05-08,14.65,16.75
2010-05-09,14.366666666666667,17.083333333333332
2010-05-10,14.083333333333332,17.416666666666668
2010-05-11,13.8,17.75
2010-05-12,14.5,15.75
2010-05-13,14.75,15.05
2010-05-14,15.35,15.65
2010-05-15,14.85,13.4
2010-05-16,14.4,13.45
2010-05-17,13.95,13.5
2010-05-18,13.5,13.55
2010-05-19,14.0,16.3
2010-05-20,14.25,15.8
2010-05-21,14.4,15.0
2010-05-22,14.2,16.8
2010-05-23,14.216666666666667,16.65
2010-05-24,14.233333333333333,16.5
2010-05-25,14.25,16.35
2010-05-26,15.0,16.25
2010-05-27,14.3,15.0
2010-05-28,14.4,15.5
2010-05-29,14.35,17.35
2010-05-30,14.183333333333332,16.75
2010-05-31,14.016666666666667,16.15
2010-06-01,13.85,15.55
2010-06-02,15.3,18.15
2010-06-03,15.3,17.233333333333334
2010-06-04,15.3,16.316666666666666
2010-06-05,15.3,15.4
2010-06-06,15.116666666666667,15.45
2010-06-07,14.933333333333332,15.5
2010-06-08,14.75,15.55
2010-06-09,14.5,15.45
2010-06-10,14.9,15.2
2010-06-11,14.75,16.0
2010-06-12,14.8,14.25
2010-06-13,14.533333333333333,15.833333333333332
2010-06-14,14.266666666666667,17.416666666666668
2010-06-15,14.0,19.0
2010-06-16,11.95,11.95
2010-06-17,14.1,14.95
2010-06-18,14.15,16.65
2010-06-19,13.9,13.75
2010-06-20,13.92,13.85
2010-06-21,13.94,13.95
2010-06-22,13.96,14.05
2010-06-23,13.98,14.15
2010-06-24,14.0,14.25
2010-06-25,14.0,14.25
2010-06-26,13.5,14.3
2010-06-27,13.583333333333332,14.316666666666668
2010-06-28,13.666666666666668,14.333333333333332
2010-06-29,13.75,14.35
2010-06-30,13.75,14.3
2010-07-01,13.65,13.55
2010-07-02,13.55,14.55
2010-07-03,13.5,13.5
2010-07-04,13.583333333333332,13.8
2010-07-05,13.666666666666668,14.1
2010-07-06,13.75,14.4
2010-07-07,14.0,15.25
2010-07-08,13.5,14.3
2010-07-09,13.5,14.3
2010-07-10,13.8,13.9
2010-07-11,13.55,13.5
2010-07-12,13.3,13.1
2010-07-13,13.05,12.7
2010-07-14,13.15,17.35
2010-07-15,13.3,14.85
2010-07-16,14.1,14.35
2010-07-17,13.85,14.1625
2010-07-18,13.816666666666668,13.975
2010-07-19,13.783333333333333,13.7875
2010-07-20,13.75,13.6
2010-07-21,13.5,13.625
2010-07-22,13.5,13.65
2010-07-23,13.5,13.675
2010-07-24,13.5,13.7
2010-07-25,13.616666666666667,13.966666666666667
2010-07-26,13.733333333333333,14.233333333333333
2010-07-27,13.85,14.5
2010-07-28,13.5,14.3
2010-07-29,13.5,14.1
2010-07-30,13.85,13.45
2010-07-31,13.891666666666667,13.616666666666667
2010-08-01,13.933333333333332,13.783333333333333
2010-08-02,13.975,13.95
2010-08-03,14.016666666666667,14.116666666666667
2010-08-04,14.058333333333332,14.283333333333333
2010-08-05,14.1,14.45
2010-08-06,13.5,13.9
2010-08-07,13.5,12.65
2010-08-08,13.7,13.333333333333332
2010-08-09,13.9,14.016666666666667
2010-08-10,14.1,14.7
2010-08-11,14.25,14.5
2010-08-12,13.5,14.5
2010-08-13,13.75,14.25
2010-08-14,13.3,13.05
2010-08-15,13.366666666666667,13.6
2010-08-16,13.433333333333332,14.15
2010-08-17,13.5,14.7
2010-08-18,13.75,13.15
2010-08-19,13.55,14.5
2010-08-20,14.25,14.1
2010-08-21,13.75,14.15
2010-08-22,13.73,14.25
2010-08-23,13.71,14.35
2010-08-24,13.69,14.45
2010-08-25,13.67,14.55
2010-08-26,13.65,14.65
2010-08-27,13.6375,14.716666666666667
2010-08-28,13.625,14.783333333333333
2010-08-29,13.6125,14.85
2010-08-30,13.6,14.916666666666668
2010-08-31,13.5875,14.983333333333333
2010-09-01,13.575,15.05
2010-09-02,13.5625,15.116666666666667
2010-09-03,13.55,15.183333333333332
2010-09-04,13.5375,15.25
2010-09-05,13.525,15.316666666666668
2010-09-06,13.5125,15.383333333333333
2010-09-07,13.5,15.45
2010-09-08,13.535714285714285,15.242857142857142
2010-09-09,13.571428571428573,15.035714285714285
2010-09-10,13.607142857142858,14.82857142857143
2010-09-11,13.642857142857142,14.621428571428574
2010-09-12,13.678571428571427,14.414285714285713
2010-09-13,13.714285714285715,14.207142857142856
2010-09-14,13.75,14.0
2010-09-15,13.6,13.25
2010-09-16,13.75,16.3
2010-09-17,13.7,14.4
2010-09-18,13.75,13.05
2010-09-19,13.833333333333332,13.533333333333333
2010-09-20,13.916666666666668,14.016666666666667
2010-09-21,14.0,14.5
2010-09-22,13.25,13.9
2010-09-23,14.05,14.433333333333332
2010-09-24,13.75,14.966666666666667
2010-09-25,14.0,15.5
2010-09-26,13.833333333333332,15.266666666666667
2010-09-27,13.666666666666668,15.033333333333333
2010-09-28,13.5,14.8
2010-09-29,14.0,13.25
2010-09-30,14.0,13.258333333333333
2010-10-01,14.0,13.266666666666667
2010-10-02,14.0,13.275
2010-10-03,14.0,13.283333333333333
2010-10-04,14.0,13.291666666666668
2010-10-05,14.0,13.3
2010-10-06,14.1,14.15
2010-10-07,13.9,12.05
2010-10-08,14.35,14.45
2010-10-09,13.85,14.1
2010-10-10,14.183333333333332,14.583333333333332
2010-10-11,14.516666666666667,15.066666666666668
2010-10-12,14.85,15.55
2010-10-13,14.95,15.0
2010-10-14,14.8,17.35
2010-10-15,14.7,16.4
2010-10-16,14.8,15.3
2010-10-17,14.65,15.4
2010-10-18,14.5,15.5
2010-10-19,14.35,15.6
2010-10-20,14.6,15.3
2010-10-21,14.683333333333332,15.083333333333332
2010-10-22,14.766666666666667,14.866666666666667
2010-10-23,14.85,14.65
2010-10-24,14.683333333333332,14.916666666666668
2010-10-25,14.516666666666667,15.183333333333332
2010-10-26,14.35,15.45
2010-10-27,15.1,18.7
2010-10-28,16.1,18.3
2010-10-29,15.3,16.85
2010-10-30,15.05,15.7
2010-10-31,15.633333333333333,16.483333333333334
2010-11-01,16.21666666666667,17.266666666666666
2010-11-02,16.8,18.05
2010-11-03,15.9,18.3
2010-11-04,15.9,17.98125
2010-11-05,15.9,17.6625
2010-11-06,15.9,17.34375
2010-11-07,15.9,17.025
2010-11-08,15.9,16.70625
2010-11-09,15.9,16.3875
2010-11-10,15.9,16.06875
2010-11-11,15.9,15.75
2010-11-12,16.2,17.5
2010-11-13,16.0,18.05
2010-11-14,15.825,17.8
2010-11-15,15.65,17.55
2010-11-16,15.475,17.3
2010-11-17,15.3,17.05
2010-11-18,15.125,16.8
2010-11-19,14.95,16.55
2010-11-20,14.2,16.45
2010-11-21,14.24,16.56
2010-11-22,14.28,16.67
2010-11-23,14.32,16.78
2010-11-24,14.36,16.89
2010-11-25,14.4,17.0
2010-11-26,14.55,16.5
2010-11-27,15.05,16.1
2010-11-28,15.033333333333333,15.983333333333333
2010-11-29,15.016666666666667,15.866666666666667
2010-11-30,15.0,15.75
2010-12-01,15.4,17.0
2010-12-02,16.35,15.75
2010-12-03,15.75,16.55
2010-12-04,15.8,16.25
2010-12-05,15.533333333333333,16.016666666666666
2010-12-06,15.266666666666667,15.783333333333333
2010-12-07,15.0,15.55
2010-12-08,14.2,17.05
2010-12-09,15.0,18.9
2010-12-10,15.0,16.8
2010-12-11,15.5,17.2
2010-12-12,15.333333333333332,16.916666666666668
2010-12-13,15.166666666666668,16.633333333333333
2010-12-14,15.0,16.35
2010-12-15,17.55,15.0
2010-12-16,17.25,15.333333333333332
2010-12-17,16.95,15.666666666666668
2010-12-18,16.65,16.0
2010-12-19,16.35,16.333333333333332
2010-12-20,16.05,16.666666666666668
2010-12-21,15.75,17.0
2010-12-22,15.9,17.1
2010-12-23,15.55,17.5
2010-12-24,15.35,15.75
2010-12-25,15.6375,15.9625
2010-12-26,15.925,16.175
2010-12-27,16.2125,16.3875
2010-12-28,16.5,16.6
2010-12-29,16.2,17.05
2010-12-30,15.95,16.7
2010-12-31,15.75,16.15
2011-01-01,15.9,16.3
2011-01-02,15.833333333333332,16.21666666666667
2011-01-03,15.766666666666667,16.133333333333333
2011-01-04,15.7,16.05
2011-01-05,15.25,16.15
2011-01-06,15.0,15.25
2011-01-07,14.9,15.6
2011-01-08,14.2,15.6
2011-01-09,14.416666666666668,15.45
2011-01-10,14.633333333333333,15.3
2011-01-11,14.85,15.15
2011-01-12,15.0,14.6
2011-01-13,15.05,15.4
2011-01-14,14.95,15.32
2011-01-15,14.85,15.24
2011-01-16,14.75,15.16
2011-01-17,14.65,15.08
2011-01-18,14.55,15.0
2011-01-19,14.7,15.55
2011-01-20,14.8,15.2
2011-01-21,14.72,15.12
2011-01-22,14.64,15.04
2011-01-23,14.56,14.96
2011-01-24,14.48,14.88
2011-01-25,14.4,14.8
2011-01-26,14.483333333333333,14.933333333333332
2011-01-27,14.566666666666668,15.066666666666668
2011-01-28,14.65,15.2
2011-01-29,14.7,15.75
2011-01-30,14.85,15.683333333333332
2011-01-31,15.0,15.616666666666667
2011-02-01,15.15,15.55
2011-02-02,14.8,14.5
2011-02-03,14.75,15.25
2011-02-04,15.0,15.3
2011-02-05,14.5,15.55
2011-02-06,14.516666666666667,15.533333333333333
2011-02-07,14.533333333333333,15.516666666666667
2011-02-08,14.55,15.5
2011-02-09,14.15,15.95
2011-02-10,13.75,15.55
2011-02-11,14.5,15.35
2011-02-12,14.45,15.1
2011-02-13,14.383333333333333,15.366666666666667
2011-02-14,14.316666666666668,15.633333333333333
2011-02-15,14.25,15.9
2011-02-16,14.466666666666667,15.783333333333333
2011-02-17,14.683333333333332,15.666666666666668
2011-02-18,14.9,15.55
2011-02-19,14.1,14.9
2011-02-20,14.283333333333333,14.9875
2011-02-21,14.466666666666667,15.075
2011-02-22,14.65,15.1625
2011-02-23,14.2,15.25
2011-02-24,13.95,12.4
2011-02-25,13.4,14.4
2011-02-26,12.05,13.6
2011-02-27,11.983333333333333,13.316666666666668
2011-02-28,11.916666666666668,13.033333333333333
2011-03-01,11.85,12.75
2011-03-02,11.9,12.833333333333332
2011-03-03,11.95,12.916666666666668
2011-03-04,12.0,13.0
2011-03-05,11.5,12.2
2011-03-06,11.416666666666668,12.466666666666667
2011-03-07,11.333333333333332,12.733333333333333
2011-03-08,11.25,13.0
2011-03-09,11.35,13.15
2011-03-10,11.4,13.25
2011-03-11,11.2,12.55
2011-03-12,11.75,12.25
2011-03-13,11.916666666666668,12.766666666666667
2011-03-14,12.083333333333332,13.283333333333333
2011-03-15,12.25,13.8
2011-03-16,11.4,11.85
2011-03-17,11.25,12.25
2011-03-18,10.9,12.0
2011-03-19,11.35,12.05
2011-03-20,11.633333333333333,12.216666666666667
2011-03-21,11.916666666666668,12.383333333333333
2011-03-22,12.2,12.55
2011-03-23,11.5,12.75
2011-03-24,11.55,11.75
2011-03-25,11.8,12.5
2011-03-26,11.75,12.25
2011-03-27,11.7,12.375
2011-03-28,11.65,12.5
2011-03-29,11.6,12.625
2011-03-30,11.55,12.75
2011-03-31,11.5,12.875
2011-04-01,11.45,13.0
2011-04-02,11.4,13.125
2011-04-03,11.35,13.25
2011-04-04,11.3,13.375
2011-04-05,11.25,13.5
2011-04-06,11.25,13.05
2011-04-07,11.5,12.5
2011-04-08,11.4,12.6
2011-04-09,11.5,12.5
2011-04-10,11.464285714285715,13.071428571428573
2011-04-11,11.428571428571427,13.642857142857142
2011-04-12,11.392857142857142,14.214285714285715
2011-04-13,11.357142857142858,14.785714285714285
2011-04-14,11.321428571428573,15.357142857142858
2011-04-15,11.285714285714285,15.928571428571427
2011-04-16,11.25,16.5
2011-04-17,11.25,15.5625
2011-04-18,11.25,14.625
2011-04-19,11.25,13.6875
2011-04-20,11.25,12.75
2011-04-21,11.3,12.95
2011-04-22,11.25,12.55
2011-04-23,11.1,12.25
2011-04-24,11.066666666666668,12.3
2011-04-25,11.033333333333333,12.35
2011-04-26,11.0,12.4
2011-04-27,11.25,12.5
2011-04-28,11.05,12.25
2011-04-29,11.25,12.7
2011-04-30,11.25,12.5
2011-05-01,11.166666666666668,12.283333333333333
2011-05-02,11.083333333333332,12.066666666666668
2011-05-03,11.0,11.85
2011-05-04,11.25,12.5
2011-05-05,11.0,11.75
2011-05-06,11.1,12.5
2011-05-07,11.086792452830188,12.427272727272728
2011-05-08,11.073584905660377,12.354545454545455
2011-05-09,11.060377358490568,12.281818181818185
2011-05-10,11.047169811320755,12.20909090909091
2011-05-11,11.033962264150944,12.136363636363635
2011-05-12,11.020754716981132,12.063636363636364
2011-05-13,11.00754716981132,11.99090909090909
2011-05-14,10.994339622641508,11.918181818181818
2011-05-15,10.981132075471699,11.845454545454546
2011-05-16,10.967924528301888,11.772727272727273
2011-05-17,10.954716981132076,11.7
2011-05-18,10.941509433962263,11.2
2011-05-19,10.928301886792452,11.85
2011-05-20,10.915094339622645,12.2
2011-05-21,10.901886792452832,11.6
2011-05-22,10.88867924528302,11.566666666666668
2011-05-23,10.875471698113211,11.533333333333333
2011-05-24,10.862264150943396,11.5
2011-05-25,10.849056603773585,11.5
2011-05-26,10.835849056603772,12.3
2011-05-27,10.822641509433963,11.85
2011-05-28,10.809433962264151,11.25
2011-05-29,10.79622641509434,11.5
2011-05-30,10.783018867924529,11.75
2011-05-31,10.769811320754716,12.0
2011-06-01,10.756603773584906,10.95
2011-06-02,10.743396226415094,12.05
2011-06-03,10.730188679245284,12.2
2011-06-04,10.716981132075473,11.5
2011-06-05,10.70377358490566,11.666666666666668
2011-06-06,10.690566037735847,11.833333333333332
2011-06-07,10.677358490566037,12.0
2011-06-08,10.664150943396226,12.25
2011-06-09,10.650943396226415,11.4
2011-06-10,10.637735849056604,10.95
2011-06-11,10.624528301886789,11.05
2011-06-12,10.61132075471698,10.766666666666667
2011-06-13,10.598113207547167,10.483333333333333
2011-06-14,10.584905660377355,10.2
2011-06-15,10.571698113207546,10.05
2011-06-16,10.558490566037737,11.25
2011-06-17,10.545283018867924,10.8
2011-06-18,10.532075471698114,11.0
2011-06-19,10.518867924528301,11.0625
2011-06-20,10.50566037735849,11.125
2011-06-21,10.49245283018868,11.1875
2011-06-22,10.479245283018868,11.25
2011-06-23,10.466037735849056,10.25
2011-06-24,10.452830188679245,11.25
2011-06-25,10.439622641509434,10.6
2011-06-26,10.426415094339623,10.7
2011-06-27,10.413207547169813,10.8
2011-06-28,10.4,10.9
2011-06-29,10.3,11.2
2011-06-30,10.361111111111109,10.75
2011-07-01,10.422222222222222,10.9
2011-07-02,10.483333333333333,11.6
2011-07-03,10.544444444444443,11.566666666666668
2011-07-04,10.605555555555558,11.533333333333333
2011-07-05,10.666666666666668,11.5
2011-07-06,10.727777777777778,10.9
2011-07-07,10.788888888888891,11.65
2011-07-08,10.85,11.1
2011-07-09,10.9,10.7
2011-07-10,10.95,10.933333333333332
2011-07-11,11.0,11.166666666666668
2011-07-12,11.05,11.4
2011-07-13,11.1,11.15
2011-07-14,11.15,12.3
2011-07-15,11.0,10.3
2011-07-16,11.0,10.9
2011-07-17,11.083333333333332,10.783333333333333
2011-07-18,11.166666666666668,10.666666666666668
2011-07-19,11.25,10.55
2011-07-20,10.75,11.8
2011-07-21,11.05,12.8
2011-07-22,11.0,11.0
2011-07-23,10.9375,11.0
2011-07-24,10.875,10.9
2011-07-25,10.8125,10.8
2011-07-26,10.75,10.7
2011-07-27,10.7125,10.9
2011-07-28,10.675,11.1
2011-07-29,10.6375,11.3
2011-07-30,10.6,10.8
2011-07-31,10.6,10.616666666666667
2011-08-01,10.6,10.433333333333332
2011-08-02,10.6,10.25
2011-08-03,10.633333333333333,10.85
2011-08-04,10.666666666666668,10.55
2011-08-05,10.7,10.95
2011-08-06,10.75,11.05
2011-08-07,10.683333333333332,10.933333333333332
2011-08-08,10.616666666666667,10.816666666666668
2011-08-09,10.55,10.7
2011-08-10,10.25,10.4
2011-08-11,10.7,10.3
2011-08-12,10.7,10.65
2011-08-13,10.64,10.57
2011-08-14,10.58,10.49
2011-08-15,10.52,10.41
2011-08-16,10.46,10.33
2011-08-17,10.4,10.25
2011-08-18,10.7,11.0
2011-08-19,10.65,10.35
2011-08-20,10.657142857142857,10.428571428571429
2011-08-21,10.664285714285713,10.507142857142858
2011-08-22,10.67142857142857,10.585714285714287
2011-08-23,10.678571428571429,10.664285714285713
2011-08-24,10.685714285714287,10.742857142857142
2011-08-25,10.692857142857145,10.821428571428573
2011-08-26,10.7,10.9
2011-08-27,10.25,10.4
2011-08-28,10.285714285714286,10.471428571428572
2011-08-29,10.321428571428571,10.542857142857144
2011-08-30,10.357142857142858,10.614285714285714
2011-08-31,10.392857142857142,10.685714285714287
2011-09-01,10.428571428571429,10.757142857142858
2011-09-02,10.464285714285714,10.82857142857143
2011-09-03,10.5,10.9
2011-09-04,10.483333333333333,10.6
2011-09-05,10.466666666666667,10.3
2011-09-06,10.45,10.0
2011-09-07,10.5,10.5
2011-09-08,10.75,10.7
2011-09-09,10.75,10.85
2011-09-10,10.7,11.0
2011-09-11,10.716666666666667,11.183333333333332
2011-09-12,10.733333333333333,11.366666666666667
2011-09-13,10.75,11.55
2011-09-14,11.0,11.25
2011-09-15,10.8,10.95
2011-09-16,10.95,11.35
2011-09-17,10.85,10.7
2011-09-18,10.733333333333333,10.883333333333333
2011-09-19,10.616666666666667,11.066666666666668
2011-09-20,10.5,11.25
2011-09-21,10.6,11.25
2011-09-22,10.65,10.9
2011-09-23,10.55,11.2
2011-09-24,10.75,11.25
2011-09-25,10.6875,11.15
2011-09-26,10.625,11.05
2011-09-27,10.5625,10.95
2011-09-28,10.5,11.35
2011-09-29,10.45,11.275
2011-09-30,10.4,11.2
2011-10-01,10.35,11.125
2011-10-02,10.3,11.05
2011-10-03,10.25,10.975
2011-10-04,10.2,10.9
2011-10-05,10.65,10.9
2011-10-06,10.6,10.766666666666667
2011-10-07,10.55,10.633333333333333
2011-10-08,10.5,10.5
2011-10-09,10.466666666666667,10.5
2011-10-10,10.433333333333332,10.5
2011-10-11,10.4,10.5
2011-10-12,10.8,10.5
2011-10-13,10.65,10.7
2011-10-14,10.6,10.7
2011-10-15,10.591666666666667,10.9
2011-10-16,10.583333333333332,11.1
2011-10-17,10.575,11.3
2011-10-18,10.566666666666668,11.5
2011-10-19,10.558333333333332,11.7
2011-10-20,10.55,11.9
2011-10-21,10.588461538461537,11.873076923076924
2011-10-22,10.626923076923076,11.846153846153845
2011-10-23,10.665384615384614,11.819230769230769
2011-10-24,10.703846153846154,11.792307692307695
2011-10-25,10.742307692307694,11.765384615384615
2011-10-26,10.78076923076923,11.738461538461538
2011-10-27,10.819230769230769,11.711538461538463
2011-10-28,10.857692307692306,11.684615384615386
2011-10-29,10.896153846153846,11.657692307692306
2011-10-30,10.934615384615386,11.630769230769232
2011-10-31,10.973076923076922,11.603846153846154
2011-11-01,11.011538461538462,11.576923076923075
2011-11-02,11.05,11.55
2011-11-03,11.0,11.8
2011-11-04,11.25,12.0
2011-11-05,11.35,12.0
2011-11-06,11.325,11.85
2011-11-07,11.3,11.7
2011-11-08,11.275,11.55
2011-11-09,11.25,11.4
2011-11-10,10.9,11.8
2011-11-11,10.85,10.95
2011-11-12,10.9,11.35
2011-11-13,10.966666666666667,11.233333333333333
2011-11-14,11.033333333333333,11.116666666666667
2011-11-15,11.1,11.0
2011-11-16,11.05,11.2
2011-11-17,11.1,10.9
2011-11-18,11.15,11.25
2011-11-19,11.125,11.3125
2011-11-20,11.1,11.375
2011-11-21,11.075,11.4375
2011-11-22,11.05,11.5
2011-11-23,11.2,11.15
2011-11-24,11.2,11.25
2011-11-25,11.05,11.1
2011-11-26,10.85,11.0
2011-11-27,10.916666666666668,11.066666666666668
2011-11-28,10.983333333333333,11.133333333333333
2011-11-29,11.05,11.2
2011-11-30,11.8,11.15
2011-12-01,10.85,10.9
2011-12-02,11.15,11.05
2011-12-03,10.9,11.5
2011-12-04,11.03,11.5
2011-12-05,11.16,11.5
2011-12-06,11.29,11.5
2011-12-07,11.42,11.5
2011-12-08,11.55,11.5
2011-12-09,11.3,11.5
2011-12-10,11.15,11.35
2011-12-11,11.283333333333333,11.383333333333333
2011-12-12,11.416666666666668,11.416666666666668
2011-12-13,11.55,11.45
2011-12-14,11.35,11.95
2011-12-15,11.35,11.2
2011-12-16,11.55,11.35
2011-12-17,11.35,11.95
2011-12-18,11.35,11.833333333333332
2011-12-19,11.35,11.716666666666667
2011-12-20,11.35,11.6
2011-12-21,11.65,11.45
2011-12-22,11.8,12.05
2011-12-23,11.55,11.7
2011-12-24,11.75,11.8
2011-12-25,11.733333333333333,11.783333333333333
2011-12-26,11.716666666666667,11.766666666666667
2011-12-27,11.7,11.75
2011-12-28,11.85,12.35
2011-12-29,12.6,12.2
2011-12-30,11.75,11.85
2011-12-31,11.75,11.9
2012-01-01,11.866666666666667,12.15
2012-01-02,11.983333333333333,12.4
2012-01-03,12.1,12.65
2012-01-04,12.25,12.35
2012-01-05,11.95,11.8
2012-01-06,12.03,11.94
2012-01-07,12.11,12.08
2012-01-08,12.19,12.22
2012-01-09,12.27,12.36
2012-01-10,12.35,12.5
2012-01-11,12.15,12.6
2012-01-12,12.35,12.5
2012-01-13,12.5,12.7
2012-01-14,12.325,12.5875
2012-01-15,12.15,12.475
2012-01-16,11.975,12.3625
2012-01-17,11.8,12.25
2012-01-18,11.8,11.95
2012-01-19,11.95,12.9
2012-01-20,12.0,12.25
2012-01-21,11.9,12.2625
2012-01-22,11.8,12.275
2012-01-23,11.7,12.2875
2012-01-24,11.6,12.3
2012-01-25,11.7,12.05
2012-01-26,11.65,12.133333333333333
2012-01-27,11.6,12.216666666666667
2012-01-28,11.55,12.3
2012-01-29,11.566666666666668,12.033333333333333
2012-01-30,11.583333333333332,11.766666666666667
2012-01-31,11.6,11.5
2012-02-01,11.5,12.35
2012-02-02,11.65,12.3
2012-02-03,11.75,11.7
2012-02-04,11.95,12.05
2012-02-05,11.85,11.95
2012-02-06,11.75,11.85
2012-02-07,11.65,11.75
2012-02-08,11.05,11.3
2012-02-09,11.5,11.75
2012-02-10,10.85,11.25
2012-02-11,11.4,11.55
2012-02-12,11.566666666666668,11.683333333333332
2012-02-13,11.733333333333333,11.816666666666668
2012-02-14,11.9,11.95
2012-02-15,11.6,12.6
2012-02-16,11.65,12.35
2012-02-17,11.85,12.35
2012-02-18,11.75,12.2
2012-02-19,11.6875,12.0875
2012-02-20,11.625,11.975
2012-02-21,11.5625,11.8625
2012-02-22,11.5,11.75
2012-02-23,11.65,11.7
2012-02-24,11.55,11.8
2012-02-25,11.75,12.25
2012-02-26,11.683333333333332,12.116666666666667
2012-02-27,11.616666666666667,11.983333333333333
2012-02-28,11.55,11.85
2012-02-29,11.75,11.85
2012-03-01,12.0,12.5
2012-03-02,11.85,13.05
2012-03-03,11.85,12.25
2012-03-04,12.083333333333332,12.666666666666668
2012-03-05,12.316666666666668,13.083333333333332
2012-03-06,12.55,13.5
2012-03-07,12.15,13.0
2012-03-08,12.016666666666667,13.2
2012-03-09,11.883333333333333,13.4
2012-03-10,11.75,13.6
2012-03-11,11.916666666666668,13.7
2012-03-12,12.083333333333332,13.8
2012-03-13,12.25,13.9
2012-03-14,12.65,13.9
2012-03-15,13.25,15.5
2012-03-16,13.15,14.65
2012-03-17,13.4,13.7
2012-03-18,13.1,13.583333333333332
2012-03-19,12.8,13.466666666666667
2012-03-20,12.5,13.35
2012-03-21,13.15,13.5
2012-03-22,12.5,14.55
2012-03-23,12.4,13.55
2012-03-24,12.363636363636365,13.90909090909091
2012-03-25,12.327272727272728,14.268181818181818
2012-03-26,12.29090909090909,14.627272727272727
2012-03-27,12.254545454545456,14.986363636363635
2012-03-28,12.218181818181815,15.345454545454546
2012-03-29,12.181818181818182,15.704545454545455
2012-03-30,12.145454545454545,16.063636363636366
2012-03-31,12.10909090909091,16.422727272727272
2012-04-01,12.072727272727272,16.78181818181818
2012-04-02,12.036363636363635,17.14090909090909
2012-04-03,12.0,17.5
2012-04-04,13.0,13.75
2012-04-05,13.4,14.3
2012-04-06,13.27,14.92
2012-04-07,13.14,15.54
2012-04-08,13.01,16.16
2012-04-09,12.88,16.78
2012-04-10,12.75,17.4
2012-04-11,12.5,16.05
2012-04-12,11.8,14.75
2012-04-13,12.15,14.55
2012-04-14,12.25,14.675
2012-04-15,12.35,14.8
2012-04-16,12.45,14.925
2012-04-17,12.55,15.05
2012-04-18,12.0,16.3
2012-04-19,11.6,16.45
2012-04-20,12.0,15.75
2012-04-21,12.05,15.35
2012-04-22,12.0,15.45
2012-04-23,11.95,15.55
2012-04-24,11.9,15.65
2012-04-25,12.25,15.2
2012-04-26,12.25,14.95
2012-04-27,12.15,15.6
2012-04-28,12.25,15.85
2012-04-29,12.433333333333332,15.966666666666667
2012-04-30,12.616666666666667,16.083333333333332
2012-05-01,12.8,16.2
2012-05-02,12.8,15.35
2012-05-03,13.0,16.15
2012-05-04,13.25,16.45
2012-05-05,12.55,16.45
2012-05-06,12.65,16.416666666666668
2012-05-07,12.75,16.383333333333333
2012-05-08,12.85,16.35
2012-05-09,12.9,15.3
2012-05-10,13.15,16.25
2012-05-11,13.65,15.2
2012-05-12,13.0,16.5
2012-05-13,12.833333333333332,16.133333333333333
2012-05-14,12.666666666666668,15.766666666666667
2012-05-15,12.5,15.4
2012-05-16,13.05,15.8
2012-05-17,12.45,15.5
2012-05-18,12.8,16.05
2012-05-19,13.25,17.3
2012-05-20,13.083333333333332,16.9
2012-05-21,12.916666666666668,16.5
2012-05-22,12.75,16.1
2012-05-23,12.75,16.25
2012-05-24,12.2,15.7
2012-05-25,13.0,15.5
2012-05-26,12.75,15.2875
2012-05-27,12.5,15.075
2012-05-28,12.25,14.8625
2012-05-29,12.0,14.65
2012-05-30,13.05,16.05
2012-05-31,12.0,15.1
2012-06-01,12.0,15.14
2012-06-02,12.0,15.18
2012-06-03,12.0,15.22
2012-06-04,12.0,15.26
2012-06-05,12.0,15.3
2012-06-06,12.5,15.25
2012-06-07,13.2,15.0
2012-06-08,12.0,15.0
2012-06-09,12.0,14.55
2012-06-10,12.216666666666667,15.133333333333333
2012-06-11,12.433333333333332,15.716666666666667
2012-06-12,12.65,16.3
2012-06-13,12.3,16.25
2012-06-14,12.1,15.05
2012-06-15,12.5,14.45
2012-06-16,12.25,14.35
2012-06-17,12.2,14.3
2012-06-18,12.15,14.25
2012-06-19,12.1,14.2
2012-06-20,12.4,14.0
2012-06-21,13.3,14.1
2012-06-22,12.5,14.45
2012-06-23,13.3,14.25
2012-06-24,13.35,14.333333333333332
2012-06-25,13.4,14.416666666666668
2012-06-26,13.45,14.5
2012-06-27,12.75,15.25
2012-06-28,12.75,15.1
2012-06-29,12.45,15.0
2012-06-30,12.7,15.15
2012-07-01,12.65,14.816666666666668
2012-07-02,12.6,14.483333333333333
2012-07-03,12.55,14.15
2012-07-04,12.85,14.55
2012-07-05,12.9,14.45
2012-07-06,12.7,15.75
2012-07-07,13.15,14.5
2012-07-08,13.333333333333332,14.866666666666667
2012-07-09,13.516666666666667,15.233333333333333
2012-07-10,13.7,15.6
2012-07-11,13.65,15.1
2012-07-12,13.2,14.6
2012-07-13,12.8,16.35
2012-07-14,13.9,16.05
2012-07-15,14.1,16.016666666666666
2012-07-16,14.3,15.983333333333333
2012-07-17,14.5,15.95
2012-07-18,13.5,15.55
2012-07-19,14.25,15.85
2012-07-20,14.95,15.95
2012-07-21,13.7,15.8
2012-07-22,13.75,16.083333333333332
2012-07-23,13.8,16.366666666666667
2012-07-24,13.85,16.65
2012-07-25,14.75,16.55
2012-07-26,15.0,16.6
2012-07-27,15.35,17.2
2012-07-28,15.45,16.85
2012-07-29,15.15,16.78333333333333
2012-07-30,14.85,16.71666666666667
2012-07-31,14.55,16.65
2012-08-01,15.5,16.45
2012-08-02,15.716666666666667,16.333333333333332
2012-08-03,15.933333333333332,16.21666666666667
2012-08-04,16.15,16.1
2012-08-05,16.0,16.516666666666666
2012-08-06,15.85,16.933333333333334
2012-08-07,15.7,17.35
2012-08-08,15.7,16.65
2012-08-09,15.683333333333332,16.57777777777778
2012-08-10,15.666666666666668,16.505555555555556
2012-08-11,15.65,16.433333333333334
2012-08-12,15.633333333333333,16.36111111111111
2012-08-13,15.616666666666667,16.288888888888884
2012-08-14,15.6,16.21666666666667
2012-08-15,15.583333333333332,16.144444444444446
2012-08-16,15.566666666666668,16.072222222222226
2012-08-17,15.55,16.0
2012-08-18,15.5,16.35
2012-08-19,15.575,16.425
2012-08-20,15.65,16.5
2012-08-21,15.725,16.575
2012-08-22,15.8,16.65
2012-08-23,16.2,16.9
2012-08-24,16.05,17.25
2012-08-25,16.35,16.85
2012-08-26,16.366666666666667,16.916666666666668
2012-08-27,16.383333333333333,16.983333333333334
2012-08-28,16.4,17.05
2012-08-29,16.85,17.4
2012-08-30,16.25,17.15
2012-08-31,16.35,17.9
2012-09-01,16.7,16.85
2012-09-02,16.55,16.9
2012-09-03,16.4,16.95
2012-09-04,16.25,17.0
2012-09-05,16.35,17.35
2012-09-06,16.1,16.85
2012-09-07,15.95,17.8
2012-09-08,15.85,16.75
2012-09-09,16.03333333333333,16.883333333333333
2012-09-10,16.21666666666667,17.016666666666666
2012-09-11,16.4,17.15
2012-09-12,16.35,17.0
2012-09-13,15.45,16.65
2012-09-14,15.65,16.7
2012-09-15,15.35,16.05
2012-09-16,15.583333333333332,15.966666666666667
2012-09-17,15.816666666666668,15.883333333333333
2012-09-18,16.05,15.8
2012-09-19,15.883333333333333,16.65
2012-09-20,15.716666666666667,17.5
2012-09-21,15.55,18.35
2012-09-22,15.7,17.1
2012-09-23,15.783333333333333,17.0
2012-09-24,15.866666666666667,16.9
2012-09-25,15.95,16.8
2012-09-26,15.3,16.7
2012-09-27,15.85,17.3
2012-09-28,16.25,16.75
2012-09-29,15.85,15.65
2012-09-30,15.91,15.78
2012-10-01,15.97,15.91
2012-10-02,16.03,16.04
2012-10-03,16.09,16.17
2012-10-04,16.15,16.3
2012-10-05,17.15,16.45
2012-10-06,16.0,15.6
2012-10-07,16.083333333333332,15.916666666666668
2012-10-08,16.166666666666668,16.233333333333334
2012-10-09,16.25,16.55
2012-10-10,16.3,17.45
2012-10-11,15.7,17.8
2012-10-12,17.3,17.2
2012-10-13,15.6,19.0
2012-10-14,15.933333333333332,18.633333333333333
2012-10-15,16.266666666666666,18.266666666666666
2012-10-16,16.6,17.9
2012-10-17,16.3,18.2
2012-10-18,16.75,16.65
2012-10-19,16.75,16.6
2012-10-20,16.0,17.5
2012-10-21,16.266666666666666,17.35
2012-10-22,16.53333333333333,17.2
2012-10-23,16.8,17.05
2012-10-24,16.78333333333333,17.183333333333334
2012-10-25,16.766666666666666,17.316666666666666
2012-10-26,16.75,17.45
2012-10-27,16.5625,17.4875
2012-10-28,16.375,17.525
2012-10-29,16.1875,17.5625
2012-10-30,16.0,17.6
2012-10-31,16.0,17.666666666666668
2012-11-01,16.0,17.733333333333334
2012-11-02,16.0,17.8
2012-11-03,17.0,17.5
2012-11-04,17.016666666666666,17.666666666666668
2012-11-05,17.03333333333333,17.833333333333332
2012-11-06,17.05,18.0
2012-11-07,17.0,18.1
2012-11-08,17.0,18.6
2012-11-09,17.6,18.1
2012-11-10,17.65,18.75
2012-11-11,17.62,18.655
2012-11-12,17.59,18.56
2012-11-13,17.56,18.465
2012-11-14,17.53,18.37
2012-11-15,17.5,18.275
2012-11-16,17.47,18.18
2012-11-17,17.44,18.085
2012-11-18,17.41,17.99
2012-11-19,17.38,17.895
2012-11-20,17.35,17.8
2012-11-21,17.65,18.2
2012-11-22,17.65,18.05
2012-11-23,18.0,18.8
2012-11-24,17.8,18.0
2012-11-25,17.866666666666667,18.3
2012-11-26,17.933333333333334,18.6
2012-11-27,18.0,18.9
2012-11-28,17.6,18.4
2012-11-29,17.7,19.0
2012-11-30,17.85,17.5
2012-12-01,17.7,18.65
2012-12-02,17.683333333333334,18.683333333333334
2012-12-03,17.666666666666668,18.716666666666672
2012-12-04,17.65,18.75
2012-12-05,17.5,18.35
2012-12-06,16.5,17.25
2012-12-07,16.75,17.75
2012-12-08,17.25,17.25
2012-12-09,17.21666666666667,17.5
2012-12-10,17.183333333333334,17.75
2012-12-11,17.15,18.0
2012-12-12,17.35,18.05
2012-12-13,17.4,18.066666666666666
2012-12-14,17.45,18.08333333333333
2012-12-15,17.5,18.1
2012-12-16,17.266666666666666,18.166666666666668
2012-12-17,17.03333333333333,18.233333333333334
2012-12-18,16.8,18.3
2012-12-19,17.5,18.4
2012-12-20,17.5,18.8
2012-12-21,17.75,19.0
2012-12-22,17.5,18.55
2012-12-23,17.2,18.566666666666666
2012-12-24,16.9,18.58333333333333
2012-12-25,16.6,18.6
2012-12-26,17.6,18.8
2012-12-27,17.15,18.75
2012-12-28,17.5,18.55
2012-12-29,17.55,18.5
2012-12-30,17.53333333333333,18.6
2012-12-31,17.516666666666666,18.7
2013-01-01,17.5,18.8
2013-01-02,17.5,18.4
2013-01-03,17.4,18.5
2013-01-04,17.6,18.35
2013-01-05,16.9,18.45
2013-01-06,17.066666666666666,18.533333333333328
2013-01-07,17.233333333333334,18.616666666666667
2013-01-08,17.4,18.7
2013-01-09,17.15,18.75
2013-01-10,17.35,18.45
2013-01-11,17.2,17.75
2013-01-12,17.5,18.2
2013-01-13,17.4,18.35
2013-01-14,17.3,18.5
2013-01-15,17.2,18.65
2013-01-16,17.1,18.8
2013-01-17,17.35,18.7
2013-01-18,17.3,18.4
2013-01-19,17.3,18.95
2013-01-20,17.366666666666667,18.966666666666672
2013-01-21,17.433333333333334,18.983333333333334
2013-01-22,17.5,19.0
2013-01-23,17.5,18.7
2013-01-24,17.5,19.0
2013-01-25,17.63,18.82
2013-01-26,17.76,18.64
2013-01-27,17.89,18.46
2013-01-28,18.02,18.28
2013-01-29,18.15,18.1
2013-01-30,17.75,18.6
2013-01-31,17.65,18.8
2013-02-01,17.5,19.15
2013-02-02,17.5,19.0
2013-02-03,17.583333333333332,18.85
2013-02-04,17.666666666666668,18.7
2013-02-05,17.75,18.55
2013-02-06,17.25,18.3
2013-02-07,17.6,18.55
2013-02-08,17.45,18.55
2013-02-09,17.5,18.75
2013-02-10,17.566666666666666,18.85
2013-02-11,17.633333333333333,18.95
2013-02-12,17.7,19.05
2013-02-13,17.55,18.65
2013-02-14,17.65,20.05
2013-02-15,17.65,19.35
2013-02-16,17.3,18.0
2013-02-17,17.4,18.33333333333333
2013-02-18,17.5,18.666666666666668
2013-02-19,17.6,19.0
2013-02-20,17.25,18.5
2013-02-21,17.75,18.5
2013-02-22,17.5,18.8
2013-02-23,17.75,19.0
2013-02-24,17.833333333333332,18.933333333333334
2013-02-25,17.916666666666668,18.866666666666667
2013-02-26,18.0,18.8
2013-02-27,18.2,19.25
2013-02-28,18.05,19.1
2013-03-01,18.25,19.4
2013-03-02,17.75,19.7
2013-03-03,17.65,19.0
2013-03-04,17.55,18.3
2013-03-05,17.45,17.6
2013-03-06,17.6,18.65
2013-03-07,17.65,19.05
2013-03-08,17.65,18.65
2013-03-09,17.75,18.6
2013-03-10,17.75,18.75
2013-03-11,17.75,18.9
2013-03-12,17.75,19.05
2013-03-13,17.7,19.35
2013-03-14,17.75,19.75
2013-03-15,18.05,19.75
2013-03-16,17.4,20.05
2013-03-17,17.516666666666666,19.85
2013-03-18,17.633333333333333,19.65
2013-03-19,17.75,19.45
2013-03-20,17.65,18.7
2013-03-21,17.5,19.5
2013-03-22,17.9,22.25
2013-03-23,18.5,21.25
2013-03-24,18.5,21.18823529411765
2013-03-25,18.5,21.126470588235293
2013-03-26,18.5,21.064705882352946
2013-03-27,18.5,21.00294117647059
2013-03-28,18.5,20.94117647058824
2013-03-29,18.5,20.87941176470588
2013-03-30,18.5,20.81764705882353
2013-03-31,18.5,20.75588235294117
2013-04-01,18.5,20.694117647058825
2013-04-02,18.5,20.63235294117647
2013-04-03,18.75,20.57058823529412
2013-04-04,18.05,20.508823529411767
2013-04-05,18.65,20.447058823529414
2013-04-06,18.8,20.38529411764706
2013-04-07,18.766666666666666,20.323529411764707
2013-04-08,18.733333333333334,20.261764705882356
2013-04-09,18.7,20.2
2013-04-10,18.1,20.0
2013-04-11,18.25,21.05
2013-04-12,18.9,21.045833333333334
2013-04-13,18.25,21.041666666666664
2013-04-14,18.33333333333333,21.0375
2013-04-15,18.416666666666668,21.03333333333333
2013-04-16,18.5,21.029166666666665
2013-04-17,18.55,21.025
2013-04-18,18.75,21.020833333333336
2013-04-19,18.74,21.016666666666666
2013-04-20,18.73,21.0125
2013-04-21,18.72,21.008333333333336
2013-04-22,18.71,21.004166666666666
2013-04-23,18.7,21.0
2013-04-24,18.65,20.833333333333336
2013-04-25,18.8,20.666666666666664
2013-04-26,18.95,20.5
2013-04-27,19.1,20.33333333333333
2013-04-28,18.466666666666672,20.166666666666668
2013-04-29,17.833333333333332,20.0
2013-04-30,17.2,19.83333333333333
2013-05-01,17.0,19.666666666666668
2013-05-02,18.65,19.5
2013-05-03,19.05,23.65
2013-05-04,19.7,18.65
2013-05-05,19.83333333333333,19.166666666666668
2013-05-06,19.966666666666672,19.683333333333334
2013-05-07,20.1,20.2
2013-05-08,18.8,20.25
2013-05-09,19.5,20.75
2013-05-10,18.75,20.5
2013-05-11,19.05,21.7
2013-05-12,18.883333333333333,21.15
2013-05-13,18.716666666666672,20.6
2013-05-14,18.55,20.05
2013-05-15,18.6,20.1
2013-05-16,19.15,20.5
2013-05-17,19.45,19.35
2013-05-18,19.5,19.5
2013-05-19,19.516666666666666,19.625
2013-05-20,19.533333333333328,19.75
2013-05-21,19.55,19.875
2013-05-22,19.25,20.0
2013-05-23,19.133333333333333,20.125
2013-05-24,19.016666666666666,20.25
2013-05-25,18.9,20.375
2013-05-26,18.783333333333328,20.5
2013-05-27,18.666666666666668,20.625
2013-05-28,18.55,20.75
2013-05-29,18.75,20.0
2013-05-30,20.5,21.0
2013-05-31,18.8,21.675
2013-06-01,18.75,22.35
2013-06-02,18.8,23.025
2013-06-03,18.85,23.7
2013-06-04,18.9,24.375
2013-06-05,19.05,25.05
2013-06-06,18.75,20.45
2013-06-07,18.25,18.85
2013-06-08,18.75,18.9875
2013-06-09,18.79,19.125
2013-06-10,18.83,19.2625
2013-06-11,18.87,19.4
2013-06-12,18.91,19.5375
2013-06-13,18.95,19.675
2013-06-14,20.05,19.8125
2013-06-15,19.3,19.95
2013-06-16,18.866666666666667,19.6125
2013-06-17,18.433333333333334,19.275
2013-06-18,18.0,18.9375
2013-06-19,19.55,18.6
2013-06-20,19.3,18.5
2013-06-21,19.05,18.4
2013-06-22,18.8,18.3
2013-06-23,19.366666666666667,18.383333333333333
2013-06-24,19.933333333333334,18.466666666666672
2013-06-25,20.5,18.55
2013-06-26,18.6,17.8
2013-06-27,19.0,19.75
2013-06-28,17.95,19.65
2013-06-29,18.55,18.3
2013-06-30,18.58333333333333,18.316666666666666
2013-07-01,18.616666666666667,18.33333333333333
2013-07-02,18.65,18.35
2013-07-03,18.9,18.3
2013-07-04,18.8,18.3
2013-07-05,18.75,18.8
2013-07-06,19.0,19.1
2013-07-07,19.08333333333333,19.233333333333334
2013-07-08,19.166666666666668,19.366666666666667
2013-07-09,19.25,19.5
2013-07-10,18.75,18.8
2013-07-11,16.8,22.05
2013-07-12,19.15,18.75
2013-07-13,17.55,19.3
2013-07-14,17.933333333333334,19.883333333333333
2013-07-15,18.316666666666666,20.466666666666672
2013-07-16,18.7,21.05
2013-07-17,18.2,20.55
2013-07-18,19.5,20.5
2013-07-19,19.35,17.95
2013-07-20,19.0,19.15
2013-07-21,19.133333333333333,19.1
2013-07-22,19.266666666666666,19.05
2013-07-23,19.4,19.0
2013-07-24,19.4,21.25
2013-07-25,17.15,20.25
2013-07-26,17.85,19.25
2013-07-27,18.65,18.25
2013-07-28,17.783333333333328,17.966666666666672
2013-07-29,16.916666666666668,17.683333333333334
2013-07-30,16.05,17.4
2013-07-31,16.6,16.7
2013-08-01,16.8,17.75
2013-08-02,18.45,18.5
2013-08-03,18.55,18.55
2013-08-04,18.383333333333333,18.41
2013-08-05,18.216666666666672,18.27
2013-08-06,18.05,18.13
2013-08-07,18.0,17.99
2013-08-08,17.2,17.85
2013-08-09,17.46,18.03
2013-08-10,17.72,18.21
2013-08-11,17.98,18.39
2013-08-12,18.24,18.57
2013-08-13,18.5,18.75
2013-08-14,18.25,17.55
2013-08-15,18.416666666666668,18.066666666666666
2013-08-16,18.58333333333333,18.58333333333333
2013-08-17,18.75,19.1
2013-08-18,18.65,19.0
2013-08-19,18.55,18.9
2013-08-20,18.45,18.8
2013-08-21,18.35,18.7
2013-08-22,18.25,18.6
2013-08-23,18.35,18.6
2013-08-24,18.0,16.7
2013-08-25,18.065,16.78
2013-08-26,18.13,16.86
2013-08-27,18.195,16.94
2013-08-28,18.26,17.02
2013-08-29,18.325,17.1
2013-08-30,18.39,17.18
2013-08-31,18.455,17.26
2013-09-01,18.52,17.34
2013-09-02,18.585,17.42
2013-09-03,18.65,17.5
2013-09-04,18.25,18.25
2013-09-05,18.4,18.533333333333328
2013-09-06,18.55,18.816666666666666
2013-09-07,18.7,19.1
2013-09-08,18.6,18.9
2013-09-09,18.5,18.7
2013-09-10,18.4,18.5
2013-09-11,18.3,18.3
2013-09-12,17.8,15.9
2013-09-13,17.25,18.8
2013-09-14,19.05,17.5
2013-09-15,18.533333333333328,17.583333333333332
2013-09-16,18.016666666666666,17.666666666666668
2013-09-17,17.5,17.75
2013-09-18,17.6,16.15
2013-09-19,19.0,18.8
2013-09-20,19.4,15.9
2013-09-21,19.15,19.0
2013-09-22,19.116666666666667,19.08333333333333
2013-09-23,19.08333333333333,19.166666666666668
2013-09-24,19.05,19.25
2013-09-25,17.4,18.75
2013-09-26,18.016666666666666,19.166666666666668
2013-09-27,18.633333333333333,19.58333333333333
2013-09-28,19.25,20.0
2013-09-29,19.433333333333334,19.58333333333333
2013-09-30,19.616666666666667,19.166666666666668
2013-10-01,19.8,18.75
2013-10-02,19.1,18.716666666666672
2013-10-03,18.4,18.683333333333334
2013-10-04,17.7,18.65
2013-10-05,17.4,19.0
2013-10-06,17.75,19.633333333333333
2013-10-07,18.1,20.266666666666666
2013-10-08,18.45,20.9
2013-10-09,19.0,19.5
2013-10-10,17.75,20.35
2013-10-11,17.1,18.45
2013-10-12,18.3,18.85
2013-10-13,19.016666666666666,19.05
2013-10-14,19.733333333333334,19.25
2013-10-15,20.45,19.45
2013-10-16,20.366666666666667,19.483333333333334
2013-10-17,20.283333333333328,19.516666666666666
2013-10-18,20.2,19.55
2013-10-19,20.25,19.85
2013-10-20,19.8,19.633333333333333
2013-10-21,19.35,19.416666666666668
2013-10-22,18.9,19.2
2013-10-23,18.9,19.4
2013-10-24,19.25,25.0
2013-10-25,19.8,21.9
2013-10-26,19.3,23.6
2013-10-27,19.4,23.133333333333336
2013-10-28,19.5,22.666666666666664
2013-10-29,19.6,22.2
2013-10-30,20.0,18.5
2013-10-31,19.977777777777774,19.05
2013-11-01,19.95555555555556,19.6
2013-11-02,19.933333333333334,20.15
2013-11-03,19.911111111111108,20.7
2013-11-04,19.88888888888889,21.25
2013-11-05,19.866666666666667,21.8
2013-11-06,19.844444444444445,22.35
2013-11-07,19.822222222222226,22.9
2013-11-08,19.8,23.45
2013-11-09,20.0,22.3
2013-11-10,19.83333333333333,21.616666666666664
2013-11-11,19.666666666666668,20.933333333333334
2013-11-12,19.5,20.25
2013-11-13,18.5,19.15
2013-11-14,19.0,21.1
2013-11-15,18.97,21.3
2013-11-16,18.94,21.5
2013-11-17,18.91,21.7
2013-11-18,18.88,21.9
2013-11-19,18.85,22.1
2013-11-20,19.5,20.75
2013-11-21,19.25,20.25
2013-11-22,19.55,21.7
2013-11-23,19.25,21.05
2013-11-24,19.25,21.05
2013-11-25,19.25,21.05
2013-11-26,19.25,21.05
2013-11-27,19.7,20.05
2013-11-28,19.35,19.3
2013-11-29,19.65,18.55
2013-11-30,18.55,20.0
2013-12-01,18.783333333333328,19.916666666666668
2013-12-02,19.016666666666666,19.83333333333333
2013-12-03,19.25,19.75
2013-12-04,19.1,20.2
2013-12-05,19.35,18.65
2013-12-06,18.55,20.1
2013-12-07,19.35,19.95
2013-12-08,19.266666666666666,20.233333333333334
2013-12-09,19.183333333333334,20.516666666666666
2013-12-10,19.1,20.8
2013-12-11,19.1,19.65
2013-12-12,18.55,20.9
2013-12-13,19.3,20.85
2013-12-14,18.85,20.65
2013-12-15,18.533333333333328,20.4
2013-12-16,18.216666666666672,20.15
2013-12-17,17.9,19.9
2013-12-18,18.35,20.6
2013-12-19,18.2,20.75
2013-12-20,18.5,19.45
2013-12-21,19.1,21.35
2013-12-22,19.08333333333333,20.633333333333336
2013-12-23,19.066666666666666,19.916666666666668
2013-12-24,19.05,19.2
2013-12-25,19.15,20.55
2013-12-26,18.55,20.2
2013-12-27,18.9,20.85
2013-12-28,19.05,20.575
2013-12-29,19.133333333333333,20.3
2013-12-30,19.216666666666672,20.025
2013-12-31,19.3,19.75
2014-01-01,19.9,21.0
2014-01-02,20.0,21.0
2014-01-03,20.4,20.85
2014-01-04,19.75,21.2
2014-01-05,19.83333333333333,21.183333333333334
2014-01-06,19.916666666666668,21.166666666666664
2014-01-07,20.0,21.15
2014-01-08,19.45,21.45
2014-01-09,18.9,21.15
2014-01-10,19.95,21.2
2014-01-11,19.85,20.45
2014-01-12,20.04,20.53
2014-01-13,20.23,20.61
2014-01-14,20.42,20.69
2014-01-15,20.61,20.77
2014-01-16,20.8,20.85
2014-01-17,20.4,21.25
2014-01-18,20.5,18.5
2014-01-19,20.05,19.45
2014-01-20,19.6,20.4
2014-01-21,19.15,21.35
2014-01-22,21.25,19.0
2014-01-23,20.5,21.3
2014-01-24,20.25,20.8
2014-01-25,21.0,21.55
2014-01-26,20.866666666666664,20.416666666666668
2014-01-27,20.733333333333334,19.283333333333328
2014-01-28,20.6,18.15
2014-01-29,20.5,21.0
2014-01-30,20.35,20.95
2014-01-31,20.85,19.1
2014-02-01,20.15,20.95
2014-02-02,20.216666666666672,20.633333333333336
2014-02-03,20.283333333333328,20.316666666666666
2014-02-04,20.35,20.0
2014-02-05,20.35,19.8
2014-02-06,20.6,20.75
2014-02-07,19.5,18.8
2014-02-08,19.45,20.8
2014-02-09,19.383333333333333,20.616666666666664
2014-02-10,19.316666666666666,20.433333333333334
2014-02-11,19.25,20.25
2014-02-12,19.0,20.85
2014-02-13,19.1,19.2
2014-02-14,18.5,19.05
2014-02-15,18.5,19.35
2014-02-16,18.233333333333334,18.716666666666672
2014-02-17,17.966666666666672,18.08333333333333
2014-02-18,17.7,17.45
2014-02-19,16.85,17.4
2014-02-20,16.45,17.0
2014-02-21,17.15,18.0
2014-02-22,17.1,17.0
2014-02-23,16.4,16.666666666666668
2014-02-24,15.7,16.333333333333332
2014-02-25,15.0,16.0
2014-02-26,15.55,15.6
2014-02-27,15.616666666666667,16.03333333333333
2014-02-28,15.683333333333332,16.46666666666667
2014-03-01,15.75,16.9
2014-03-02,15.883333333333333,16.96666666666667
2014-03-03,16.016666666666666,17.03333333333333
2014-03-04,16.15,17.1
2014-03-05,16.2,17.25
2014-03-06,16.7,16.15
2014-03-07,16.8,17.0
2014-03-08,17.35,18.3
2014-03-09,17.3,18.516666666666666
2014-03-10,17.25,18.733333333333334
2014-03-11,17.2,18.95
2014-03-12,17.75,18.65
2014-03-13,16.65,18.75
2014-03-14,17.0,19.25
2014-03-15,17.7,18.05
2014-03-16,17.7125,18.2625
2014-03-17,17.725,18.475
2014-03-18,17.7375,18.6875
2014-03-19,17.75,18.9
2014-03-20,18.2,19.25
2014-03-21,17.55,19.25
2014-03-22,17.95,18.75
2014-03-23,17.866666666666667,19.183333333333334
2014-03-24,17.783333333333328,19.616666666666667
2014-03-25,17.7,20.05
2014-03-26,17.7,20.05
2014-03-27,17.7,20.05
2014-03-28,17.7,20.05
2014-03-29,17.7,20.05
2014-03-30,17.7,20.05
2014-03-31,17.7,20.05
